{"fields": [{"index": "B", "name": "d_t_titer_adjusted", "number": ".01", "flags": "RD", "location": "0;1", "type": "1", "description": {"datatype": "http://www.w3.org/1999/02/22-rdf-syntax-ns#XMLLiteral", "fmType": "5", "fmId": "-1", "value": "This field documents the date/time when the rate of intravenous infusion\ris adjusted.", "type": "typed-literal"}}, {"description": {"datatype": "http://www.w3.org/1999/02/22-rdf-syntax-ns#XMLLiteral", "fmType": "5", "fmId": "-1", "value": "This field contains the rate at which the infusion is to take place.\rExample:  125 = 125 ml/hr.", "type": "typed-literal"}, "number": "1", "flags": "NJ3,0", "location": "0;2", "type": "2", "name": "rate"}, {"name": "adjusted_by", "description": {"datatype": "http://www.w3.org/1999/02/22-rdf-syntax-ns#XMLLiteral", "fmType": "5", "fmId": "-1", "value": "This field contains the name of the user who enters this record.\rPointer to the New Person file ^VA(200).", "type": "typed-literal"}, "number": "2", "flags": "P200'", "details": "200", "type": "7", "location": "0;3"}, {"name": "hospital_location", "number": "3", "flags": "R*P44'", "details": "44", "type": "7", "location": "0;4"}, {"description": {"datatype": "http://www.w3.org/1999/02/22-rdf-syntax-ns#XMLLiteral", "fmType": "5", "fmId": "-1", "value": "This field contains any additional comments associated with this infusion\rrate adjustment.", "type": "typed-literal"}, "number": "4", "flags": "F", "location": "0;5", "type": "4", "name": "comment"}], "fmql": {"TYPELABEL": "D/T TITER ADJUSTED", "TYPE": "126_316", "OP": "DESCRIBE TYPE"}, "name": "D/T TITER ADJUSTED", "parent": "126.03", "number": "126.316"}