{"count": "0", "description": {"datatype": "http://www.w3.org/1999/02/22-rdf-syntax-ns#XMLLiteral", "fmType": "5", "fmId": "-1", "value": "This file contains menus of food items, classified by day and meal,\rwhich are saved for nutrient analysis.", "type": "typed-literal"}, "fields": [{"index": "B", "name": "name", "number": ".01", "flags": "RF", "location": "0;1", "type": "4", "description": {"datatype": "http://www.w3.org/1999/02/22-rdf-syntax-ns#XMLLiteral", "fmType": "5", "fmId": "-1", "value": "This field contains the name of a user menu. This is a list of\rfood items, and amounts, that a user wishes to have analyzed\rfor nutrient content.", "type": "typed-literal"}}, {"name": "units", "description": {"datatype": "http://www.w3.org/1999/02/22-rdf-syntax-ns#XMLLiteral", "fmType": "5", "fmId": "-1", "value": "This field indicates whether common units are used in specifying\rquantities or whether grams are used throughout.", "type": "typed-literal"}, "number": ".6", "flags": "RS", "details": "C:COMMON;G:GRAMS;", "type": "3", "location": "0;2"}, {"description": {"datatype": "http://www.w3.org/1999/02/22-rdf-syntax-ns#XMLLiteral", "fmType": "5", "fmId": "-1", "value": "This field indicates the date on which this user menu was first\rcreated.", "type": "typed-literal"}, "number": ".7", "flags": "D", "location": "0;3", "type": "1", "name": "date_entered"}, {"name": "user", "description": {"datatype": "http://www.w3.org/1999/02/22-rdf-syntax-ns#XMLLiteral", "fmType": "5", "fmId": "-1", "value": "This field indicates the person who first created the user menu.", "type": "typed-literal"}, "number": ".8", "flags": "P200'", "details": "200", "type": "7", "location": "0;4"}, {"name": "day_number", "description": {"datatype": "http://www.w3.org/1999/02/22-rdf-syntax-ns#XMLLiteral", "fmType": "5", "fmId": "-1", "value": "This field contains the sequence number, or day number, of the\rdays represented by this menu. It is normally 1 to the maximum\rnumber of used entered.", "type": "typed-literal"}, "number": "1", "flags": "112.61", "details": "112.61", "type": "9", "location": "1;0"}, {"name": "recipe_menu", "description": {"datatype": "http://www.w3.org/1999/02/22-rdf-syntax-ns#XMLLiteral", "fmType": "5", "fmId": "-1", "value": "This field, if answered yes, means this user menu is a recipe\rmenu else, if answered no, means it is not.", "type": "typed-literal"}, "number": "2", "flags": "S", "details": "1:YES;0:NO;", "type": "3", "location": "0;5"}], "fmql": {"TYPELABEL": "USER MENU", "TYPE": "112_6", "OP": "DESCRIBE TYPE"}, "number": "112.6", "location": "^FHUM(", "name": "USER MENU"}