{"fields": [{"index": "B", "name": "singular_production_diets", "description": {"datatype": "http://www.w3.org/1999/02/22-rdf-syntax-ns#XMLLiteral", "fmType": "5", "fmId": "-1", "value": "This is a production diet that is to be contained in the combo\rproduction diet. It itself must not also be a combo production diet.", "type": "typed-literal"}, "number": ".01", "flags": "M*P116.2'", "location": "0;1", "type": "7", "details": "116.2"}], "fmql": {"TYPELABEL": "SINGULAR PRODUCTION DIETS", "TYPE": "116_211", "OP": "DESCRIBE TYPE"}, "name": "SINGULAR PRODUCTION DIETS", "parent": "116.2", "number": "116.211"}