{"count": "0", "description": {"datatype": "http://www.w3.org/1999/02/22-rdf-syntax-ns#XMLLiteral", "fmType": "5", "fmId": "-1", "value": "This file contains descriptions of IV infusion site conditions.  The ADP\rcoordinator is allowed to enter/edit the file entries.", "type": "typed-literal"}, "fields": [{"index": "B", "name": "description", "number": ".01", "flags": "RF", "location": "0;1", "type": "4", "description": {"datatype": "http://www.w3.org/1999/02/22-rdf-syntax-ns#XMLLiteral", "fmType": "5", "fmId": "-1", "value": "This field contains the descriptions of the IV infusion site.  The user is\rallowed to select a number or a combination of numbers from this file to \rdescribe the site condition.  The software then transforms the number(s)\rinto text.", "type": "typed-literal"}}], "fmql": {"TYPELABEL": "GMRY IV SITE DESCRIPTION", "TYPE": "126_72", "OP": "DESCRIBE TYPE"}, "number": "126.72", "location": "^GMRD(126.72,", "name": "GMRY IV SITE DESCRIPTION"}