{"fields": [{"index": "B", "name": "manager", "number": ".01", "flags": "NJ9,0", "location": "0;1", "type": "2", "description": {"datatype": "http://www.w3.org/1999/02/22-rdf-syntax-ns#XMLLiteral", "fmType": "5", "fmId": "-1", "value": "To store info about each Task Manager running.", "type": "typed-literal"}}, {"description": {"datatype": "http://www.w3.org/1999/02/22-rdf-syntax-ns#XMLLiteral", "fmType": "5", "fmId": "-1", "value": "This is the short Status.", "type": "typed-literal"}, "number": "2", "flags": "FO", "location": "0;2", "type": "4", "name": "datetime"}, {"description": {"datatype": "http://www.w3.org/1999/02/22-rdf-syntax-ns#XMLLiteral", "fmType": "5", "fmId": "-1", "value": "The short Status word.", "type": "typed-literal"}, "number": "3", "flags": "F", "location": "0;3", "type": "4", "name": "status"}, {"description": {"datatype": "http://www.w3.org/1999/02/22-rdf-syntax-ns#XMLLiteral", "fmType": "5", "fmId": "-1", "value": "The Box:Volume pair name.", "type": "typed-literal"}, "number": "4", "flags": "F", "location": "0;4", "type": "4", "name": "pair"}, {"description": {"datatype": "http://www.w3.org/1999/02/22-rdf-syntax-ns#XMLLiteral", "fmType": "5", "fmId": "-1", "value": "This is the Long Status message.", "type": "typed-literal"}, "number": "5", "flags": "F", "location": "0;5", "type": "4", "name": "long_status"}], "fmql": {"TYPELABEL": "MANAGERS", "TYPE": "14_72101", "OP": "DESCRIBE TYPE"}, "name": "MANAGERS", "parent": "14.72", "number": "14.72101"}