{"fields": [{"index": "B", "name": "associated_results", "description": {"datatype": "http://www.w3.org/1999/02/22-rdf-syntax-ns#XMLLiteral", "fmType": "5", "fmId": "-1", "value": "This multiple allows one or more results to be associated with a consult.\r \rThis field invokes IA #147", "type": "typed-literal"}, "number": ".01", "flags": "MV", "location": "0;1", "type": "8", "details": "8925;691;691.1;691.5;691.6;691.7;691.8;694;698;698.1;698.2;698.3;699;699.5;700;701"}], "fmql": {"TYPELABEL": "ASSOCIATED RESULTS", "TYPE": "123_03", "OP": "DESCRIBE TYPE"}, "name": "ASSOCIATED RESULTS", "parent": "123", "number": "123.03"}