{"fields": [{"description": {"datatype": "http://www.w3.org/1999/02/22-rdf-syntax-ns#XMLLiteral", "fmType": "5", "fmId": "-1", "value": "This field holds the IEN of the associated diagnosis.  It is used to \rstore the Procedure/Diagnosis association data needed to create a clean \rclaim.  This field can only be changed via the Surgery menu.", "type": "typed-literal"}, "number": ".01", "flags": "NJ5,0", "location": "0;1", "type": "2", "name": "prin_assoc_diagnosis"}], "fmql": {"TYPELABEL": "PRIN ASSOC DIAGNOSIS", "TYPE": "130_275", "OP": "DESCRIBE TYPE"}, "name": "PRIN ASSOC DIAGNOSIS", "parent": "130", "number": "130.275"}