{"count": "0", "description": {"datatype": "http://www.w3.org/1999/02/22-rdf-syntax-ns#XMLLiteral", "fmType": "5", "fmId": "-1", "value": "This file contains the various positions that a patient may be in\rduring an operation.  It is pointed to by the SURGERY POSITION field \rin the Surgery file.  The file is distributed with pre-supplied entries,\rhowever sites may wish to make additions to it.", "type": "typed-literal"}, "fields": [{"index": "B", "name": "name", "number": ".01", "flags": "RF", "location": "0;1", "type": "4", "description": {"datatype": "http://www.w3.org/1999/02/22-rdf-syntax-ns#XMLLiteral", "fmType": "5", "fmId": "-1", "value": "This is the name of the Surgery Position.\r ", "type": "typed-literal"}}, {"description": {"datatype": "http://www.w3.org/1999/02/22-rdf-syntax-ns#XMLLiteral", "fmType": "5", "fmId": "-1", "value": "This field has been marked for deletion in the next release of the\rSurgery software.\r ", "type": "typed-literal"}, "number": "4", "flags": "F", "location": "0;2", "type": "4", "name": "major_position"}, {"description": {"datatype": "http://www.w3.org/1999/02/22-rdf-syntax-ns#XMLLiteral", "fmType": "5", "fmId": "-1", "value": "This is the code corresponding to the name of the Surgery Position.\r ", "type": "typed-literal"}, "number": "5", "flags": "F", "location": "0;3", "type": "4", "name": "code"}, {"name": "inactive", "description": {"datatype": "http://www.w3.org/1999/02/22-rdf-syntax-ns#XMLLiteral", "fmType": "5", "fmId": "-1", "value": "Enter 'YES' to inactivate this file entry and to prevent its selection\rby Surgery users.", "type": "typed-literal"}, "number": "10", "flags": "S", "details": "1:YES;", "type": "3", "location": "0;4"}], "fmql": {"TYPELABEL": "SURGERY POSITION", "TYPE": "132", "OP": "DESCRIBE TYPE"}, "number": "132", "location": "^SRO(132,", "name": "SURGERY POSITION"}