{"fields": [{"index": "B", "name": "recipe", "description": {"datatype": "http://www.w3.org/1999/02/22-rdf-syntax-ns#XMLLiteral", "fmType": "5", "fmId": "-1", "value": "This is the recipe (File 114) which will be served.", "type": "typed-literal"}, "number": ".01", "flags": "MP114'", "location": "0;1", "type": "7", "details": "114"}, {"description": {"datatype": "http://www.w3.org/1999/02/22-rdf-syntax-ns#XMLLiteral", "fmType": "5", "fmId": "-1", "value": "This is a list of the production diets which will receive the\rrecipe. It is a syntactically complex field containing the\rproduction diet code and any specialized tray and cafeteria %'s\rassociated with that production diet.", "type": "typed-literal"}, "number": "1", "flags": "RFX", "location": "0;2", "type": "4", "name": "production_diets"}, {"name": "popularity", "description": {"datatype": "http://www.w3.org/1999/02/22-rdf-syntax-ns#XMLLiteral", "fmType": "5", "fmId": "-1", "value": "This mutiple contains popularity (or selection percentages) for\rtray and cafeteria for each Service Point.", "type": "typed-literal"}, "number": "2", "flags": "116.112P", "details": "116.112", "type": "9", "location": "D;0"}, {"name": "category", "description": {"datatype": "http://www.w3.org/1999/02/22-rdf-syntax-ns#XMLLiteral", "fmType": "5", "fmId": "-1", "value": "This is the Recipe Category (File 114.1) for this recipe in this meal.", "type": "typed-literal"}, "number": "3", "flags": "RP114.1'", "details": "114.1", "type": "7", "location": "0;3"}, {"name": "recipe_category", "description": {"datatype": "http://www.w3.org/1999/02/22-rdf-syntax-ns#XMLLiteral", "fmType": "5", "fmId": "-1", "value": "This is a list of different recipe categories which may\rcharacterize this recipe.  The multiple also contains the\rproduction diets to which this category applies.", "type": "typed-literal"}, "number": "10", "flags": "116.12PA", "details": "116.12", "type": "9", "location": "R;0"}], "fmql": {"TYPELABEL": "RECIPE", "TYPE": "116_11", "OP": "DESCRIBE TYPE"}, "name": "RECIPE", "parent": "116.1", "number": "116.11"}