{"fields": [{"index": "B", "name": "effective_date_time", "number": ".01", "flags": "RDI", "location": "0;1", "type": "1", "description": {"datatype": "http://www.w3.org/1999/02/22-rdf-syntax-ns#XMLLiteral", "fmType": "5", "fmId": "-1", "value": "This is the date/time when the status of the reference term was\restablished", "type": "typed-literal"}}, {"name": "status", "description": {"datatype": "http://www.w3.org/1999/02/22-rdf-syntax-ns#XMLLiteral", "fmType": "5", "fmId": "-1", "value": "The status of a reference term is either 'ACTIVE' or 'INACTIVE'.  If\r'ACTIVE', then the term will be accessible by end-users to \rdocument a particular patient event.  If 'INACTIVE', then the term will\ronly be accessible by the application to display legacy data.", "type": "typed-literal"}, "number": ".02", "flags": "RSI", "details": "1:ACTIVE;0:INACTIVE;", "type": "3", "location": "0;2"}], "fmql": {"TYPELABEL": "EFFECTIVE DATE/TIME", "TYPE": "120_8399", "OP": "DESCRIBE TYPE"}, "name": "EFFECTIVE DATE/TIME", "parent": "120.83", "number": "120.8399"}