{"count": "0", "description": {"datatype": "http://www.w3.org/1999/02/22-rdf-syntax-ns#XMLLiteral", "fmType": "5", "fmId": "-1", "value": "This is the file of orders/requisitions made for any package through the\rOrder Entry Option (OR).", "type": "typed-literal"}, "fields": [{"description": {"datatype": "http://www.w3.org/1999/02/22-rdf-syntax-ns#XMLLiteral", "fmType": "5", "fmId": "-1", "value": "This is the internal order number of the file.", "type": "typed-literal"}, "number": ".01", "flags": "RNJ9,0X", "location": "0;1", "type": "2", "name": "order_"}, {"name": "object_of_order", "description": {"datatype": "http://www.w3.org/1999/02/22-rdf-syntax-ns#XMLLiteral", "fmType": "5", "fmId": "-1", "value": "This is the individual object of the order.  Depending on the parent \rfile entry, this would be the Patient, Control Point, etc.", "type": "typed-literal"}, "number": ".02", "flags": "RV", "details": "2;67", "type": "8", "location": "0;2"}, {"name": "orderable_items", "description": {"datatype": "http://www.w3.org/1999/02/22-rdf-syntax-ns#XMLLiteral", "fmType": "5", "fmId": "-1", "value": "This multiple contains the items being ordered.", "type": "typed-literal"}, "number": ".1", "flags": "100.001PA", "details": "100.001", "type": "9", "location": ".1;0"}, {"name": "order_actions", "description": {"datatype": "http://www.w3.org/1999/02/22-rdf-syntax-ns#XMLLiteral", "fmType": "5", "fmId": "-1", "value": "These are the actions taken on this order, including the signature and\rverification required to release to the service.", "type": "typed-literal"}, "number": ".8", "flags": "100.008DA", "details": "100.008", "type": "9", "location": "8;0"}, {"name": "order_checks", "description": {"datatype": "http://www.w3.org/1999/02/22-rdf-syntax-ns#XMLLiteral", "fmType": "5", "fmId": "-1", "value": "This is the list of order checks found for this order.", "type": "typed-literal"}, "number": ".9", "flags": "100.09P", "details": "100.09", "type": "9", "location": "9;0"}, {"name": "current_agent_provider", "description": {"datatype": "http://www.w3.org/1999/02/22-rdf-syntax-ns#XMLLiteral", "fmType": "5", "fmId": "-1", "value": "This is the person who is responsible for the order.", "type": "typed-literal"}, "number": "1", "flags": "P200'", "details": "200", "type": "7", "location": "0;4"}, {"name": "dialog", "description": {"datatype": "http://www.w3.org/1999/02/22-rdf-syntax-ns#XMLLiteral", "fmType": "5", "fmId": "-1", "value": "This is the dialog that created this order.", "type": "typed-literal"}, "number": "2", "flags": "RV", "details": "19;101;101.41", "type": "8", "location": "0;5"}, {"name": "who_entered", "description": {"datatype": "http://www.w3.org/1999/02/22-rdf-syntax-ns#XMLLiteral", "fmType": "5", "fmId": "-1", "value": "This is the USER who entered the information about the order.", "type": "typed-literal"}, "number": "3", "flags": "P200'", "details": "200", "type": "7", "location": "0;6"}, {"description": {"datatype": "http://www.w3.org/1999/02/22-rdf-syntax-ns#XMLLiteral", "fmType": "5", "fmId": "-1", "value": "This is the date/time of completion of the initiation of the order.", "type": "typed-literal"}, "number": "4", "flags": "D", "location": "0;7", "type": "1", "name": "when_entered"}, {"name": "responses", "description": {"datatype": "http://www.w3.org/1999/02/22-rdf-syntax-ns#XMLLiteral", "fmType": "5", "fmId": "-1", "value": "This contains the responses to an order dialog.", "type": "typed-literal"}, "number": "4.5", "flags": "100.045A", "details": "100.045", "type": "9", "location": "4.5;0"}, {"name": "status", "description": {"datatype": "http://www.w3.org/1999/02/22-rdf-syntax-ns#XMLLiteral", "fmType": "5", "fmId": "-1", "value": "This is the status of the order.", "type": "typed-literal"}, "number": "5", "flags": "*P100.01'", "details": "100.01", "type": "7", "location": "3;3"}, {"name": "order_diagnoses", "description": {"datatype": "http://www.w3.org/1999/02/22-rdf-syntax-ns#XMLLiteral", "fmType": "5", "fmId": "-1", "value": "These are the the diagnoses associated with this order.", "type": "typed-literal"}, "number": "5.1", "flags": "100.051PA", "details": "100.051", "type": "9", "location": "5.1;0"}, {"name": "patient_location", "description": {"datatype": "http://www.w3.org/1999/02/22-rdf-syntax-ns#XMLLiteral", "fmType": "5", "fmId": "-1", "value": "This is the hospital location from which the order originated.", "type": "typed-literal"}, "number": "6", "flags": "V", "details": "44", "type": "8", "location": "0;10"}, {"name": "item_ordered", "description": {"datatype": "http://www.w3.org/1999/02/22-rdf-syntax-ns#XMLLiteral", "fmType": "5", "fmId": "-1", "value": "This is the variable pointer to the file and item ordered. ", "type": "typed-literal"}, "number": "7", "flags": "V", "details": "19;60;101.41", "type": "8", "location": "3;4"}, {"name": "veiled", "description": {"datatype": "http://www.w3.org/1999/02/22-rdf-syntax-ns#XMLLiteral", "fmType": "5", "fmId": "-1", "value": "This field is set when creating an order to prevent the order from\rbeing displayed on the review screen until the order is complete and\raccepted.", "type": "typed-literal"}, "number": "8", "flags": "S", "details": "1:VEILED;0:UNVEILED;", "type": "3", "location": "3;8"}, {"name": "type", "description": {"datatype": "http://www.w3.org/1999/02/22-rdf-syntax-ns#XMLLiteral", "fmType": "5", "fmId": "-1", "value": "This field is used to determine the type of order that is being processed.\rDifferent things happen depending on the order type.", "type": "typed-literal"}, "number": "8.1", "flags": "S", "details": "0:STANDARD;1:EDIT;2:RENEW;4:HOLD;6:DISCONTINUE;B:BCMA;C:COPY;X:TRANSFER;P:PACKAGE;", "type": "3", "location": "3;11"}, {"name": "replaced_order", "description": {"datatype": "http://www.w3.org/1999/02/22-rdf-syntax-ns#XMLLiteral", "fmType": "5", "fmId": "-1", "value": "This is the order number of the order which was replaced by this order,\reither by editing or renewal.", "type": "typed-literal"}, "number": "9", "flags": "P100'", "details": "100", "type": "7", "location": "3;5"}, {"name": "replacement_order", "description": {"datatype": "http://www.w3.org/1999/02/22-rdf-syntax-ns#XMLLiteral", "fmType": "5", "fmId": "-1", "value": "This is the order number of the order that replaces this one, either\rby edit or renewal.", "type": "typed-literal"}, "number": "9.1", "flags": "P100'", "details": "100", "type": "7", "location": "3;6"}, {"name": "patient_class", "description": {"datatype": "http://www.w3.org/1999/02/22-rdf-syntax-ns#XMLLiteral", "fmType": "5", "fmId": "-1", "value": "This is the patient's inpatient classification for this order; an inpatient\rmay have some orders performed on an outpatient basis.", "type": "typed-literal"}, "number": "10", "flags": "S", "details": "I:INPATIENT;O:OUTPATIENT;", "type": "3", "location": "0;12"}, {"name": "treating_specialty", "description": {"datatype": "http://www.w3.org/1999/02/22-rdf-syntax-ns#XMLLiteral", "fmType": "5", "fmId": "-1", "value": "This is the TREATING SPECIALTY associated with this order.", "type": "typed-literal"}, "number": "11", "flags": "P45.7'", "details": "45.7", "type": "7", "location": "0;13"}, {"name": "package", "description": {"datatype": "http://www.w3.org/1999/02/22-rdf-syntax-ns#XMLLiteral", "fmType": "5", "fmId": "-1", "value": "This is the package creating the order.", "type": "typed-literal"}, "number": "12", "flags": "RP9.4'", "details": "9.4", "type": "7", "location": "0;14"}, {"description": {"datatype": "http://www.w3.org/1999/02/22-rdf-syntax-ns#XMLLiteral", "fmType": "5", "fmId": "-1", "value": "This is the cost of filling this order.", "type": "typed-literal"}, "number": "13", "flags": "NJ11,2", "location": "0;15", "type": "2", "name": "cost"}, {"name": "signature_required", "description": {"datatype": "http://www.w3.org/1999/02/22-rdf-syntax-ns#XMLLiteral", "fmType": "5", "fmId": "-1", "value": "This is the OR key required to sign this order.  If set to 2, only users\rwith the ORES key will be allowed to sign this order; if set to 1, users\rwith either the ORELSE or ORES keys will be allowed to sign.  A 0 or \"\"\rindicates that no signature is required.", "type": "typed-literal"}, "number": "14", "flags": "S", "details": "0:NONE;1:ORELSE;2:ORES;", "type": "3", "location": "0;16"}, {"name": "event", "description": {"datatype": "http://www.w3.org/1999/02/22-rdf-syntax-ns#XMLLiteral", "fmType": "5", "fmId": "-1", "value": "This is the event that this order's release is/was delayed till.", "type": "typed-literal"}, "number": "15", "flags": "P100.2'", "details": "100.2", "type": "7", "location": "0;17"}, {"description": {"datatype": "http://www.w3.org/1999/02/22-rdf-syntax-ns#XMLLiteral", "fmType": "5", "fmId": "-1", "value": "This is the appointment date/time for outpatients and is only entered \rwhen inpatient medications are ordered for them.", "type": "typed-literal"}, "number": "16", "flags": "D", "location": "0;18", "type": "1", "name": "patient_appointment"}, {"name": "children", "description": {"datatype": "http://www.w3.org/1999/02/22-rdf-syntax-ns#XMLLiteral", "fmType": "5", "fmId": "-1", "value": "This field allows a single order or set of orders to be linked \rto a parent order.", "type": "typed-literal"}, "number": "20", "flags": "100.002PA", "details": "100.002", "type": "9", "location": "2;0"}, {"description": {"datatype": "http://www.w3.org/1999/02/22-rdf-syntax-ns#XMLLiteral", "fmType": "5", "fmId": "-1", "value": "This is the start date/time of the order.", "type": "typed-literal"}, "number": "21", "flags": "D", "location": "0;8", "type": "1", "name": "start_date"}, {"description": {"datatype": "http://www.w3.org/1999/02/22-rdf-syntax-ns#XMLLiteral", "fmType": "5", "fmId": "-1", "value": "This is the stop date/time of the order.", "type": "typed-literal"}, "number": "22", "flags": "DX", "location": "0;9", "type": "1", "name": "stop_date"}, {"name": "to", "description": {"datatype": "http://www.w3.org/1999/02/22-rdf-syntax-ns#XMLLiteral", "fmType": "5", "fmId": "-1", "value": "This is the service to which the order is referred.\rThis is used to determine the display group in which the order appears.", "type": "typed-literal"}, "number": "23", "flags": "RP100.98'", "details": "100.98", "type": "7", "location": "0;11"}, {"description": {"datatype": "http://www.w3.org/1999/02/22-rdf-syntax-ns#XMLLiteral", "fmType": "5", "fmId": "-1", "value": "This is the item number of the action in the Order Actions multiple that\ris currently being carried out on this order; it will be used to build\rthe text for the Current Orders list.", "type": "typed-literal"}, "number": "30", "flags": "NJ3,0", "location": "3;7", "type": "2", "name": "current_action"}, {"description": {"datatype": "http://www.w3.org/1999/02/22-rdf-syntax-ns#XMLLiteral", "fmType": "5", "fmId": "-1", "value": "This is the date/time the order was last updated.", "type": "typed-literal"}, "number": "31", "flags": "D", "location": "3;1", "type": "1", "name": "date_of_last_activity"}, {"description": {"datatype": "http://www.w3.org/1999/02/22-rdf-syntax-ns#XMLLiteral", "fmType": "5", "fmId": "-1", "value": "This is the number of days to hold an order from the\rdate of last activity. The order in OE/RR may be \rpurged after this date.\rThe default is 30 days.  If a package needs the order\rretained for a period longer than 30 days, this can\rbe specified when the order is created by setting the\rvariable ORPURG to the appropriate number of days before\rcalling FILE^ORX.", "type": "typed-literal"}, "number": "32", "flags": "NJ3,0", "location": "3;2", "type": "2", "name": "grace_days_before_purge"}, {"description": {"datatype": "http://www.w3.org/1999/02/22-rdf-syntax-ns#XMLLiteral", "fmType": "5", "fmId": "-1", "value": "This information allows the package to link the order in OR\rwith its more detailed order information in the individual package.\rIt is the package's responsibility to define and determine the\rstructure of this information.", "type": "typed-literal"}, "number": "33", "flags": "F", "location": "4;E1,200", "type": "4", "name": "package_reference"}, {"name": "alert_on_results", "description": {"datatype": "http://www.w3.org/1999/02/22-rdf-syntax-ns#XMLLiteral", "fmType": "5", "fmId": "-1", "value": "This field contains the user who requested to be alerted when results\rfor this order become available.  Only lab, radiology, and consult orders\rwill generate results.", "type": "typed-literal"}, "number": "35", "flags": "P200'", "details": "200", "type": "7", "location": "3;10"}, {"name": "parent", "description": {"datatype": "http://www.w3.org/1999/02/22-rdf-syntax-ns#XMLLiteral", "fmType": "5", "fmId": "-1", "value": "This is the parent of an order that may have a parent/child relationship.", "type": "typed-literal"}, "number": "36", "flags": "P100'", "details": "100", "type": "7", "location": "3;9"}, {"description": {"datatype": "http://www.w3.org/1999/02/22-rdf-syntax-ns#XMLLiteral", "fmType": "5", "fmId": "-1", "value": "This field will specify when the order was Lapsed.  Lapsing takes place \rin routine ORTSKLPS and is part of the ORMTIME scheduled option.", "type": "typed-literal"}, "number": "39", "flags": "D", "location": "10;1", "type": "1", "name": "lapsed_date_time"}, {"name": "service_connected_condition", "description": {"datatype": "http://www.w3.org/1999/02/22-rdf-syntax-ns#XMLLiteral", "fmType": "5", "fmId": "-1", "value": "When signing orders, the provider may be asked if this order is for\rtreatment of  a service-connected condition; his/her response to this\rquestion will be stored in this field.  Currently this question is only\rasked for Outpatient Medications, and the response is passed to that\rpackage with the new order.", "type": "typed-literal"}, "number": "51", "flags": "S", "details": "1:YES;0:NO;", "type": "3", "location": "5;1"}, {"name": "mst", "description": {"datatype": "http://www.w3.org/1999/02/22-rdf-syntax-ns#XMLLiteral", "fmType": "5", "fmId": "-1", "value": "If a patient has been identified as having been treated for Military\rSexual Trauma (MST), then the provider may be asked when signing the\rorder if it is for treatment of a condition related to MST and his/her\rresponse to this question will be stored in this field.  Currently this\rquestion is only asked for Outpatient Medications, and the response is\rpassed to that package with the new order.", "type": "typed-literal"}, "number": "52", "flags": "S", "details": "1:YES;0:NO;", "type": "3", "location": "5;2"}, {"name": "agent_orange_exposure", "description": {"datatype": "http://www.w3.org/1999/02/22-rdf-syntax-ns#XMLLiteral", "fmType": "5", "fmId": "-1", "value": "If a patient has been identified as having been exposed to Agent Orange\r(AO) during service in Vietnam, then the provider may be asked when\rsigning the order if it is for treatment of a condition related to AO\rand his/her response to this question will be stored in this field.\rCurrently this question is only asked for Outpatient Medications, and\rthe response is passed to that package with the new order.", "type": "typed-literal"}, "number": "53", "flags": "S", "details": "1:YES;0:NO;", "type": "3", "location": "5;3"}, {"name": "ionizing_radiation_exposure", "description": {"datatype": "http://www.w3.org/1999/02/22-rdf-syntax-ns#XMLLiteral", "fmType": "5", "fmId": "-1", "value": "If a patient has been identified as having been treated for exposure to\rionizing radiation (IR) during military service, then the provider may\rbe asked when signing the order if it is for treatment of a condition\rrelated to IR and his/her response to this question will be stored in\rthis field.  Currently this question is only asked for Outpatient\rMedications, and the response is passed to that package with the new\rorder.", "type": "typed-literal"}, "number": "54", "flags": "S", "details": "1:YES;0:NO;", "type": "3", "location": "5;4"}, {"name": "southwest_asia_conditions", "description": {"datatype": "http://www.w3.org/1999/02/22-rdf-syntax-ns#XMLLiteral", "fmType": "5", "fmId": "-1", "value": "If a patient has been identified as having been treated for exposure to\renvironmental contaminants (EC) during the Persian Gulf War, then the\rprovider may be asked when signing the order if it is for treatment of a\rcondition related to EC and his/her response to this question will be\rstored in this field.  Currently this question is only asked for\rOutpatient Medications, and the response is passed to that package with\rthe new order.", "type": "typed-literal"}, "number": "55", "flags": "S", "details": "1:YES;0:NO;", "type": "3", "location": "5;5"}, {"name": "head_and_or_neck_cancer", "description": {"datatype": "http://www.w3.org/1999/02/22-rdf-syntax-ns#XMLLiteral", "fmType": "5", "fmId": "-1", "value": "If a patient has been identified as having been treated for head or neck\rcancer due to nose or throat radium treatments while in the military,\rthen the provider may be asked when signing the order if it is for\rtreatment of head or neck cancer and his/her response to this question\rwill be stored in this field.  Currently this question is only asked for\rOutpatient Medications, and the response is passed to that package with\rthe new order.", "type": "typed-literal"}, "number": "56", "flags": "S", "details": "1:YES;0:NO;", "type": "3", "location": "5;6"}, {"name": "combat_veteran", "description": {"datatype": "http://www.w3.org/1999/02/22-rdf-syntax-ns#XMLLiteral", "fmType": "5", "fmId": "-1", "value": "When signing orders, the provider may be asked if this order is for\rtreatment of a combat-related condition; his/her response to this\rquestion will be stored in this field.  Currently this question is only\rasked for Outpatient Medications, and the response is passed to that\rpackage with the new order.", "type": "typed-literal"}, "number": "57", "flags": "S", "details": "1:YES;0:NO;", "type": "3", "location": "5;7"}, {"name": "shipboard_hazard", "number": "58", "flags": "S", "details": "1:YES;0:NO;", "type": "3", "location": "5;8"}, {"name": "nature_of_dc", "description": {"datatype": "http://www.w3.org/1999/02/22-rdf-syntax-ns#XMLLiteral", "fmType": "5", "fmId": "-1", "value": "Orders that are DC'ed because they have been duplicated do not create a\rDC order, nor is a chart copy or electronic signature notification\rgenerated.  If this is a CHANGE IN THERAPY, then a DC order is generated\rthat must be signed, and a chart copy of the new DC request is printed.", "type": "typed-literal"}, "number": "61", "flags": "*P100.02'", "details": "100.02", "type": "7", "location": "6;1"}, {"name": "dced_by", "description": {"datatype": "http://www.w3.org/1999/02/22-rdf-syntax-ns#XMLLiteral", "fmType": "5", "fmId": "-1", "value": "This is the person who DC'ed this order.", "type": "typed-literal"}, "number": "62", "flags": "P200'", "details": "200", "type": "7", "location": "6;2"}, {"description": {"datatype": "http://www.w3.org/1999/02/22-rdf-syntax-ns#XMLLiteral", "fmType": "5", "fmId": "-1", "value": "This is the date/time the order was DC'ed.", "type": "typed-literal"}, "number": "63", "flags": "D", "location": "6;3", "type": "1", "name": "dc_date_time"}, {"name": "dc_reason", "description": {"datatype": "http://www.w3.org/1999/02/22-rdf-syntax-ns#XMLLiteral", "fmType": "5", "fmId": "-1", "value": "This is the reason this order was DC'ed, i.e. \"Patient discharged.\"", "type": "typed-literal"}, "number": "64", "flags": "P100.03'", "details": "100.03", "type": "7", "location": "6;4"}, {"description": {"datatype": "http://www.w3.org/1999/02/22-rdf-syntax-ns#XMLLiteral", "fmType": "5", "fmId": "-1", "value": "This is the text of the DC reason.", "type": "typed-literal"}, "number": "65", "flags": "F", "location": "6;5", "type": "4", "name": "dc_reason_text"}, {"description": {"datatype": "http://www.w3.org/1999/02/22-rdf-syntax-ns#XMLLiteral", "fmType": "5", "fmId": "-1", "value": "This is the date/time the order was marked as complete.", "type": "typed-literal"}, "number": "66", "flags": "D", "location": "6;6", "type": "1", "name": "completed"}, {"name": "completed_by", "description": {"datatype": "http://www.w3.org/1999/02/22-rdf-syntax-ns#XMLLiteral", "fmType": "5", "fmId": "-1", "value": "This is the person who marked this order as complete.", "type": "typed-literal"}, "number": "67", "flags": "P200'", "details": "200", "type": "7", "location": "6;7"}, {"name": "dc_event", "description": {"datatype": "http://www.w3.org/1999/02/22-rdf-syntax-ns#XMLLiteral", "fmType": "5", "fmId": "-1", "value": "This is the event that automatically discontinued this order.", "type": "typed-literal"}, "number": "68", "flags": "P100.2'", "details": "100.2", "type": "7", "location": "6;8"}, {"name": "dc_original_order", "description": {"datatype": "http://www.w3.org/1999/02/22-rdf-syntax-ns#XMLLiteral", "fmType": "5", "fmId": "-1", "value": "This field is only accessed by CPRS. This field is set to True if both \rthe original order and the pending renewal order are discontinued. This \rfield is set to False if only the pending renewal order is discontinued. \rIf only the pending renewal order is discontinued, CPRS assigns the \roriginal order's status to the status it received from the pharmacy \rpackage.", "type": "typed-literal"}, "number": "69", "flags": "S", "details": "1:TRUE;0:FALSE;", "type": "3", "location": "6;9"}, {"description": {"datatype": "http://www.w3.org/1999/02/22-rdf-syntax-ns#XMLLiteral", "fmType": "5", "fmId": "-1", "value": "This field contains the date/time that results became available for this\rorder; only Lab, Radiology, and Consult orders have results.", "type": "typed-literal"}, "number": "71", "flags": "D", "location": "7;1", "type": "1", "name": "results_date_time"}, {"name": "abnormal_results", "description": {"datatype": "http://www.w3.org/1999/02/22-rdf-syntax-ns#XMLLiteral", "fmType": "5", "fmId": "-1", "value": "This field indicates whether the results for this order were abnormal, or outside of normal ranges.", "type": "typed-literal"}, "number": "72", "flags": "S", "details": "1:YES;", "type": "3", "location": "7;2"}, {"description": {"datatype": "http://www.w3.org/1999/02/22-rdf-syntax-ns#XMLLiteral", "fmType": "5", "fmId": "-1", "value": "This field contains the text of any significant findings for the results\rof this order.", "type": "typed-literal"}, "number": "73", "flags": "F", "location": "7;3", "type": "4", "name": "findings"}, {"name": "ba_service_connected_condition", "description": {"datatype": "http://www.w3.org/1999/02/22-rdf-syntax-ns#XMLLiteral", "fmType": "5", "fmId": "-1", "value": "When signing orders, the provider may be asked if this order is for treatment of a service-connected condition; his/her response to this question will be stored in this field.", "type": "typed-literal"}, "number": "90", "flags": "S", "details": "1:YES;0:NO;", "type": "3", "location": "5.2;1"}, {"name": "ba_military_sexual_trauma", "number": "91", "flags": "S", "details": "1:YES;0:NO;", "type": "3", "location": "5.2;2"}, {"name": "ba_agent_orange_exposure", "number": "92", "flags": "S", "details": "1:YES;0:NO;", "type": "3", "location": "5.2;3"}, {"name": "ba_ionizing_radiation_exposure", "number": "93", "flags": "S", "details": "1:YES;0:NO;", "type": "3", "location": "5.2;4"}, {"name": "ba_southwest_asia_conditions", "number": "94", "flags": "S", "details": "1:YES;0:NO;", "type": "3", "location": "5.2;5"}, {"name": "ba_head_and_or_neck_cancer", "number": "95", "flags": "S", "details": "1:YES;0:NO;", "type": "3", "location": "5.2;6"}, {"name": "ba_combat_veteran", "number": "96", "flags": "S", "details": "1:YES;0:NO;", "type": "3", "location": "5.2;7"}, {"name": "pfss_account_reference", "description": {"datatype": "http://www.w3.org/1999/02/22-rdf-syntax-ns#XMLLiteral", "fmType": "5", "fmId": "-1", "value": "The PFSS Account Reference field stores the PFSS Account Reference\rassociated with the order. The field is a pointer to the PFSS Account\rReference file (#375).", "type": "typed-literal"}, "number": "97", "flags": "P375'", "details": "375", "type": "7", "location": "5.5;1"}, {"name": "ba_shipboard_hazard", "number": "98", "flags": "S", "details": "1:YES;0:NO;", "type": "3", "location": "5.2;8"}], "fmql": {"TYPELABEL": "ORDER", "TYPE": "100", "OP": "DESCRIBE TYPE"}, "number": "100", "location": "^OR(100,", "name": "ORDER"}