{"count": "0", "description": {"datatype": "http://www.w3.org/1999/02/22-rdf-syntax-ns#XMLLiteral", "fmType": "5", "fmId": "-1", "value": "This file contains the various meals served by the institution. A\rmeal consists of all recipes prepared for a breakfast, noon, or\revening meal as well as the production diets associated with\reach recipe. In turn, the production diet entry may indicate the\rpercentage of that recipe that is to be served in a cafeteria\ror by tray.", "type": "typed-literal"}, "fields": [{"index": "B", "name": "name", "number": ".01", "flags": "RF", "location": "0;1", "type": "4", "description": {"datatype": "http://www.w3.org/1999/02/22-rdf-syntax-ns#XMLLiteral", "fmType": "5", "fmId": "-1", "value": "This is the name of a meal which is a collection of all\rrecipes which will be served at a given breakfast, noon\ror evening meal.", "type": "typed-literal"}}, {"name": "recipe", "description": {"datatype": "http://www.w3.org/1999/02/22-rdf-syntax-ns#XMLLiteral", "fmType": "5", "fmId": "-1", "value": "This multiple contains the various recipes which will be\rserved for the meal.", "type": "typed-literal"}, "number": "1", "flags": "116.11P", "details": "116.11", "type": "9", "location": "RE;0"}, {"name": "inactive", "description": {"datatype": "http://www.w3.org/1999/02/22-rdf-syntax-ns#XMLLiteral", "fmType": "5", "fmId": "-1", "value": "This field, if answered YES, will prohibit\rfurther selection of this entry.", "type": "typed-literal"}, "number": "99", "flags": "S", "details": "Y:YES;N:NO;", "type": "3", "location": "I;1"}], "fmql": {"TYPELABEL": "MEAL", "TYPE": "116_1", "OP": "DESCRIBE TYPE"}, "number": "116.1", "location": "^FH(116.1,", "name": "MEAL"}