{"fields": [{"index": "B", "name": "specialized_medical_programs", "description": {"datatype": "http://www.w3.org/1999/02/22-rdf-syntax-ns#XMLLiteral", "fmType": "5", "fmId": "-1", "value": "This field points to the Dietetic Report Categories for the Specialized\rMedical Programs.", "type": "typed-literal"}, "number": ".01", "flags": "M*P117.4'", "location": "0;1", "type": "7", "details": "117.4"}, {"description": {"datatype": "http://www.w3.org/1999/02/22-rdf-syntax-ns#XMLLiteral", "fmType": "5", "fmId": "-1", "value": "This field contains the Assigned Clinical Ftee of the Specialized\rMedical Programs.", "type": "typed-literal"}, "number": "1", "flags": "NJ4,1", "location": "0;2", "type": "2", "name": "assigned_clinical_ftee"}], "fmql": {"TYPELABEL": "SPECIALIZED MEDICAL PROGRAMS", "TYPE": "117_312", "OP": "DESCRIBE TYPE"}, "name": "SPECIALIZED MEDICAL PROGRAMS", "parent": "117.3", "number": "117.312"}