{"count": "0", "description": {"datatype": "http://www.w3.org/1999/02/22-rdf-syntax-ns#XMLLiteral", "fmType": "5", "fmId": "-1", "value": "This file contains all the codes and descriptions of these codes \rfor all neurologic level of injuries.", "type": "typed-literal"}, "fields": [{"index": "B", "name": "code", "number": ".01", "flags": "RFX", "location": "0;1", "type": "4", "description": {"datatype": "http://www.w3.org/1999/02/22-rdf-syntax-ns#XMLLiteral", "fmType": "5", "fmId": "-1", "value": "This three character code describes the neurologic level of injury.  The\rcode must be Xnn, where X is the first letter of the cord segment(cervical,\rthoracic, lumbar, sacral) and nn is the vertebral level number\r(01-08 for cervical, 01-12 for thoracic, 01-05 for lumbar, 01-05 sacral).\rFor example, C01 is cervical (cord segment) and 01 (vertebral level).\rFor unknown NLOI, enter 'UNK' (uppercase).", "type": "typed-literal"}}, {"index": "C", "name": "cord_segment", "description": {"datatype": "http://www.w3.org/1999/02/22-rdf-syntax-ns#XMLLiteral", "fmType": "5", "fmId": "-1", "value": "This field contains the code segments: Cervical, Thoracic, Lumbar, Sacral,\rand Unknown.\rThis field is an uneditable field.", "type": "typed-literal"}, "number": ".02", "flags": "SI", "location": "0;2", "type": "3", "details": "C:CERVICAL;T:THORACIC;L:LUMBAR;S:SACRAL;U:UNKNOWN;"}, {"index": "D", "name": "vertebral_level", "number": ".03", "flags": "FI", "location": "0;3", "type": "4", "description": {"datatype": "http://www.w3.org/1999/02/22-rdf-syntax-ns#XMLLiteral", "fmType": "5", "fmId": "-1", "value": "Vertebral level is a two number code describing the level of the cord\rsegment (01-08 for cervical, 01-12 for thoracic, 01-05 for lumbar and \r01-05 for sacral), where the first number is either 0 or 1.\rIf unknown, leave this field blank.\rThis field is an uneditable field.", "type": "typed-literal"}}], "fmql": {"TYPELABEL": "SCD NLOI CATEGORY", "TYPE": "154_01", "OP": "DESCRIBE TYPE"}, "number": "154.01", "location": "^SPNL(154.01,", "name": "SCD NLOI CATEGORY"}