{"fields": [{"index": "B", "name": "item", "description": {"datatype": "http://www.w3.org/1999/02/22-rdf-syntax-ns#XMLLiteral", "fmType": "5", "fmId": "-1", "value": "This points to a protocol which is subordinate to this protocol.\rNOTE:  The parent protocol or one of its ancestors may not be entered\ras an item.", "type": "typed-literal"}, "number": ".01", "flags": "MP101'X", "location": "0;1", "type": "7", "details": "101"}, {"description": {"datatype": "http://www.w3.org/1999/02/22-rdf-syntax-ns#XMLLiteral", "fmType": "5", "fmId": "-1", "value": "This is a short abbreviation for the item.", "type": "typed-literal"}, "number": "2", "flags": "FX", "location": "0;2", "type": "4", "name": "mnemonic"}, {"description": {"datatype": "http://www.w3.org/1999/02/22-rdf-syntax-ns#XMLLiteral", "fmType": "5", "fmId": "-1", "value": "This is the order in which items in the list should be processed.  In the\rcase of menus, the items are displayed in the order derived from this\rfield.  In the case of protocols and extended actions, the items are\rexecuted in the order derived from this field.", "type": "typed-literal"}, "number": "3", "flags": "NJ6,2", "location": "0;3", "type": "2", "name": "sequence"}, {"name": "modifying_action", "description": {"datatype": "http://www.w3.org/1999/02/22-rdf-syntax-ns#XMLLiteral", "fmType": "5", "fmId": "-1", "value": "This points to a protocol which is executed before the item for this same\rentry is executed.  This allows the possibility of creating protocols\rwhich set up special variables, etc., according to the context of the\rprotocol.  It also allows screens at the item level if the variables\rORQUIT or ORABORT are used to prevent execution of the item.", "type": "typed-literal"}, "number": "4", "flags": "P101X", "details": "101", "type": "7", "location": "0;4"}, {"name": "format_code", "description": {"datatype": "http://www.w3.org/1999/02/22-rdf-syntax-ns#XMLLiteral", "fmType": "5", "fmId": "-1", "value": "This allows items used on menus for formatting purposes to be made\runselectable (sub-headers, blank lines, etc.).", "type": "typed-literal"}, "number": "5", "flags": "S", "details": "O:output only;H:header;", "type": "3", "location": "0;5"}, {"description": {"datatype": "http://www.w3.org/1999/02/22-rdf-syntax-ns#XMLLiteral", "fmType": "5", "fmId": "-1", "value": "This allows the item text that normally appears on the menu to be\rdisplayed.  For example, this field may be used to set up menus so\rthat items are displayed in mixed case, even though the item text may\rall be in upper case.", "type": "typed-literal"}, "number": "6", "flags": "F", "location": "0;6", "type": "4", "name": "display_name"}, {"description": {"datatype": "http://www.w3.org/1999/02/22-rdf-syntax-ns#XMLLiteral", "fmType": "5", "fmId": "-1", "value": "This is the actual prompt displayed for this item in the dialog.", "type": "typed-literal"}, "number": "11", "flags": "F", "location": "1;1", "type": "4", "name": "prompt"}, {"description": {"datatype": "http://www.w3.org/1999/02/22-rdf-syntax-ns#XMLLiteral", "fmType": "5", "fmId": "-1", "value": "This is the default response for this item in the dialog.", "type": "typed-literal"}, "number": "12", "flags": "F", "location": "1;2", "type": "4", "name": "default"}, {"description": {"datatype": "http://www.w3.org/1999/02/22-rdf-syntax-ns#XMLLiteral", "fmType": "5", "fmId": "-1", "value": "This is the help text displayed for this item in the dialog.", "type": "typed-literal"}, "number": "13", "flags": "F", "location": "1;3", "type": "4", "name": "help"}, {"description": {"datatype": "http://www.w3.org/1999/02/22-rdf-syntax-ns#XMLLiteral", "fmType": "5", "fmId": "-1", "value": "This tells how this item should be treated when processing the dialog.\r  S - suppresses inclusion of the prompt when creating the text generated\r      by the dialog.\r  E - allows the item to only be presented when editing an existing\r      response.\r  R - identifies the field as required.", "type": "typed-literal"}, "number": "14", "flags": "F", "location": "1;4", "type": "4", "name": "mode"}], "fmql": {"TYPELABEL": "ITEM", "TYPE": "101_01", "OP": "DESCRIBE TYPE"}, "name": "ITEM", "parent": "101", "number": "101.01"}