{"fields": [{"description": {"datatype": "http://www.w3.org/1999/02/22-rdf-syntax-ns#XMLLiteral", "fmType": "5", "fmId": "-1", "value": "This is information identifying the specific temperature controlling\rdevice.\r ", "type": "typed-literal"}, "number": ".01", "flags": "F", "location": "0;1", "type": "4", "name": "thermal_unit"}, {"description": {"datatype": "http://www.w3.org/1999/02/22-rdf-syntax-ns#XMLLiteral", "fmType": "5", "fmId": "-1", "value": "This is the date and time that the thermal unit was activated.  Times\rentered without a date will be converted to the date of operation at\rthat time.\r ", "type": "typed-literal"}, "number": "1", "flags": "DX", "location": "0;2", "type": "1", "name": "time_on"}, {"description": {"datatype": "http://www.w3.org/1999/02/22-rdf-syntax-ns#XMLLiteral", "fmType": "5", "fmId": "-1", "value": "This is the temperature setting of the temperature controlling device.\r ", "type": "typed-literal"}, "number": "2", "flags": "NJ3,0", "location": "0;3", "type": "2", "name": "temperature"}, {"description": {"datatype": "http://www.w3.org/1999/02/22-rdf-syntax-ns#XMLLiteral", "fmType": "5", "fmId": "-1", "value": "This is the date and time that the thermal unit was turned off.\rTimes entered without a date will be converted to the date of\roperation at that time.\r ", "type": "typed-literal"}, "number": "3", "flags": "DX", "location": "0;4", "type": "1", "name": "time_off"}], "fmql": {"TYPELABEL": "THERMAL UNIT", "TYPE": "130_32", "OP": "DESCRIBE TYPE"}, "name": "THERMAL UNIT", "parent": "130", "number": "130.32"}