{"count": "0", "description": {"datatype": "http://www.w3.org/1999/02/22-rdf-syntax-ns#XMLLiteral", "fmType": "5", "fmId": "-1", "value": "The Annual Dietetic Report is designed to facilitate data gathering\rand to eliminate information that has been discontinued or deemed\rirrelevant.  The report will be compiled manually and submitted to\rCentral office Dietetics through regular mail.", "type": "typed-literal"}, "fields": [{"index": "B", "name": "qtr_yr", "number": ".01", "flags": "RDX", "location": "0;1", "type": "1", "description": {"datatype": "http://www.w3.org/1999/02/22-rdf-syntax-ns#XMLLiteral", "fmType": "5", "fmId": "-1", "value": "This field contains the Qtr/Yr of the Annual Report entry.", "type": "typed-literal"}}, {"description": {"datatype": "http://www.w3.org/1999/02/22-rdf-syntax-ns#XMLLiteral", "fmType": "5", "fmId": "-1", "value": "This field contains the region number of the facility.", "type": "typed-literal"}, "number": "2", "flags": "NJ1,0", "location": "0;3", "type": "2", "name": "region_"}, {"name": "multi_division_facility", "description": {"datatype": "http://www.w3.org/1999/02/22-rdf-syntax-ns#XMLLiteral", "fmType": "5", "fmId": "-1", "value": "This field contains a Y or N if the facility is multi division.", "type": "typed-literal"}, "number": "3", "flags": "S", "details": "Y:YES;N:NO;", "type": "3", "location": "0;4"}, {"description": {"datatype": "http://www.w3.org/1999/02/22-rdf-syntax-ns#XMLLiteral", "fmType": "5", "fmId": "-1", "value": "This field contains the RPM Classification which is number 1-6 used to\rclassify facilities by size, function, and specialty programs for\rresource allocation purposes.", "type": "typed-literal"}, "number": "4", "flags": "NJ1,0", "location": "0;5", "type": "2", "name": "rpm_classification"}, {"description": {"datatype": "http://www.w3.org/1999/02/22-rdf-syntax-ns#XMLLiteral", "fmType": "5", "fmId": "-1", "value": "This field contains the Complexity Level which is number 1-4\rthat is determined by VACO criteria concerning size and complexity\rand upon which grade structure is based.", "type": "typed-literal"}, "number": "5", "flags": "NJ1,0X", "location": "0;6", "type": "2", "name": "complexity_level"}, {"name": "va_spon_dietetic_internship", "description": {"datatype": "http://www.w3.org/1999/02/22-rdf-syntax-ns#XMLLiteral", "fmType": "5", "fmId": "-1", "value": "This field contains Y or N if there are VA Sponsored Dietetic\rInternships.", "type": "typed-literal"}, "number": "6", "flags": "S", "details": "Y:YES;N:NO;", "type": "3", "location": "0;7"}, {"name": "affiliated_ap4", "description": {"datatype": "http://www.w3.org/1999/02/22-rdf-syntax-ns#XMLLiteral", "fmType": "5", "fmId": "-1", "value": "This field contains Y or N if there is Affiliated AP4.", "type": "typed-literal"}, "number": "7", "flags": "S", "details": "Y:YES;N:NO;", "type": "3", "location": "0;8"}, {"name": "affiliated_dietetic_intern", "description": {"datatype": "http://www.w3.org/1999/02/22-rdf-syntax-ns#XMLLiteral", "fmType": "5", "fmId": "-1", "value": "This field contains Y or N if there is Affiliated Dietetic Internship.", "type": "typed-literal"}, "number": "8", "flags": "S", "details": "Y:YES;N:NO;", "type": "3", "location": "0;9"}, {"name": "affiliated_cup", "description": {"datatype": "http://www.w3.org/1999/02/22-rdf-syntax-ns#XMLLiteral", "fmType": "5", "fmId": "-1", "value": "This field contains Y or N if there is Affiliated Cup.", "type": "typed-literal"}, "number": "9", "flags": "S", "details": "Y:YES;N:NO;", "type": "3", "location": "0;10"}, {"name": "va_sponsored_ap4", "description": {"datatype": "http://www.w3.org/1999/02/22-rdf-syntax-ns#XMLLiteral", "fmType": "5", "fmId": "-1", "value": "This field contain Y or N if there is VA Sponsored AP4.", "type": "typed-literal"}, "number": "10", "flags": "S", "details": "Y:YES;N:NO;", "type": "3", "location": "0;11"}, {"name": "affiliated_dietetic_tech", "description": {"datatype": "http://www.w3.org/1999/02/22-rdf-syntax-ns#XMLLiteral", "fmType": "5", "fmId": "-1", "value": "This field contain Y or N if there is Affiliated Dietetic Technicians.", "type": "typed-literal"}, "number": "11", "flags": "S", "details": "Y:YES;N:NO;", "type": "3", "location": "0;12"}, {"name": "specialized_medical_programs", "description": {"datatype": "http://www.w3.org/1999/02/22-rdf-syntax-ns#XMLLiteral", "fmType": "5", "fmId": "-1", "value": "This multiple contains the categories of the Specialized Medical\rPrograms.", "type": "typed-literal"}, "number": "12", "flags": "117.312P", "details": "117.312", "type": "9", "location": "SPEC;0"}, {"name": "primary_delivery_system", "description": {"datatype": "http://www.w3.org/1999/02/22-rdf-syntax-ns#XMLLiteral", "fmType": "5", "fmId": "-1", "value": "This multiple contains the categories of the Primary Delivery System.", "type": "typed-literal"}, "number": "13", "flags": "117.313P", "details": "117.313", "type": "9", "location": "DELV;0"}, {"description": {"datatype": "http://www.w3.org/1999/02/22-rdf-syntax-ns#XMLLiteral", "fmType": "5", "fmId": "-1", "value": "This field contains the number of Bedside Tray Service.", "type": "typed-literal"}, "number": "15", "flags": "NJ4,0", "location": "0;14", "type": "2", "name": "bedside_tray"}, {"description": {"datatype": "http://www.w3.org/1999/02/22-rdf-syntax-ns#XMLLiteral", "fmType": "5", "fmId": "-1", "value": "This field contains the number of Cafeteria Service.", "type": "typed-literal"}, "number": "16", "flags": "NJ4,0", "location": "0;15", "type": "2", "name": "cafeteria"}, {"description": {"datatype": "http://www.w3.org/1999/02/22-rdf-syntax-ns#XMLLiteral", "fmType": "5", "fmId": "-1", "value": "This field contains number of trays delivered to patients' table\rin a dining Area.", "type": "typed-literal"}, "number": "17", "flags": "NJ4,0", "location": "0;16", "type": "2", "name": "dining_room_tray"}, {"description": {"datatype": "http://www.w3.org/1999/02/22-rdf-syntax-ns#XMLLiteral", "fmType": "5", "fmId": "-1", "value": "This field contains the number of Inpatients being treated.", "type": "typed-literal"}, "number": "21", "flags": "NJ9,0", "location": "1;1", "type": "2", "name": "outpatients_visit_hosp"}, {"description": {"datatype": "http://www.w3.org/1999/02/22-rdf-syntax-ns#XMLLiteral", "fmType": "5", "fmId": "-1", "value": "This field contains the number of Outpatients that visited the Satellite\rClinics.", "type": "typed-literal"}, "number": "23", "flags": "NJ1,0", "location": "1;3", "type": "2", "name": "number_of_satellites"}, {"name": "satellite_loc", "description": {"datatype": "http://www.w3.org/1999/02/22-rdf-syntax-ns#XMLLiteral", "fmType": "5", "fmId": "-1", "value": "This multiple contains the Locations of the Satellite Clinics and\rthe number of Outpatients that visited them.", "type": "typed-literal"}, "number": "25", "flags": "117.325", "details": "117.325", "type": "9", "location": "CLIN;0"}, {"description": {"datatype": "http://www.w3.org/1999/02/22-rdf-syntax-ns#XMLLiteral", "fmType": "5", "fmId": "-1", "value": "The Total Meals Served calculated.", "type": "typed-literal"}, "number": "26", "flags": "NJ9,0", "location": "1;5", "type": "2", "name": "total_meals_served"}, {"description": {"datatype": "http://www.w3.org/1999/02/22-rdf-syntax-ns#XMLLiteral", "fmType": "5", "fmId": "-1", "value": "This field contains the count of all personnel assigned to the Dietetic\rService and includes full-time and part-time employees.", "type": "typed-literal"}, "number": "27", "flags": "NJ7,3", "location": "1;6", "type": "2", "name": "total_daily_ftee"}, {"description": {"datatype": "http://www.w3.org/1999/02/22-rdf-syntax-ns#XMLLiteral", "fmType": "5", "fmId": "-1", "value": "This field contains the FTEE of the Clinical Dietitians\rand Clinical Technicians who work with the Clinical\rDietitians in patient care activities.", "type": "typed-literal"}, "number": "28", "flags": "NJ7,3", "location": "1;7", "type": "2", "name": "clinical_ftee"}, {"description": {"datatype": "http://www.w3.org/1999/02/22-rdf-syntax-ns#XMLLiteral", "fmType": "5", "fmId": "-1", "value": "This field contains the FTEE of the Chief and Assistant Chief of\rthe Dietetic Service, Chief of the Administrative Section, Chief\rClinical Section, Administrative dietitians, internship,\reducation and staff development dietitians and any QA dietitians.", "type": "typed-literal"}, "number": "29", "flags": "NJ7,3", "location": "1;8", "type": "2", "name": "administrative_ftee"}, {"description": {"datatype": "http://www.w3.org/1999/02/22-rdf-syntax-ns#XMLLiteral", "fmType": "5", "fmId": "-1", "value": "This field contains the FTEE of all secretaries, clerk-typists,\rcost accountants and administrative technicians; it does not\rinclude the diet communications personnel.", "type": "typed-literal"}, "number": "30", "flags": "NJ7,3", "location": "1;9", "type": "2", "name": "support_staff_ftee"}, {"description": {"datatype": "http://www.w3.org/1999/02/22-rdf-syntax-ns#XMLLiteral", "fmType": "5", "fmId": "-1", "value": "This field contains the FTEE of all the supervisory cooks and the\rsupervisory food service workers.", "type": "typed-literal"}, "number": "31", "flags": "NJ7,3", "location": "1;10", "type": "2", "name": "supervisory_ftee"}, {"description": {"datatype": "http://www.w3.org/1999/02/22-rdf-syntax-ns#XMLLiteral", "fmType": "5", "fmId": "-1", "value": "This field contains the Modified Diet Snapshot date for building the\rlist of dates in Tabulating the total Modified Diet and calculating\rthe average of a week for each quarter.", "type": "typed-literal"}, "number": "31.5", "flags": "D", "location": "1;12", "type": "1", "name": "modified_diet_snapshot_date"}, {"description": {"datatype": "http://www.w3.org/1999/02/22-rdf-syntax-ns#XMLLiteral", "fmType": "5", "fmId": "-1", "value": "This field contains both the number of unscheduled hours and\rintermittent hours worked by measured personnel.", "type": "typed-literal"}, "number": "31.6", "flags": "NJ6,2", "location": "1;13", "type": "2", "name": "uns_int_hours"}, {"name": "total_cost_per_diem", "description": {"datatype": "http://www.w3.org/1999/02/22-rdf-syntax-ns#XMLLiteral", "fmType": "5", "fmId": "-1", "value": "This multiple contains the Cost Per Diem and Cost Per Meal.", "type": "typed-literal"}, "number": "32", "flags": "117.332", "details": "117.332", "type": "9", "location": "COST;0"}, {"name": "dietetic_equipment", "description": {"datatype": "http://www.w3.org/1999/02/22-rdf-syntax-ns#XMLLiteral", "fmType": "5", "fmId": "-1", "value": "This multiple contains the Dietetic Equipment available.", "type": "typed-literal"}, "number": "38", "flags": "117.338P", "details": "117.338", "type": "9", "location": "EQUI;0"}, {"description": {"datatype": "http://www.w3.org/1999/02/22-rdf-syntax-ns#XMLLiteral", "fmType": "5", "fmId": "-1", "value": "This field is the total Consolidated Memorandum Report (CMR) Equipment\rinventory Cost.", "type": "typed-literal"}, "number": "39", "flags": "NJ9,0", "location": "3;1", "type": "2", "name": "total_cmr_equipment_inv_cost"}, {"description": {"datatype": "http://www.w3.org/1999/02/22-rdf-syntax-ns#XMLLiteral", "fmType": "5", "fmId": "-1", "value": "This field contains the date the Nutritive Analysis Average for\rone week regular menu was taken.", "type": "typed-literal"}, "number": "40", "flags": "D", "location": "3;2", "type": "1", "name": "nutritive_analysis_date"}, {"description": {"datatype": "http://www.w3.org/1999/02/22-rdf-syntax-ns#XMLLiteral", "fmType": "5", "fmId": "-1", "value": "This field contains the amount of Calories taken from the Nutritive\rAverage of one week regular menu.", "type": "typed-literal"}, "number": "41", "flags": "NJ4,0", "location": "3;3", "type": "2", "name": "calories"}, {"description": {"datatype": "http://www.w3.org/1999/02/22-rdf-syntax-ns#XMLLiteral", "fmType": "5", "fmId": "-1", "value": "This field contains the percentage Carbohydrates taken from the\rNutritive Analysis Average of one week regular menu.", "type": "typed-literal"}, "number": "42", "flags": "NJ2,0", "location": "3;4", "type": "2", "name": "_cho"}, {"description": {"datatype": "http://www.w3.org/1999/02/22-rdf-syntax-ns#XMLLiteral", "fmType": "5", "fmId": "-1", "value": "This field contains the percentage Protein taken from the Nutritive\rAnalysis Average of one week regular menu.", "type": "typed-literal"}, "number": "43", "flags": "NJ2,0", "location": "3;5", "type": "2", "name": "_pro"}, {"description": {"datatype": "http://www.w3.org/1999/02/22-rdf-syntax-ns#XMLLiteral", "fmType": "5", "fmId": "-1", "value": "This field contains the percentage Fat taken from the Nutritive\rAnalysis Average of one week regular menu.", "type": "typed-literal"}, "number": "44", "flags": "NJ2,0", "location": "3;6", "type": "2", "name": "_fat"}, {"description": {"datatype": "http://www.w3.org/1999/02/22-rdf-syntax-ns#XMLLiteral", "fmType": "5", "fmId": "-1", "value": "This field contains the milligrams Cholesterol taken from the Nutritive\rAnalysis Average of one week regular menu.", "type": "typed-literal"}, "number": "45", "flags": "NJ3,0", "location": "3;7", "type": "2", "name": "mg_chol"}, {"description": {"datatype": "http://www.w3.org/1999/02/22-rdf-syntax-ns#XMLLiteral", "fmType": "5", "fmId": "-1", "value": "This field contains the milligrams Sodium taken from Nutritive\rAnalysis Average.", "type": "typed-literal"}, "number": "46", "flags": "NJ5,0", "location": "3;8", "type": "2", "name": "mg_na"}, {"description": {"datatype": "http://www.w3.org/1999/02/22-rdf-syntax-ns#XMLLiteral", "fmType": "5", "fmId": "-1", "value": "This field contains the number of the Specialty Staff Certified Diabetes\rEducators (CDE) at your facility.", "type": "typed-literal"}, "number": "47", "flags": "NJ2,0", "location": "1;14", "type": "2", "name": "staff_cert_diab_ed_cde"}, {"description": {"datatype": "http://www.w3.org/1999/02/22-rdf-syntax-ns#XMLLiteral", "fmType": "5", "fmId": "-1", "value": "This field contains the number of Specialty Staff Certified in Nutrition\rSupport at your facility.", "type": "typed-literal"}, "number": "48", "flags": "NJ2,0", "location": "1;15", "type": "2", "name": "staff_cert_in_nutr_supp"}, {"description": {"datatype": "http://www.w3.org/1999/02/22-rdf-syntax-ns#XMLLiteral", "fmType": "5", "fmId": "-1", "value": "This field contains the number of Specialty Staff Registered\rClinical Dietetic Technicians at your facility.", "type": "typed-literal"}, "number": "49", "flags": "NJ2,0", "location": "1;16", "type": "2", "name": "staff_reg_clin_die_tech"}, {"description": {"datatype": "http://www.w3.org/1999/02/22-rdf-syntax-ns#XMLLiteral", "fmType": "5", "fmId": "-1", "value": "This field contains the number of Specialty Staff with Clinical\rPrivileges (not scope of practice).", "type": "typed-literal"}, "number": "50", "flags": "NJ2,0", "location": "1;17", "type": "2", "name": "staff_w_clin_privileges"}, {"name": "do_you_use_cook_chill_foods", "description": {"datatype": "http://www.w3.org/1999/02/22-rdf-syntax-ns#XMLLiteral", "fmType": "5", "fmId": "-1", "value": "This field contains a Y or N on whether the Dietitians use Cook\rChill Foods.", "type": "typed-literal"}, "number": "51", "flags": "S", "details": "Y:YES;N:NO;", "type": "3", "location": "0;21"}, {"name": "select_1_or_2", "description": {"datatype": "http://www.w3.org/1999/02/22-rdf-syntax-ns#XMLLiteral", "fmType": "5", "fmId": "-1", "value": "This field will be asked if the Dietitians use Cook Chill Foods.\rIt contains a 1 for less and equal to 25% of menu items cook\rchilled or a 2 for greater than 25% of menu items cook chilled.", "type": "typed-literal"}, "number": "52", "flags": "S", "details": "1:LESS AND EQUAL 25% OF MENU ITEMS;2:GREATER THAN 25% OF MENU ITEMS;", "type": "3", "location": "0;22"}, {"name": "funded_nutrition_research", "description": {"datatype": "http://www.w3.org/1999/02/22-rdf-syntax-ns#XMLLiteral", "fmType": "5", "fmId": "-1", "value": "This field contains a Y or N on whether the Dietitians have\rFunded Nutrition Research.", "type": "typed-literal"}, "number": "53", "flags": "S", "details": "Y:YES;N:NO;", "type": "3", "location": "0;23"}, {"description": {"datatype": "http://www.w3.org/1999/02/22-rdf-syntax-ns#XMLLiteral", "fmType": "5", "fmId": "-1", "value": "This field contains the Assigned Clinical FTEE on the Funded\rNutrition Research.", "type": "typed-literal"}, "number": "54", "flags": "NJ4,1", "location": "0;24", "type": "2", "name": "assigned_clinical_ftee"}, {"name": "unfunded_nutrition_research", "description": {"datatype": "http://www.w3.org/1999/02/22-rdf-syntax-ns#XMLLiteral", "fmType": "5", "fmId": "-1", "value": "This field contains a Y or a N on whether the Dietitians have\rUnfunded Nutrition Research.", "type": "typed-literal"}, "number": "55", "flags": "S", "details": "Y:YES;N:NO;", "type": "3", "location": "0;25"}, {"name": "areas_of_research", "description": {"datatype": "http://www.w3.org/1999/02/22-rdf-syntax-ns#XMLLiteral", "fmType": "5", "fmId": "-1", "value": "This multiple contains a list of Areas of Research under the\rUnfunded Nutrition Research.", "type": "typed-literal"}, "number": "56", "flags": "117.356S", "details": "117.356", "type": "9", "location": "AREA;0"}, {"description": {"datatype": "http://www.w3.org/1999/02/22-rdf-syntax-ns#XMLLiteral", "fmType": "5", "fmId": "-1", "value": "This field contains the Assigned Total Clinical FTEE of the\rtotal of all the Areas of Research selected under the Unfunded\rNutrition Research.", "type": "typed-literal"}, "number": "57", "flags": "NJ5,1", "location": "0;26", "type": "2", "name": "assigned_total_clinical_ftee"}, {"name": "old_survey__appetizing", "description": {"datatype": "http://www.w3.org/1999/02/22-rdf-syntax-ns#XMLLiteral", "fmType": "5", "fmId": "-1", "value": "This multiple contains the numbers surveyed in regards to the five\rratings, Very Good, Good, Average, Fair, and Poor, for question one\rof the Dietetic Survey on whether the food looked attractive, appetizing.", "type": "typed-literal"}, "number": "58", "flags": "117.358", "details": "117.358", "type": "9", "location": "APP;0"}, {"name": "old_survey__taste", "description": {"datatype": "http://www.w3.org/1999/02/22-rdf-syntax-ns#XMLLiteral", "fmType": "5", "fmId": "-1", "value": "This multiple contains the numbers surveyed in regards to the five\rratings, Very Good, Good, Average, Fair, and Poor, for question two\rof the Dietetic Survey on whether the food tastes good.", "type": "typed-literal"}, "number": "59", "flags": "117.359", "details": "117.359", "type": "9", "location": "TAS;0"}, {"name": "old_survey__temperature", "description": {"datatype": "http://www.w3.org/1999/02/22-rdf-syntax-ns#XMLLiteral", "fmType": "5", "fmId": "-1", "value": "This multiple contains the numbers surveyed in regards to the five\rratings, Very Good, Good, Average, Fair, and Poor, for question three\rof the Dietetic Survey on the temperature of the food.", "type": "typed-literal"}, "number": "60", "flags": "117.31", "details": "117.31", "type": "9", "location": "TEM;0"}, {"name": "old_survey__variety", "description": {"datatype": "http://www.w3.org/1999/02/22-rdf-syntax-ns#XMLLiteral", "fmType": "5", "fmId": "-1", "value": "This multiple contains the numbers surveyed in regards to the five\rratings, Very Good, Good, Average, Fair, and Poor, for question\rfour of the Dietetic Survey on the variety of foods served.", "type": "typed-literal"}, "number": "61", "flags": "117.361", "details": "117.361", "type": "9", "location": "VAR;0"}, {"name": "old_survey__cleanliness", "description": {"datatype": "http://www.w3.org/1999/02/22-rdf-syntax-ns#XMLLiteral", "fmType": "5", "fmId": "-1", "value": "This multiple contains the numbers surveyed in regards to the five\rratings, Very Good, Good, Average, Fair, and Poor, for question five\rof the Dietetic Survey on whether the dishes, cups, and utensils\rwere clean.", "type": "typed-literal"}, "number": "62", "flags": "117.362", "details": "117.362", "type": "9", "location": "CLN;0"}, {"name": "old_survey__courteous", "description": {"datatype": "http://www.w3.org/1999/02/22-rdf-syntax-ns#XMLLiteral", "fmType": "5", "fmId": "-1", "value": "This multiple contains the number surveyed in regards to the five\rratings, Very Good, Good, Average, Fair, and Poor, for question\rsix of the Dietetic Survey on whether the Dietetic Service staff\rwere courteous.", "type": "typed-literal"}, "number": "63", "flags": "117.363", "details": "117.363", "type": "9", "location": "CRS;0"}, {"name": "old_survey__time", "description": {"datatype": "http://www.w3.org/1999/02/22-rdf-syntax-ns#XMLLiteral", "fmType": "5", "fmId": "-1", "value": "This multiple contains the numbers surveyed in regards to the five\rratings, Very Good, Good, Average, Fair, and Poor, for question seven\rof the Dietetic Survey on whether there was adequate time to eat.", "type": "typed-literal"}, "number": "64", "flags": "117.364", "details": "117.364", "type": "9", "location": "TIM;0"}, {"name": "old_survey__info", "description": {"datatype": "http://www.w3.org/1999/02/22-rdf-syntax-ns#XMLLiteral", "fmType": "5", "fmId": "-1", "value": "This multiple contains the numbers surveyed in regards to the five\rratings, Very Good, Good, Average, Fair, and Poor, for question eight\rof the Dietetic Survey on the diet information given by the\rdietitian/dietetic technician.", "type": "typed-literal"}, "number": "65", "flags": "117.365", "details": "117.365", "type": "9", "location": "INF;0"}, {"name": "old_survey__overall", "description": {"datatype": "http://www.w3.org/1999/02/22-rdf-syntax-ns#XMLLiteral", "fmType": "5", "fmId": "-1", "value": "This multiple contains the numbers surveyed in regards to the five\rratings, Very Good, Good, Average, Fair, and Poor, for question nine\rof the Dietetic Survey on the overall quality of the food service.", "type": "typed-literal"}, "number": "66", "flags": "117.366", "details": "117.366", "type": "9", "location": "OVA;0"}, {"name": "appetizing", "description": {"datatype": "http://www.w3.org/1999/02/22-rdf-syntax-ns#XMLLiteral", "fmType": "5", "fmId": "-1", "value": "This multiple contains the numbers surveyed in regard to the five\rratings, Excellent, Very Good, Good, Fair and Unacceptable for question #1\rof the Dietetic Survey on whether the food looked appealing and appetizing.", "type": "typed-literal"}, "number": "70", "flags": "117.37", "details": "117.37", "type": "9", "location": "Q1AP;0"}, {"name": "foods_preferred", "description": {"datatype": "http://www.w3.org/1999/02/22-rdf-syntax-ns#XMLLiteral", "fmType": "5", "fmId": "-1", "value": "This multiple contains the numbers surveyed in regard to the five\rratings, Excellent, Very Good, Good, Fair and Unacceptable for question #2\rof the Dietetic Survey on whether the meals include preferred foods.", "type": "typed-literal"}, "number": "71", "flags": "117.371", "details": "117.371", "type": "9", "location": "Q2FP;0"}, {"name": "hot_enough", "description": {"datatype": "http://www.w3.org/1999/02/22-rdf-syntax-ns#XMLLiteral", "fmType": "5", "fmId": "-1", "value": "This multiple contains the numbers surveyed in regard to the five\rratings, Excellent, Very Good, Good, Fair and Unacceptable for question #3\rof the Dietetic Survey on whether the food was hot enough.", "type": "typed-literal"}, "number": "72", "flags": "117.372", "details": "117.372", "type": "9", "location": "Q3HF;0"}, {"name": "cold_enough", "description": {"datatype": "http://www.w3.org/1999/02/22-rdf-syntax-ns#XMLLiteral", "fmType": "5", "fmId": "-1", "value": "This multiple contains the numbers surveyed in regard to the five\rratings, Excellent, Very Good, Good, Fair and Unacceptable for\rquestion #4 of the Dietetic Survey on whether items such as juice,\rmilk and desserts were cold enough.", "type": "typed-literal"}, "number": "73", "flags": "117.373", "details": "117.373", "type": "9", "location": "Q4CF;0"}, {"name": "courteous", "description": {"datatype": "http://www.w3.org/1999/02/22-rdf-syntax-ns#XMLLiteral", "fmType": "5", "fmId": "-1", "value": "This multiple contains the numbers surveyed in regard to the five ratings,\rExcellent, Very Good, Good, Fair and Unacceptable for question #5 of the\rDietetic Survey on whether NF&S employees were polite.", "type": "typed-literal"}, "number": "74", "flags": "117.374", "details": "117.374", "type": "9", "location": "Q5CR;0"}, {"name": "preferences_discussed", "description": {"datatype": "http://www.w3.org/1999/02/22-rdf-syntax-ns#XMLLiteral", "fmType": "5", "fmId": "-1", "value": "This multiple contains the numbers surveyed in regard to the five ratings,\rExcellent, Very Good, Good, Fair and Unacceptable for question #6 of the\rDietetic Survey on whether patient's food likes and dislikes are discussed.", "type": "typed-literal"}, "number": "75", "flags": "117.375", "details": "117.375", "type": "9", "location": "Q6PD;0"}, {"name": "timeliness", "description": {"datatype": "http://www.w3.org/1999/02/22-rdf-syntax-ns#XMLLiteral", "fmType": "5", "fmId": "-1", "value": "This multiple contains the numbers surveyed in regard to the five ratings,\rExcellent, Very Good, Good, Fair and Unacceptable for question #7 of the\rDietetic Survey on whether meals are served about the same time each day.", "type": "typed-literal"}, "number": "76", "flags": "117.376", "details": "117.376", "type": "9", "location": "Q7TI;0"}, {"name": "enough_time", "description": {"datatype": "http://www.w3.org/1999/02/22-rdf-syntax-ns#XMLLiteral", "fmType": "5", "fmId": "-1", "value": "This multiple contains the numbers surveyed in regard to the five\rratings, Excellent, Very Good, Good, Fair and Unacceptable for question #8\rof the Dietetic Survey on whether the patient had enough time to eat.", "type": "typed-literal"}, "number": "77", "flags": "117.377", "details": "117.377", "type": "9", "location": "Q8ET;0"}, {"name": "nutritional_info", "description": {"datatype": "http://www.w3.org/1999/02/22-rdf-syntax-ns#XMLLiteral", "fmType": "5", "fmId": "-1", "value": "This multiple contains the numbers surveyed in regard to the five ratings,\rExcellent, Very Good, Good, Fair and Unacceptable for question #9 of the\rDietetic Survey on whether the patient received nutritional information \ror an individual diet plan.", "type": "typed-literal"}, "number": "78", "flags": "117.378", "details": "117.378", "type": "9", "location": "Q9NI;0"}, {"name": "overall", "description": {"datatype": "http://www.w3.org/1999/02/22-rdf-syntax-ns#XMLLiteral", "fmType": "5", "fmId": "-1", "value": "This multiple contains the numbers surveyed in regard to the five ratings,\rExcellent, Very Good, Good, Fair and Unacceptable for question #10 of the\rDietetic Survey on the overall quality of the N&FS.", "type": "typed-literal"}, "number": "79", "flags": "117.379", "details": "117.379", "type": "9", "location": "Q10V;0"}], "fmql": {"TYPELABEL": "ANNUAL REPORT", "TYPE": "117_3", "OP": "DESCRIBE TYPE"}, "number": "117.3", "location": "^FH(117.3,", "name": "ANNUAL REPORT"}