{"count": "0", "description": {"datatype": "http://www.w3.org/1999/02/22-rdf-syntax-ns#XMLLiteral", "fmType": "5", "fmId": "-1", "value": "This file is the master list of ingredients used in preparing\rrecipes. It contains purchasing information, such as stock number\rand vendor, issuance data such as the issuing unit, and various\rconversion factors. Nutritive data such as food group, poundage\rfactors, and a pointer to the analogous food nutrient item in\rFile 112 are also included.", "type": "typed-literal"}, "fields": [{"index": "B", "name": "name", "number": ".01", "flags": "RF", "location": "0;1", "type": "4", "description": {"datatype": "http://www.w3.org/1999/02/22-rdf-syntax-ns#XMLLiteral", "fmType": "5", "fmId": "-1", "value": "This is the name of the ingredient which is an ordered item\rgenerally and which is used in the preparation of recipes.", "type": "typed-literal"}}, {"description": {"datatype": "http://www.w3.org/1999/02/22-rdf-syntax-ns#XMLLiteral", "fmType": "5", "fmId": "-1", "value": "This is a short description which will be used on purchase\rorders.", "type": "typed-literal"}, "number": "1", "flags": "RF", "location": "0;2", "type": "4", "name": "supply_description"}, {"description": {"datatype": "http://www.w3.org/1999/02/22-rdf-syntax-ns#XMLLiteral", "fmType": "5", "fmId": "-1", "value": "This is the Federal Stock Number (with hyphens) for items\robtained from VA Depots or DLA. It may be the local vendor's\rnumber for other items.", "type": "typed-literal"}, "number": "2", "flags": "F", "location": "0;3", "type": "4", "name": "stock_number"}, {"name": "vendor", "description": {"datatype": "http://www.w3.org/1999/02/22-rdf-syntax-ns#XMLLiteral", "fmType": "5", "fmId": "-1", "value": "This field indicates the current vendor from whom the item\ris procured.", "type": "typed-literal"}, "number": "3", "flags": "P113.2", "details": "113.2", "type": "7", "location": "0;4"}, {"description": {"datatype": "http://www.w3.org/1999/02/22-rdf-syntax-ns#XMLLiteral", "fmType": "5", "fmId": "-1", "value": "This is a two-character abbreviation indicating the unit\rof purchase and is such things as CN for can, PK for\rpackage, CS for case, etc.", "type": "typed-literal"}, "number": "4", "flags": "RF", "location": "0;5", "type": "4", "name": "unit_of_purchase_u_p"}, {"name": "dietetic_unit_of_issue", "description": {"datatype": "http://www.w3.org/1999/02/22-rdf-syntax-ns#XMLLiteral", "fmType": "5", "fmId": "-1", "value": "This is the unit of issue that dietetic personnel or supply\rpersonnel use for dispensing the item to ingredient control.\rIt is generally a #10-can or similar description.", "type": "typed-literal"}, "number": "5", "flags": "RP119.1X", "details": "119.1", "type": "7", "location": "0;6"}, {"description": {"datatype": "http://www.w3.org/1999/02/22-rdf-syntax-ns#XMLLiteral", "fmType": "5", "fmId": "-1", "value": "If the vendor requires that the unit of purchase be bought\rin some multiple, like 6 or 12 or 24, then that multiple\ris indicated here. VA Depot is the most common vendor\rrequiring such multiples.", "type": "typed-literal"}, "number": "6", "flags": "NJ4,0", "location": "0;7", "type": "2", "name": "ordering_multiple_of_u_p"}, {"description": {"datatype": "http://www.w3.org/1999/02/22-rdf-syntax-ns#XMLLiteral", "fmType": "5", "fmId": "-1", "value": "This is the number of Dietetic issue units in a unit of\rpurchase. If the U/P (unit of Purchase) is a CS that\rcontains 6 #10-cans and the Dietetic Issue unit is\ra #10-can then the value is 6.", "type": "typed-literal"}, "number": "7", "flags": "RNJ9,4", "location": "0;8", "type": "2", "name": "no_of_issue_units_in_a_u_p"}, {"description": {"datatype": "http://www.w3.org/1999/02/22-rdf-syntax-ns#XMLLiteral", "fmType": "5", "fmId": "-1", "value": "This field contains the most recent price of the unit\rof purchase from the vendor.", "type": "typed-literal"}, "number": "8", "flags": "NJ8,3", "location": "0;9", "type": "2", "name": "price_unit_of_purchase"}, {"description": {"datatype": "http://www.w3.org/1999/02/22-rdf-syntax-ns#XMLLiteral", "fmType": "5", "fmId": "-1", "value": "This field indicates that when the on-hand quantity drops\rbelow this value (the re-order level), then additional\rquantities should be ordered.", "type": "typed-literal"}, "number": "9", "flags": "NJ5,0", "location": "0;10", "type": "2", "name": "reorder_level_in_u_p"}, {"description": {"datatype": "http://www.w3.org/1999/02/22-rdf-syntax-ns#XMLLiteral", "fmType": "5", "fmId": "-1", "value": "This field contains the number of issue units that are on hand.", "type": "typed-literal"}, "number": "10", "flags": "NJ8,2", "location": "0;11", "type": "2", "name": "on_hand_in_u_p"}, {"name": "storage_location", "description": {"datatype": "http://www.w3.org/1999/02/22-rdf-syntax-ns#XMLLiteral", "fmType": "5", "fmId": "-1", "value": "This field indicates the storage location (File 113.1) where\rdietetics normally stores the item and where the stockroom\rrequisition clerk will normally obtain it.", "type": "typed-literal"}, "number": "11", "flags": "P113.1'", "details": "113.1", "type": "7", "location": "0;12"}, {"description": {"datatype": "http://www.w3.org/1999/02/22-rdf-syntax-ns#XMLLiteral", "fmType": "5", "fmId": "-1", "value": "This field contains the food group designated by the VA\rfor this ingredient item.", "type": "typed-literal"}, "number": "20", "flags": "RNJ1,0", "location": "0;13", "type": "2", "name": "food_group"}, {"name": "recipe_unit", "description": {"datatype": "http://www.w3.org/1999/02/22-rdf-syntax-ns#XMLLiteral", "fmType": "5", "fmId": "-1", "value": "This field contains LB, GAL, or EACH and is used to indicate\rwhether weight (LB), volumetric (GAL) or each (EACH) units\rare to be used in recipes to indicate the quantity required\rof this item. Amounts are stored in that file in these units.\r \rIt is extremely important that this field NOT be changed unless\rit is certain that no recipes use this ingredient. Changing\rthe field will invalidate the quantities shown in any recipe\rusing the item.", "type": "typed-literal"}, "number": "23", "flags": "RSX", "details": "LB:LB;GAL:GAL;EACH:EACH;", "type": "3", "location": "0;16"}, {"description": {"datatype": "http://www.w3.org/1999/02/22-rdf-syntax-ns#XMLLiteral", "fmType": "5", "fmId": "-1", "value": "This field indicates the number of recipe units contained in\ra Dietetic Issue unit.", "type": "typed-literal"}, "number": "24", "flags": "RNJ9,4", "location": "0;17", "type": "2", "name": "_of_rec_units_issue_unit"}, {"name": "inventory", "description": {"datatype": "http://www.w3.org/1999/02/22-rdf-syntax-ns#XMLLiteral", "fmType": "5", "fmId": "-1", "value": "This field, when answered YES, will indicate that inventorying\rof this item is desired. It is often NO for such items as\rcondiment packs in cases of 2000 which are replenished as\rneeded.", "type": "typed-literal"}, "number": "25", "flags": "S", "details": "Y:YES;N:NO;", "type": "3", "location": "0;19"}, {"description": {"datatype": "http://www.w3.org/1999/02/22-rdf-syntax-ns#XMLLiteral", "fmType": "5", "fmId": "-1", "value": "If this is a frozen item requiring thawing before use, then\rthe number of thaw days should be indicated.", "type": "typed-literal"}, "number": "26", "flags": "NJ1,0", "location": "0;20", "type": "2", "name": "thaw_days"}, {"name": "nutrient_data_reference", "description": {"datatype": "http://www.w3.org/1999/02/22-rdf-syntax-ns#XMLLiteral", "fmType": "5", "fmId": "-1", "value": "This is a pointer to the nutrient in File 112 which most closely\rapproximates the cooked ingredient. It will be used as a default\rnutrient when performing a nutrient analysis of a recipe containing\rthis ingredient.", "type": "typed-literal"}, "number": "27", "flags": "P112'", "details": "112", "type": "7", "location": "0;21"}, {"description": {"datatype": "http://www.w3.org/1999/02/22-rdf-syntax-ns#XMLLiteral", "fmType": "5", "fmId": "-1", "value": "This value represents the weight of the recipe unit in pounds and\ris required in performing nutrient analyses of recipes containing\rthis ingredient.", "type": "typed-literal"}, "number": "28", "flags": "NJ7,3", "location": "0;22", "type": "2", "name": "weight_of_recipe_unit_in_lbs"}, {"description": {"datatype": "http://www.w3.org/1999/02/22-rdf-syntax-ns#XMLLiteral", "fmType": "5", "fmId": "-1", "value": "This field contains the date the cost was last updated.", "type": "typed-literal"}, "number": "29", "flags": "D", "location": "0;23", "type": "1", "name": "date_cost_last_updated"}, {"description": {"datatype": "http://www.w3.org/1999/02/22-rdf-syntax-ns#XMLLiteral", "fmType": "5", "fmId": "-1", "value": "This field contains the date the quantity on hand was last updated.", "type": "typed-literal"}, "number": "30", "flags": "D", "location": "0;24", "type": "1", "name": "date_qoh_last_updated"}, {"name": "master_item_", "description": {"datatype": "http://www.w3.org/1999/02/22-rdf-syntax-ns#XMLLiteral", "fmType": "5", "fmId": "-1", "value": "This field contains the Master Item number for the ingredient.", "type": "typed-literal"}, "number": "31", "flags": "P441", "details": "441", "type": "7", "location": "0;25"}, {"name": "inactive", "description": {"datatype": "http://www.w3.org/1999/02/22-rdf-syntax-ns#XMLLiteral", "fmType": "5", "fmId": "-1", "value": "This field, if answered YES, will prohibit\rfurther selection of this entry.", "type": "typed-literal"}, "number": "99", "flags": "S", "details": "Y:YES;N:NO;", "type": "3", "location": "I;1"}], "fmql": {"TYPELABEL": "INGREDIENT", "TYPE": "113", "OP": "DESCRIBE TYPE"}, "number": "113", "location": "^FHING(", "name": "INGREDIENT"}