{"count": "0", "description": {"datatype": "http://www.w3.org/1999/02/22-rdf-syntax-ns#XMLLiteral", "fmType": "5", "fmId": "-1", "value": "This file contains subtypes associated with the output types.  For example,\rvoid, foley and suprapubic are subtypes of the output type urine.  The ADP\rcoordinator is allowed to configure the file.", "type": "typed-literal"}, "fields": [{"index": "B", "name": "output_subtype", "number": ".01", "flags": "RF", "location": "0;1", "type": "4", "description": {"datatype": "http://www.w3.org/1999/02/22-rdf-syntax-ns#XMLLiteral", "fmType": "5", "fmId": "-1", "value": "This field contains the names of subtypes under each major output category. \rVOID, FOLEY, STRAIGHT CATHETER, SUPRAPUBIC, and NEPHROSTOMY are subtypes of \rURINE. ", "type": "typed-literal"}}, {"index": "C", "name": "output_type", "description": {"datatype": "http://www.w3.org/1999/02/22-rdf-syntax-ns#XMLLiteral", "fmType": "5", "fmId": "-1", "value": "This field associates the major categories of patient output with an output\rsubtype in the .01 field in the file.  Pointer to the OUTPUT TYPE file\r(#126.58).", "type": "typed-literal"}, "number": "1", "flags": "RP126.58'", "location": "0;2", "type": "7", "details": "126.58"}], "fmql": {"TYPELABEL": "GMRY OUTPUT SUBTYPE", "TYPE": "126_6", "OP": "DESCRIBE TYPE"}, "number": "126.6", "location": "^GMRD(126.6,", "name": "GMRY OUTPUT SUBTYPE"}