{"count": "0", "description": {"datatype": "http://www.w3.org/1999/02/22-rdf-syntax-ns#XMLLiteral", "fmType": "5", "fmId": "-1", "value": "This file consists of a list of holiday dates for which special\rmeals are prepared. It consists of the holiday date, name, and\rallows for entry of a breakfast, noon, and/or evening meal\rwhich, if present, will override the normal menu cycle meals\ron that date.", "type": "typed-literal"}, "fields": [{"index": "B", "name": "date", "number": ".01", "flags": "RD", "location": "0;1", "type": "1", "description": {"datatype": "http://www.w3.org/1999/02/22-rdf-syntax-ns#XMLLiteral", "fmType": "5", "fmId": "-1", "value": "This is the date of a holiday. A holiday, for purposes of this\rprogram, is a date upon which one or more of the normal cycle\rmeals are suspended and other special meals substituted.", "type": "typed-literal"}}, {"description": {"datatype": "http://www.w3.org/1999/02/22-rdf-syntax-ns#XMLLiteral", "fmType": "5", "fmId": "-1", "value": "This field represents the name of the holiday.", "type": "typed-literal"}, "number": "1", "flags": "RF", "location": "0;5", "type": "4", "name": "holiday_name"}, {"name": "breakfast_meal", "description": {"datatype": "http://www.w3.org/1999/02/22-rdf-syntax-ns#XMLLiteral", "fmType": "5", "fmId": "-1", "value": "This field, if present, contains the meal which will override\rthe normal cycle breakfast meal.", "type": "typed-literal"}, "number": "2", "flags": "P116.1'", "details": "116.1", "type": "7", "location": "0;2"}, {"name": "noon_meal", "description": {"datatype": "http://www.w3.org/1999/02/22-rdf-syntax-ns#XMLLiteral", "fmType": "5", "fmId": "-1", "value": "This field, if present, contains the meal which will override\rthe normal cycle noon meal.", "type": "typed-literal"}, "number": "3", "flags": "P116.1'", "details": "116.1", "type": "7", "location": "0;3"}, {"name": "evening_meal", "description": {"datatype": "http://www.w3.org/1999/02/22-rdf-syntax-ns#XMLLiteral", "fmType": "5", "fmId": "-1", "value": "This field, if present, contains the meal which will override\rthe normal cycle evening meal.", "type": "typed-literal"}, "number": "4", "flags": "P116.1'", "details": "116.1", "type": "7", "location": "0;4"}], "fmql": {"TYPELABEL": "HOLIDAY MEALS", "TYPE": "116_3", "OP": "DESCRIBE TYPE"}, "number": "116.3", "location": "^FH(116.3,", "name": "HOLIDAY MEALS"}