{"fields": [{"index": "B", "name": "lab_test", "description": {"datatype": "http://www.w3.org/1999/02/22-rdf-syntax-ns#XMLLiteral", "fmType": "5", "fmId": "-1", "value": "This is the CH-subscripted lab test that is to be searched for and\rretrieved.", "type": "typed-literal"}, "number": ".01", "flags": "MR*P60'", "location": "0;1", "type": "7", "details": "60"}, {"name": "indicator", "description": {"datatype": "http://www.w3.org/1999/02/22-rdf-syntax-ns#XMLLiteral", "fmType": "5", "fmId": "-1", "value": "For CH tests, this will determine how to match lab results.", "type": "typed-literal"}, "number": "1", "flags": "RS", "details": "1:Use Reference Ranges;2:Contains;3:Greater Than;4:Less Than;5:Equal To;", "type": "3", "location": "0;2"}, {"description": {"datatype": "http://www.w3.org/1999/02/22-rdf-syntax-ns#XMLLiteral", "fmType": "5", "fmId": "-1", "value": "For CH tests, if the search is conditional this defines the criteria.", "type": "typed-literal"}, "number": "2", "flags": "F", "location": "0;3", "type": "4", "name": "indicator_value"}], "fmql": {"TYPELABEL": "LAB TEST", "TYPE": "104_15", "OP": "DESCRIBE TYPE"}, "name": "LAB TEST", "parent": "104.1", "number": "104.15"}