{"count": "0", "description": {"datatype": "http://www.w3.org/1999/02/22-rdf-syntax-ns#XMLLiteral", "fmType": "5", "fmId": "-1", "value": "This file contains Health Summary Types that are to be embedded into another \rdocument as an object.  The bulk of this file is made up of display flags \rwhich control how the object is to be embedded into the other document.", "type": "typed-literal"}, "fields": [{"index": "B", "name": "name", "number": ".01", "flags": "RF", "location": "0;1", "type": "4", "description": {"datatype": "http://www.w3.org/1999/02/22-rdf-syntax-ns#XMLLiteral", "fmType": "5", "fmId": "-1", "value": "This is the name of the Health Summary Object to be embedded in another \rdocument.", "type": "typed-literal"}}, {"description": {"datatype": "http://www.w3.org/1999/02/22-rdf-syntax-ns#XMLLiteral", "fmType": "5", "fmId": "-1", "value": "This is a string of text, 3 to 79 characters in length, that will precede \rthe object embedded in another document to identify the object that follows.", "type": "typed-literal"}, "number": ".02", "flags": "F", "location": "0;2", "type": "4", "name": "object_label"}, {"index": "AC", "name": "health_summary_type", "description": {"datatype": "http://www.w3.org/1999/02/22-rdf-syntax-ns#XMLLiteral", "fmType": "5", "fmId": "-1", "value": "This is a pointer to the Health Summary Type that will be imbedded as an \robject into another document.", "type": "typed-literal"}, "number": ".03", "flags": "RP142'", "location": "0;3", "type": "7", "details": "142"}, {"description": {"datatype": "http://www.w3.org/1999/02/22-rdf-syntax-ns#XMLLiteral", "fmType": "5", "fmId": "-1", "value": "This is a pointer to the Health Summary Type that will be imbedded as an \robject into another document.\relements may be excluded depending on how exclusion fields in this file are \rset.", "type": "typed-literal"}, "number": ".04", "flags": "FX", "location": "0;4", "type": "4", "name": "report_period"}, {"name": "suppress_components_w_o_data", "description": {"datatype": "http://www.w3.org/1999/02/22-rdf-syntax-ns#XMLLiteral", "fmType": "5", "fmId": "-1", "value": "If this field is set to 1 (YES) and a Health Summary component does not have \rany data, the component will be suppressed.  If this field is not set to 1 \r(YES) and the component does not have any data, then the component will \rprint with the statement \"No data available\".", "type": "typed-literal"}, "number": ".05", "flags": "S", "details": "1:YES;0:NO;", "type": "3", "location": "0;5"}, {"name": "suppress_header", "description": {"datatype": "http://www.w3.org/1999/02/22-rdf-syntax-ns#XMLLiteral", "fmType": "5", "fmId": "-1", "value": "When this field is set to 1 (YES), Health Summary headers will be suppressed\rwhen printing as an object embedded in another document.  Individual data \relements may be excluded depending on how exclusion fields in this file are \rset.", "type": "typed-literal"}, "number": ".06", "flags": "S", "details": "1:YES;0:NO;", "type": "3", "location": "0;6"}, {"name": "print_label", "description": {"datatype": "http://www.w3.org/1999/02/22-rdf-syntax-ns#XMLLiteral", "fmType": "5", "fmId": "-1", "value": "When this field is set to 1 (YES), the Health Summary Object Label will be\rprinted prior to printing the object.  When it is set to 0 (NO) the Health \rSummary Object Label will be ignored.", "type": "typed-literal"}, "number": ".07", "flags": "S", "details": "1:YES;0:NO;", "type": "3", "location": "0;7"}, {"name": "print_blank_line_after_label", "description": {"datatype": "http://www.w3.org/1999/02/22-rdf-syntax-ns#XMLLiteral", "fmType": "5", "fmId": "-1", "value": "If there is a Label for the object and the Label is to be printed, then a\rblank line may be printed after the object label if this field is set to\r1 (YES).", "type": "typed-literal"}, "number": ".08", "flags": "S", "details": "1:YES;0:NO;", "type": "3", "location": "0;8"}, {"name": "print_report_date_and_time", "description": {"datatype": "http://www.w3.org/1999/02/22-rdf-syntax-ns#XMLLiteral", "fmType": "5", "fmId": "-1", "value": "When this field is set to 1 (YES), the Health Summary report date and time \rwill be printed as part of a Health Summary object embedded in another \rdocument, even if the Health Summary headers are to be suppressed.", "type": "typed-literal"}, "number": ".09", "flags": "S", "details": "1:YES;0:NO;", "type": "3", "location": "0;9"}, {"name": "print_confidentiality_banner", "description": {"datatype": "http://www.w3.org/1999/02/22-rdf-syntax-ns#XMLLiteral", "fmType": "5", "fmId": "-1", "value": "When this field is set to 1 (YES), the Health Summary confidentiality banner \rwill be printed as part of a Health Summary object embedded in another \rdocument, even if the Health Summary headers are to be suppressed.\rsuppressed.", "type": "typed-literal"}, "number": ".1", "flags": "S", "details": "1:YES;0:NO;", "type": "3", "location": "0;10"}, {"name": "print_report_header", "description": {"datatype": "http://www.w3.org/1999/02/22-rdf-syntax-ns#XMLLiteral", "fmType": "5", "fmId": "-1", "value": "When this field is set to 1 (YES), the Health Summary report header (and \raccompanying blank line) will be printed as part of a Health Summary object\rembedded in another document, even if the Health Summary headers are to be \rsuppressed.", "type": "typed-literal"}, "number": ".11", "flags": "S", "details": "1:YES;0:NO;", "type": "3", "location": "0;11"}, {"name": "print_component_header", "description": {"datatype": "http://www.w3.org/1999/02/22-rdf-syntax-ns#XMLLiteral", "fmType": "5", "fmId": "-1", "value": "When this field is set to 1 (YES), the Health Summary component headers will\rbe printed as part of a Health Summary object embedded in another document, \reven if the Health Summary headers are to be suppressed.\rSummary headers are to be suppressed.  For this field to have any effect on \rthe display, the field \"PRINT COMPONENT HEADERS\" must also be set to 1\r(YES).", "type": "typed-literal"}, "number": ".12", "flags": "S", "details": "1:YES;0:NO;", "type": "3", "location": "0;12"}, {"name": "underline_component_header", "description": {"datatype": "http://www.w3.org/1999/02/22-rdf-syntax-ns#XMLLiteral", "fmType": "5", "fmId": "-1", "value": "When this field is set to 1 (YES), the a Component Header will be underlined \rwith a single dashed line.  For this field to have any effect on the display, \rthe field \"PRINT COMPONENT HEADERS\" must also be set to 1 (YES).  \r\rPN - Progress Notes \r-------------------\r<data> ", "type": "typed-literal"}, "number": ".13", "flags": "S", "details": "1:YES;0:NO;", "type": "3", "location": "0;13"}, {"name": "print_timeoccurrence_limits", "description": {"datatype": "http://www.w3.org/1999/02/22-rdf-syntax-ns#XMLLiteral", "fmType": "5", "fmId": "-1", "value": "When this field is set to 1 (YES), the Health Summary report time and \roccurrence limits will be printed with the Component Header as part of a \rHealth Summary object embedded in another document, even if the Health \rSummary headers are to be suppressed.  For this field to have any effect on \rthe display, the field \"PRINT COMPONENT HEADERS\" must also be set to 1 (YES)", "type": "typed-literal"}, "number": ".14", "flags": "S", "details": "1:YES;0:NO;", "type": "3", "location": "0;14"}, {"name": "force_blank_line", "description": {"datatype": "http://www.w3.org/1999/02/22-rdf-syntax-ns#XMLLiteral", "fmType": "5", "fmId": "-1", "value": "When this field is set to 1 (YES), a blank line will be printed after \reach Component Header as part of a Health Summary object embedded in another \rdocument, even if the Health Summary headers are to be suppressed.  For this \rfield to have any effect on the display, the field \"PRINT COMPONENT HEADERS\"\rmust also be set to 1 (YES).", "type": "typed-literal"}, "number": ".15", "flags": "S", "details": "1:YES;0:NO;", "type": "3", "location": "0;15"}, {"name": "print_deceased_information", "description": {"datatype": "http://www.w3.org/1999/02/22-rdf-syntax-ns#XMLLiteral", "fmType": "5", "fmId": "-1", "value": "The Health Summary has a conditional line of text that prints with each \rHealth Summary Header for patients who are deceased.  This conditional line \rcontains the word \"DECEASED\" and the date and time the patient died.  When \rthis field is set to 1 (YES), the conditional \"Deceased\" line will be \rprinted as part of a Health Summary object embedded in another document, \reven if the Health Summary headers are to be suppressed.", "type": "typed-literal"}, "number": ".16", "flags": "S", "details": "1:YES;0:NO;", "type": "3", "location": "0;16"}, {"name": "creator", "description": {"datatype": "http://www.w3.org/1999/02/22-rdf-syntax-ns#XMLLiteral", "fmType": "5", "fmId": "-1", "value": "The name of the individual who created the Health Summary object.", "type": "typed-literal"}, "number": ".17", "flags": "P200'", "details": "200", "type": "7", "location": "0;17"}, {"description": {"datatype": "http://www.w3.org/1999/02/22-rdf-syntax-ns#XMLLiteral", "fmType": "5", "fmId": "-1", "value": "This is the date the Object was created.", "type": "typed-literal"}, "number": ".18", "flags": "D", "location": "0;18", "type": "1", "name": "date_created"}, {"description": {"datatype": "http://www.w3.org/1999/02/22-rdf-syntax-ns#XMLLiteral", "fmType": "5", "fmId": "-1", "value": "This is the date that this object was last modified.", "type": "typed-literal"}, "number": ".19", "flags": "D", "location": "0;19", "type": "1", "name": "date_last_modified"}, {"name": "national_object", "description": {"datatype": "http://www.w3.org/1999/02/22-rdf-syntax-ns#XMLLiteral", "fmType": "5", "fmId": "-1", "value": "This field is a flag to indicate an object as being a nationally released \robject.", "type": "typed-literal"}, "number": ".2", "flags": "S", "details": "1:YES;0:NO;", "type": "3", "location": "0;20"}, {"type": "5", "location": "1;0", "flags": "142.51", "number": "1", "name": "object_description"}, {"description": {"datatype": "http://www.w3.org/1999/02/22-rdf-syntax-ns#XMLLiteral", "fmType": "5", "fmId": "-1", "value": "This field stores a site defined message. This message will replace the\rstandard No Data Available message when running a TIU/HS Object.\r", "type": "typed-literal"}, "number": "2", "flags": "F", "location": "2;1", "type": "4", "name": "overwrite_no_data"}], "fmql": {"TYPELABEL": "HEALTH SUMMARY OBJECTS", "TYPE": "142_5", "OP": "DESCRIBE TYPE"}, "number": "142.5", "location": "^GMT(142.5,", "name": "HEALTH SUMMARY OBJECTS"}