{"fields": [{"description": {"datatype": "http://www.w3.org/1999/02/22-rdf-syntax-ns#XMLLiteral", "fmType": "5", "fmId": "-1", "value": "This is the date for which the forecast census and actual census\rare tabulated.", "type": "typed-literal"}, "number": ".01", "flags": "DX", "location": "0;1", "type": "1", "name": "census_date"}, {"description": {"datatype": "http://www.w3.org/1999/02/22-rdf-syntax-ns#XMLLiteral", "fmType": "5", "fmId": "-1", "value": "This is the calculated forecast census for wards served by this\rService Point. It should be noted that some of these wards may\rhave only a small percentage of their patients served by the\rService Point.", "type": "typed-literal"}, "number": "1", "flags": "NJ4,0", "location": "0;2", "type": "2", "name": "forecast_census"}, {"description": {"datatype": "http://www.w3.org/1999/02/22-rdf-syntax-ns#XMLLiteral", "fmType": "5", "fmId": "-1", "value": "This field contains the actual census of the wards served by this\rService Point based upon the MAS ward census values.", "type": "typed-literal"}, "number": "2", "flags": "NJ4,0", "location": "0;3", "type": "2", "name": "actual_census"}, {"description": {"datatype": "http://www.w3.org/1999/02/22-rdf-syntax-ns#XMLLiteral", "fmType": "5", "fmId": "-1", "value": "This field contains the corrected forecast which is the forecast\rcensus corrected by applying the various percentages for tray,\rcafeteria, and dining room utilization.", "type": "typed-literal"}, "number": "3", "flags": "NJ4,0", "location": "0;4", "type": "2", "name": "corrected_forecast"}, {"description": {"datatype": "http://www.w3.org/1999/02/22-rdf-syntax-ns#XMLLiteral", "fmType": "5", "fmId": "-1", "value": "This is the date on which the last forecast was made for this\rcensus date.", "type": "typed-literal"}, "number": "5", "flags": "D", "location": "0;5", "type": "1", "name": "date_of_last_forecast"}], "fmql": {"TYPELABEL": "CENSUS DATE", "TYPE": "119_722", "OP": "DESCRIBE TYPE"}, "name": "CENSUS DATE", "parent": "119.72", "number": "119.722"}