{"count": "0", "description": {"datatype": "http://www.w3.org/1999/02/22-rdf-syntax-ns#XMLLiteral", "fmType": "5", "fmId": "-1", "value": "This file contains the list of types of dietetic consultations\rperformed as well as 'time-units' necessary to complete such\rconsultations for workload purposes.", "type": "typed-literal"}, "fields": [{"index": "B", "name": "name", "number": ".01", "flags": "RF", "location": "0;1", "type": "4", "description": {"datatype": "http://www.w3.org/1999/02/22-rdf-syntax-ns#XMLLiteral", "fmType": "5", "fmId": "-1", "value": "This is the name of the consultation as it would normally be\rknown by ward/medical personnel.", "type": "typed-literal"}}, {"description": {"datatype": "http://www.w3.org/1999/02/22-rdf-syntax-ns#XMLLiteral", "fmType": "5", "fmId": "-1", "value": "This is a short abbreviation of the dietetic consult type.", "type": "typed-literal"}, "number": "1", "flags": "RF", "location": "0;2", "type": "4", "name": "brief_name"}, {"name": "ask_initial_followup", "description": {"datatype": "http://www.w3.org/1999/02/22-rdf-syntax-ns#XMLLiteral", "fmType": "5", "fmId": "-1", "value": "This field, if answered YES, will prompt the clinician completing\rthe consult to indicate whether it was an initial consultation\ror a follow-up to prior consultations.", "type": "typed-literal"}, "number": "2", "flags": "S", "details": "Y:YES;N:NO;", "type": "3", "location": "0;3"}, {"description": {"datatype": "http://www.w3.org/1999/02/22-rdf-syntax-ns#XMLLiteral", "fmType": "5", "fmId": "-1", "value": "This field contains the number of 'time-units' associated\rwith an initial consultation. The values of these 'time-units'\rare left to local discretion.", "type": "typed-literal"}, "number": "3", "flags": "RNJ6,2", "location": "0;4", "type": "2", "name": "tu_for_initial_consult"}, {"description": {"datatype": "http://www.w3.org/1999/02/22-rdf-syntax-ns#XMLLiteral", "fmType": "5", "fmId": "-1", "value": "This field contains the number of 'time-units' associated\rwith a follow-up consultation and need be present only when\rthe follow-up prompt has been selected. The values of these\r'time-units' is left to local discretion.", "type": "typed-literal"}, "number": "4", "flags": "NJ6,2", "location": "0;5", "type": "2", "name": "tu_for_followup"}, {"name": "user_to_bulletin", "description": {"datatype": "http://www.w3.org/1999/02/22-rdf-syntax-ns#XMLLiteral", "fmType": "5", "fmId": "-1", "value": "If a bulletin to a designated clinician is desired whenever\rthis consult is ordered, the clinician should be selected.\rAn example might be a renal dialysis consult or a nutrition\rsupport consult.", "type": "typed-literal"}, "number": "5", "flags": "P200'", "details": "200", "type": "7", "location": "0;6"}, {"name": "inactive", "description": {"datatype": "http://www.w3.org/1999/02/22-rdf-syntax-ns#XMLLiteral", "fmType": "5", "fmId": "-1", "value": "This field, when answered YES, will prohibit further selection\rof this consult type by ward or dietetic personnel.", "type": "typed-literal"}, "number": "99", "flags": "SX", "details": "Y:YES;N:NO;", "type": "3", "location": "I;1"}], "fmql": {"TYPELABEL": "DIETETIC CONSULTS", "TYPE": "119_5", "OP": "DESCRIBE TYPE"}, "number": "119.5", "location": "^FH(119.5,", "name": "DIETETIC CONSULTS"}