{"count": "0", "description": {"datatype": "http://www.w3.org/1999/02/22-rdf-syntax-ns#XMLLiteral", "fmType": "5", "fmId": "-1", "value": "A listing of possible allergic reactions.\r \rPer VHA directive XXX, this file has been \"locked down\" by Data\rStandardization (DS).  The file definition (i.e. data dictionary) shall\rnot be modified.  All additions, changes and deletions to entries in the\rfile shall be done by Enterprise Reference Terminology (ERT) using the\rMaster File Server (MFS), provided by Common Services (CS).  Creating\rand/or editing locally defined fields in the file are not permitted.  Use\rof locally defined fields that were created prior to VHA Directive XXX\rshall not be supported.", "type": "typed-literal"}, "fields": [{"index": "B", "name": "name", "number": ".01", "flags": "RF", "location": "0;1", "type": "4", "description": {"datatype": "http://www.w3.org/1999/02/22-rdf-syntax-ns#XMLLiteral", "fmType": "5", "fmId": "-1", "value": "A sign/symptom that can be associated with an allergy.", "type": "typed-literal"}}, {"name": "national_sign_symptom", "description": {"datatype": "http://www.w3.org/1999/02/22-rdf-syntax-ns#XMLLiteral", "fmType": "5", "fmId": "-1", "value": "Indicates whether this sign/symptom has been released with the national\rpackage or has been added locally.", "type": "typed-literal"}, "number": "1", "flags": "SX", "details": "1:NATIONAL SIGN/SYMPTOM;", "type": "3", "location": "0;2"}, {"name": "synonym", "description": {"datatype": "http://www.w3.org/1999/02/22-rdf-syntax-ns#XMLLiteral", "fmType": "5", "fmId": "-1", "value": "A list of synonyms that can also be used to look up this sign/symptom.", "type": "typed-literal"}, "number": "2", "flags": "120.832", "details": "120.832", "type": "9", "location": "2;0"}, {"name": "master_entry_for_vuid", "description": {"datatype": "http://www.w3.org/1999/02/22-rdf-syntax-ns#XMLLiteral", "fmType": "5", "fmId": "-1", "value": "This field identifies the Master entry for a VUID associated with\ra Term/Concept.", "type": "typed-literal"}, "number": "99.98", "flags": "RSI", "details": "1:YES;0:NO;", "type": "3", "location": "VUID;2"}, {"index": "AVUID", "name": "vuid", "number": "99.99", "flags": "RFXI", "location": "VUID;1", "type": "4", "description": {"datatype": "http://www.w3.org/1999/02/22-rdf-syntax-ns#XMLLiteral", "fmType": "5", "fmId": "-1", "value": "VHA Unique ID (VUID).  A unique meaningless integer assigned to\rreference terms VHA wide.", "type": "typed-literal"}}, {"name": "effective_date_time", "description": {"datatype": "http://www.w3.org/1999/02/22-rdf-syntax-ns#XMLLiteral", "fmType": "5", "fmId": "-1", "value": "Describes the pair status and effective date/time for each\rreference term.", "type": "typed-literal"}, "number": "99.991", "flags": "120.8399DA", "details": "120.8399", "type": "9", "location": "TERMSTATUS;0"}], "fmql": {"TYPELABEL": "SIGN/SYMPTOMS", "TYPE": "120_83", "OP": "DESCRIBE TYPE"}, "number": "120.83", "location": "^GMRD(120.83,", "name": "SIGN/SYMPTOMS"}