{"fields": [{"index": "B", "name": "selection_file", "description": {"datatype": "http://www.w3.org/1999/02/22-rdf-syntax-ns#XMLLiteral", "fmType": "5", "fmId": "-1", "value": "Enter the names or numbers of the files from which selection items\r(e.g., lab tests (file 60), radiology procedures (file 71), or vital \rsigns (file 120.51)) may be chosen for this component.", "type": "typed-literal"}, "number": ".01", "flags": "M*P1'", "location": "0;1", "type": "7", "details": "1"}, {"description": {"datatype": "http://www.w3.org/1999/02/22-rdf-syntax-ns#XMLLiteral", "fmType": "5", "fmId": "-1", "value": "Enter the MAXIMUM number of selection items which may be selected for\rany single appearance of this component in a given health summary type.\rThat is, a value of 7 will allow the user to select as many as seven\ritems, etc.", "type": "typed-literal"}, "number": "1", "flags": "NJ2,0", "location": "0;2", "type": "2", "name": "selection_count_limit"}], "fmql": {"TYPELABEL": "SELECTION FILE", "TYPE": "142_17", "OP": "DESCRIBE TYPE"}, "name": "SELECTION FILE", "parent": "142.1", "number": "142.17"}