{"fields": [{"index": "B", "name": "except_orders_in_display_group", "description": {"datatype": "http://www.w3.org/1999/02/22-rdf-syntax-ns#XMLLiteral", "fmType": "5", "fmId": "-1", "value": " \rAny order related to the display group entered in the excluded \rdisplay group multiple will be exempt from any\rauto-discontinuing normally triggered by this rule.\r \rYou can use the excluded display group to protect a group of \rorders from being auto-discontinued.  If an order belonging to\rthis display group is found while processing this rule it will\rbe skipped and not be auto-discontinued.", "type": "typed-literal"}, "number": ".01", "flags": "MP100.98'", "location": "0;1", "type": "7", "details": "100.98"}], "fmql": {"TYPELABEL": "EXCLUDED DISPLAY GROUP", "TYPE": "100_65", "OP": "DESCRIBE TYPE"}, "name": "EXCLUDED DISPLAY GROUP", "parent": "100.6", "number": "100.65"}