{"fields": [{"index": "B", "name": "protocol_set", "number": ".01", "flags": "MF", "location": "0;1", "type": "4", "description": {"datatype": "http://www.w3.org/1999/02/22-rdf-syntax-ns#XMLLiteral", "fmType": "5", "fmId": "-1", "value": "This is an arbitrary name given to a specific set of protocols.  Different\rprotocol sets must be defined for each procedure file pointed to.", "type": "typed-literal"}}, {"name": "procedure_file", "description": {"datatype": "http://www.w3.org/1999/02/22-rdf-syntax-ns#XMLLiteral", "fmType": "5", "fmId": "-1", "value": "This is the procedure file that is used for this set for defining\rorderable procedures.", "type": "typed-literal"}, "number": ".02", "flags": "P1'", "details": "1", "type": "7", "location": "0;2"}, {"name": "default_protocol", "description": {"datatype": "http://www.w3.org/1999/02/22-rdf-syntax-ns#XMLLiteral", "fmType": "5", "fmId": "-1", "value": "This is the protocol that is used as a template for creating specific\rprotocols for each procedure selected.  A generic protocol should\rbe pointed to here.  The name and display text of the protocol created\rfrom this utility has the name of the procedure.  Everything else\ris taken from the generic protocol.\r \rThe entry and exit actions of the generic protocol must be able\rto process any of the procedures/protocols created from this set.", "type": "typed-literal"}, "number": ".03", "flags": "P101'", "details": "101", "type": "7", "location": "0;3"}, {"description": {"datatype": "http://www.w3.org/1999/02/22-rdf-syntax-ns#XMLLiteral", "fmType": "5", "fmId": "-1", "value": "This field is provided for packages that have specialized utilities\rfor building protocols.  If an entry is in this field, it will be used\rinstead of the generic means of using the procedure file field.  Having\rthis provides the clinical coordinator a central point for building\rmenus in OE/RR.", "type": "typed-literal"}, "number": "1", "flags": "K", "location": "1;E1,245", "type": "10", "name": "independent_code"}], "fmql": {"TYPELABEL": "PROTOCOL SET", "TYPE": "100_9955", "OP": "DESCRIBE TYPE"}, "name": "PROTOCOL SET", "parent": "100.995", "number": "100.9955"}