{"fields": [{"description": {"datatype": "http://www.w3.org/1999/02/22-rdf-syntax-ns#XMLLiteral", "fmType": "5", "fmId": "-1", "value": "This is the name of the printer used to automatically print the\rSchedule of Operations.\r ", "type": "typed-literal"}, "number": ".01", "flags": "MFX", "location": "0;1", "type": "4", "name": "or_schedule_devices"}], "fmql": {"TYPELABEL": "OR SCHEDULE DEVICES", "TYPE": "133_012", "OP": "DESCRIBE TYPE"}, "name": "OR SCHEDULE DEVICES", "parent": "133", "number": "133.012"}