{"fields": [{"description": {"datatype": "http://www.w3.org/1999/02/22-rdf-syntax-ns#XMLLiteral", "fmType": "5", "fmId": "-1", "value": "This is the name of the intraoperative occurrence.  If no\roccurrences exist, this field should be left blank.  Do not\renter 'NONE'.  It will not be accepted.\r ", "type": "typed-literal"}, "number": ".01", "flags": "MFX", "location": "0;1", "type": "4", "name": "intraoperative_occurrences"}, {"name": "outcome_to_date", "description": {"datatype": "http://www.w3.org/1999/02/22-rdf-syntax-ns#XMLLiteral", "fmType": "5", "fmId": "-1", "value": "This is the code corresponding to the outcome of this intraoperative\roccurrence.\r ", "type": "typed-literal"}, "number": ".05", "flags": "S", "details": "U:UNRESOLVED;I:IMPROVED;D:DEATH;W:WORSE;", "type": "3", "location": "0;6"}, {"description": {"datatype": "http://www.w3.org/1999/02/22-rdf-syntax-ns#XMLLiteral", "fmType": "5", "fmId": "-1", "value": "These are comments related to this intraoperative occurrence.\r ", "type": "typed-literal"}, "number": "1", "flags": "130.21", "location": "1;0", "type": "5", "name": "occurrence_comments"}, {"description": {"datatype": "http://www.w3.org/1999/02/22-rdf-syntax-ns#XMLLiteral", "fmType": "5", "fmId": "-1", "value": "This is descriptive information related to the type of treatment\rinstituted as a result of this occurrence.\r ", "type": "typed-literal"}, "number": "2", "flags": "F", "location": "2;1", "type": "4", "name": "treatment_instituted"}, {"name": "occurrence_category", "description": {"datatype": "http://www.w3.org/1999/02/22-rdf-syntax-ns#XMLLiteral", "fmType": "5", "fmId": "-1", "value": "This is the name of the category in which this occurrence will be grouped.\rThe category should be entered for all occurrences and will be used for\rSurgery Central Office Reporting Needs.\r ", "type": "typed-literal"}, "number": "3", "flags": "R*P136.5'", "details": "136.5", "type": "7", "location": "0;2"}, {"name": "icd_diagnosis_code", "description": {"datatype": "http://www.w3.org/1999/02/22-rdf-syntax-ns#XMLLiteral", "fmType": "5", "fmId": "-1", "value": "If the occurrence entered does not fit in any of the predefined\rcategories, it must have an ICD Diagnosis code entered.\r ", "type": "typed-literal"}, "number": "4", "flags": "*P80'X", "details": "80", "type": "7", "location": "0;3"}], "fmql": {"TYPELABEL": "INTRAOPERATIVE OCCURRENCES", "TYPE": "130_13", "OP": "DESCRIBE TYPE"}, "name": "INTRAOPERATIVE OCCURRENCES", "parent": "130", "number": "130.13"}