{"fields": [{"description": {"datatype": "http://www.w3.org/1999/02/22-rdf-syntax-ns#XMLLiteral", "fmType": "5", "fmId": "-1", "value": "This field contains the date/time the tubefeeding was ordered\rand will be effective.", "type": "typed-literal"}, "number": ".01", "flags": "D", "location": "0;1", "type": "1", "name": "tubefeeding"}, {"name": "tf_product", "description": {"datatype": "http://www.w3.org/1999/02/22-rdf-syntax-ns#XMLLiteral", "fmType": "5", "fmId": "-1", "value": "This multiple contains the tubefeeding products selected.", "type": "typed-literal"}, "number": "3", "flags": "115.1P", "details": "115.1", "type": "9", "location": "P;0"}, {"description": {"datatype": "http://www.w3.org/1999/02/22-rdf-syntax-ns#XMLLiteral", "fmType": "5", "fmId": "-1", "value": "This field contains any free-text comment entered at time\rof order entry.", "type": "typed-literal"}, "number": "4", "flags": "F", "location": "0;5", "type": "4", "name": "comment"}, {"description": {"datatype": "http://www.w3.org/1999/02/22-rdf-syntax-ns#XMLLiteral", "fmType": "5", "fmId": "-1", "value": "This field contains the total daily ml's administered of\rthe prepared (diluted) product.", "type": "typed-literal"}, "number": "6", "flags": "NJ5,0", "location": "0;6", "type": "2", "name": "total_mls"}, {"description": {"datatype": "http://www.w3.org/1999/02/22-rdf-syntax-ns#XMLLiteral", "fmType": "5", "fmId": "-1", "value": "This field contains the total Kilocalories per day provided\rby the tubefeeding.", "type": "typed-literal"}, "number": "7", "flags": "NJ5,0", "location": "0;7", "type": "2", "name": "total_kcals_day"}, {"name": "entering_clerk", "description": {"datatype": "http://www.w3.org/1999/02/22-rdf-syntax-ns#XMLLiteral", "fmType": "5", "fmId": "-1", "value": "This field contains the user entering the tubefeeding order\rand is automatically captured at time of entry.", "type": "typed-literal"}, "number": "10", "flags": "RP200'", "details": "200", "type": "7", "location": "0;10"}, {"description": {"datatype": "http://www.w3.org/1999/02/22-rdf-syntax-ns#XMLLiteral", "fmType": "5", "fmId": "-1", "value": "This field contains the date/time the tubefeeding order\rwas cancelled.", "type": "typed-literal"}, "number": "11", "flags": "D", "location": "0;11", "type": "1", "name": "cancellation_date_time"}, {"name": "cancelling_clerk", "description": {"datatype": "http://www.w3.org/1999/02/22-rdf-syntax-ns#XMLLiteral", "fmType": "5", "fmId": "-1", "value": "This field contains the user who cancelled the order and is\rcaptured automatically at time of cancellation.", "type": "typed-literal"}, "number": "12", "flags": "P200'", "details": "200", "type": "7", "location": "0;12"}, {"name": "oe_rr_order", "description": {"datatype": "http://www.w3.org/1999/02/22-rdf-syntax-ns#XMLLiteral", "fmType": "5", "fmId": "-1", "value": "This field contains a pointer to the OE/RR file order corresponding\rto this order.", "type": "typed-literal"}, "number": "13", "flags": "P100", "details": "100", "type": "7", "location": "0;14"}, {"description": {"datatype": "http://www.w3.org/1999/02/22-rdf-syntax-ns#XMLLiteral", "fmType": "5", "fmId": "-1", "value": "This is the date/time that the Tubefeeding order was last reviewed.\rFurther reviews are based upon this last review date/time.", "type": "typed-literal"}, "number": "14", "flags": "D", "location": "0;15", "type": "1", "name": "last_review_date_time"}, {"name": "review_clerk", "description": {"datatype": "http://www.w3.org/1999/02/22-rdf-syntax-ns#XMLLiteral", "fmType": "5", "fmId": "-1", "value": "This is a pointer to File 200 of the person entering the review.", "type": "typed-literal"}, "number": "15", "flags": "P200'", "details": "200", "type": "7", "location": "0;16"}], "fmql": {"TYPELABEL": "TUBEFEEDING", "TYPE": "115_04", "OP": "DESCRIBE TYPE"}, "name": "TUBEFEEDING", "parent": "115.01", "number": "115.04"}