{"fields": [{"index": "B", "name": "recipe_category", "description": {"datatype": "http://www.w3.org/1999/02/22-rdf-syntax-ns#XMLLiteral", "fmType": "5", "fmId": "-1", "value": "This is the Recipe Category (File 114.1) for the associated\rProduction Diets in this meal.", "type": "typed-literal"}, "number": ".01", "flags": "MRP114.1'", "location": "0;1", "type": "7", "details": "114.1"}, {"description": {"datatype": "http://www.w3.org/1999/02/22-rdf-syntax-ns#XMLLiteral", "fmType": "5", "fmId": "-1", "value": "This is a list of the production diets which will receive the\rrecipe. It is a syntactically complex field containing the\rproduction diet code and any specialized tray and cafeteria %'s\rassociated with that production diet.", "type": "typed-literal"}, "number": "1", "flags": "RFX", "location": "0;2", "type": "4", "name": "production_diets"}], "fmql": {"TYPELABEL": "RECIPE CATEGORY", "TYPE": "116_12", "OP": "DESCRIBE TYPE"}, "name": "RECIPE CATEGORY", "parent": "116.11", "number": "116.12"}