{"fields": [{"index": "B", "name": "areas_of_research", "description": {"datatype": "http://www.w3.org/1999/02/22-rdf-syntax-ns#XMLLiteral", "fmType": "5", "fmId": "-1", "value": "This field contains Areas of Research under Unfunded Nutrition\rResearch.", "type": "typed-literal"}, "number": ".01", "flags": "MRS", "location": "0;1", "type": "3", "details": "1:CLINICAL;2:COMMUNITY;3:COST/BENEFIT;4:EDUCATION;5:MANAGEMENT;"}], "fmql": {"TYPELABEL": "AREAS OF RESEARCH", "TYPE": "117_356", "OP": "DESCRIBE TYPE"}, "name": "AREAS OF RESEARCH", "parent": "117.3", "number": "117.356"}