{"fields": [{"name": "bulk_nourishments", "description": {"datatype": "http://www.w3.org/1999/02/22-rdf-syntax-ns#XMLLiteral", "fmType": "5", "fmId": "-1", "value": "This field contains the name of the bulk nourishment (supplemental\rfeeding) item to be delivered to the ward.", "type": "typed-literal"}, "number": ".01", "flags": "MP118'", "details": "118", "type": "7", "location": "0;1"}, {"description": {"datatype": "http://www.w3.org/1999/02/22-rdf-syntax-ns#XMLLiteral", "fmType": "5", "fmId": "-1", "value": "This field represents the quantity of the bulk nourishment\ritem to be delivered.", "type": "typed-literal"}, "number": "1", "flags": "RNJ2,0", "location": "0;2", "type": "2", "name": "quantity"}], "fmql": {"TYPELABEL": "BULK NOURISHMENTS", "TYPE": "119_61", "OP": "DESCRIBE TYPE"}, "name": "BULK NOURISHMENTS", "parent": "119.6", "number": "119.61"}