{"count": "0", "description": {"datatype": "http://www.w3.org/1999/02/22-rdf-syntax-ns#XMLLiteral", "fmType": "5", "fmId": "-1", "value": "This file contains the VASQIP list of excluded CPT codes. Surgical cases\rcoded only with CPT codes from this list will not be assessed.", "type": "typed-literal"}, "fields": [{"index": "B", "name": "cpt_code", "description": {"datatype": "http://www.w3.org/1999/02/22-rdf-syntax-ns#XMLLiteral", "fmType": "5", "fmId": "-1", "value": "This CPT code is on the list of VASQIP excluded CPT codes.", "type": "typed-literal"}, "number": ".01", "flags": "RP81'XI", "location": "0;1", "type": "7", "details": "81"}], "fmql": {"TYPELABEL": "CPT EXCLUSIONS", "TYPE": "137", "OP": "DESCRIBE TYPE"}, "number": "137", "location": "^SRO(137,", "name": "CPT EXCLUSIONS"}