{"fields": [{"index": "B", "name": "date_time_comment_entered", "number": ".01", "flags": "MD", "location": "0;1", "type": "1", "description": {"datatype": "http://www.w3.org/1999/02/22-rdf-syntax-ns#XMLLiteral", "fmType": "5", "fmId": "-1", "value": "This field is the date/time this comment was entered.  This field is\rautomatically filled by the system when a user enters a comment.", "type": "typed-literal"}}, {"name": "user_entering", "description": {"datatype": "http://www.w3.org/1999/02/22-rdf-syntax-ns#XMLLiteral", "fmType": "5", "fmId": "-1", "value": "This field tracks the user who entered this comment.  The field is\rautomatically stuffed when that user enters a comment.", "type": "typed-literal"}, "number": "1", "flags": "P200'", "details": "200", "type": "7", "location": "0;2"}, {"index": "AVER", "name": "comment_type", "description": {"datatype": "http://www.w3.org/1999/02/22-rdf-syntax-ns#XMLLiteral", "fmType": "5", "fmId": "-1", "value": "This field indicates the type of comments. If this field is\ranswered \"V\", then these comments are verifier entered.  If this field is\ranswered \"O\", then these are observer comments.  If this field is answered\r\"E\", then these are entered in error comments.", "type": "typed-literal"}, "number": "1.5", "flags": "S", "location": "0;3", "type": "3", "details": "V:VERIFIED;O:OBSERVED;E:ERRORED;"}, {"description": {"datatype": "http://www.w3.org/1999/02/22-rdf-syntax-ns#XMLLiteral", "fmType": "5", "fmId": "-1", "value": "This field contains comments that were entered.\r                                            \r                                              ", "type": "typed-literal"}, "number": "2", "flags": "120.8262", "location": "2;0", "type": "5", "name": "comments"}], "fmql": {"TYPELABEL": "COMMENTS", "TYPE": "120_826", "OP": "DESCRIBE TYPE"}, "name": "COMMENTS", "parent": "120.8", "number": "120.826"}