{"count": "0", "description": {"datatype": "http://www.w3.org/1999/02/22-rdf-syntax-ns#XMLLiteral", "fmType": "5", "fmId": "-1", "value": "This file holds the task syncronation flags that control if a task\rcan run or must wait.", "type": "typed-literal"}, "fields": [{"index": "B", "name": "name", "number": ".01", "flags": "RF", "location": "0;1", "type": "4"}, {"type": "4", "location": "1;1", "flags": "F", "number": "1", "name": "status"}], "fmql": {"TYPELABEL": "TASK SYNC FLAG", "TYPE": "14_8", "OP": "DESCRIBE TYPE"}, "number": "14.8", "location": "^%ZISL(14.8,", "name": "TASK SYNC FLAG"}