{"fields": [{"index": "B", "name": "item", "description": {"datatype": "http://www.w3.org/1999/02/22-rdf-syntax-ns#XMLLiteral", "fmType": "5", "fmId": "-1", "value": "This is used in building a treeview of reports for CPRS GUI.", "type": "typed-literal"}, "number": ".01", "flags": "MP101.24", "location": "0;1", "type": "7", "details": "101.24"}, {"description": {"datatype": "http://www.w3.org/1999/02/22-rdf-syntax-ns#XMLLiteral", "fmType": "5", "fmId": "-1", "value": "This is the header to be used.", "type": "typed-literal"}, "number": ".02", "flags": "F", "location": "0;2", "type": "4", "name": "header_text"}, {"description": {"datatype": "http://www.w3.org/1999/02/22-rdf-syntax-ns#XMLLiteral", "fmType": "5", "fmId": "-1", "value": "This is the sequence number for this report.", "type": "typed-literal"}, "number": ".03", "flags": "NJ7,1", "location": "0;3", "type": "2", "name": "sequence"}], "fmql": {"TYPELABEL": "ITEM", "TYPE": "101_241", "OP": "DESCRIBE TYPE"}, "name": "ITEM", "parent": "101.24", "number": "101.241"}