{"fields": [{"index": "B", "name": "selection", "description": {"datatype": "http://www.w3.org/1999/02/22-rdf-syntax-ns#XMLLiteral", "fmType": "5", "fmId": "-1", "value": "An AGGREGATE TERM that belongs to this text block.", "type": "typed-literal"}, "number": ".01", "flags": "M*P124.2'I", "location": "0;1", "type": "7", "details": "124.2"}, {"description": {"datatype": "http://www.w3.org/1999/02/22-rdf-syntax-ns#XMLLiteral", "fmType": "5", "fmId": "-1", "value": "Any additional free text for a SELECTION is entered here.  Multiple values\rare allowed with the horizontal bar (|) used as a delimiter.  The first\rpiece is equal to the free text appended to the end of an aggregate term,\rand all subsequent pieces are equal to any [ embedded ] free text\rwithin an AGGREGATE TERM.", "type": "typed-literal"}, "number": "1", "flags": "FXI", "location": "0;2", "type": "4", "name": "appended_internal_text"}, {"description": {"datatype": "http://www.w3.org/1999/02/22-rdf-syntax-ns#XMLLiteral", "fmType": "5", "fmId": "-1", "value": "This is additional text that is applicable for this term.", "type": "typed-literal"}, "number": "2", "flags": "FXI", "location": "ADD;1", "type": "4", "name": "additional_text"}, {"name": "audit_trail", "description": {"datatype": "http://www.w3.org/1999/02/22-rdf-syntax-ns#XMLLiteral", "fmType": "5", "fmId": "-1", "value": "This is an audit trail on this selection used by the General Medical Record\rTreatment Planner to determine the status of this selection.", "type": "typed-literal"}, "number": "3", "flags": "124.313IDA", "details": "124.313", "type": "9", "location": "2;0"}, {"name": "added", "description": {"datatype": "http://www.w3.org/1999/02/22-rdf-syntax-ns#XMLLiteral", "fmType": "5", "fmId": "-1", "value": "This is a flag that is stuffed in directly by the patient data edit.  This\rflag denotes whether this term has been added into the patient care plan or\rnot.", "type": "typed-literal"}, "number": "4", "flags": "RSI", "details": "0:NO;1:YES;", "type": "3", "location": "0;3"}], "fmql": {"TYPELABEL": "SELECTION", "TYPE": "124_31", "OP": "DESCRIBE TYPE"}, "name": "SELECTION", "parent": "124.3", "number": "124.31"}