{"count": "0", "description": {"datatype": "http://www.w3.org/1999/02/22-rdf-syntax-ns#XMLLiteral", "fmType": "5", "fmId": "-1", "value": "This file consists of a list of units used by the ingredient file\rto indicate the dietetic issue unit.", "type": "typed-literal"}, "fields": [{"index": "B", "name": "name", "number": ".01", "flags": "RF", "location": "0;1", "type": "4", "description": {"datatype": "http://www.w3.org/1999/02/22-rdf-syntax-ns#XMLLiteral", "fmType": "5", "fmId": "-1", "value": "This field contains the name of a unit which can be selected\ras the dietetic 'unit of issue' in the ingredient file.", "type": "typed-literal"}}], "fmql": {"TYPELABEL": "UNITS", "TYPE": "119_1", "OP": "DESCRIBE TYPE"}, "number": "119.1", "location": "^FH(119.1,", "name": "UNITS"}