{"fields": [{"description": {"datatype": "http://www.w3.org/1999/02/22-rdf-syntax-ns#XMLLiteral", "fmType": "5", "fmId": "-1", "value": "This is the date used to display the scheduling pattern.\r ", "type": "typed-literal"}, "number": ".01", "flags": "DI", "location": "0;1", "type": "1", "name": "schedule_date"}, {"description": {"datatype": "http://www.w3.org/1999/02/22-rdf-syntax-ns#XMLLiteral", "fmType": "5", "fmId": "-1", "value": "This is the pattern displaying scheduled cases for this operating\rroom.\r ", "type": "typed-literal"}, "number": "1", "flags": "FI", "location": "1;1", "type": "4", "name": "pattern"}], "fmql": {"TYPELABEL": "SCHEDULE DATE", "TYPE": "131_701", "OP": "DESCRIBE TYPE"}, "name": "SCHEDULE DATE", "parent": "131.7", "number": "131.701"}