{"count": "0", "applicationGroups": "ZT", "description": {"datatype": "http://www.w3.org/1999/02/22-rdf-syntax-ns#XMLLiteral", "fmType": "5", "fmId": "-1", "value": "Most TaskMan tasks run in the same uci and volume set in which they were\rcreated.  However, tasks that need a device that is only available from\ra different volume set can not.  Such tasks must run on the volume set\rfrom which the device is available, in a uci equivalent to their\rcurrent one.  Equivalent ucis on different volume sets can have different\rnames, so this file indicates which ucis on different volume sets are\requivalent.\r \rTaskMan only directly uses the \"AT\" and \"AV\" indices.  The \"AT\" index\rhas this structure:  ^%ZIS(\"AT\",.01,1.5,2.5,3)=\"\", and is used to find\requivalent ucis on different volume sets.  The \"AV\" index has this\rstructure: ^%ZIS(\"AV\",1.5,.01)=\"\", and is used to determine whether a\rcertain uci is part of a certain volume set.\r \rWhenever the VOLUME SET field of the VOLUME SET file is changed, a\rMUMPS cross-reference searches through this file and re-cross-references\rall pointers to that entry, thereby keeping the two files in synch.", "type": "typed-literal"}, "fields": [{"description": {"datatype": "http://www.w3.org/1999/02/22-rdf-syntax-ns#XMLLiteral", "fmType": "5", "fmId": "-1", "value": "Answer should be a unique number, used to identify this file entry.", "type": "typed-literal"}, "number": ".001", "flags": "NJ3,0", "location": " ", "type": "2", "name": "number"}, {"index": "B", "name": "from_uci", "number": ".01", "flags": "RF", "location": "0;1", "type": "4", "description": {"datatype": "http://www.w3.org/1999/02/22-rdf-syntax-ns#XMLLiteral", "fmType": "5", "fmId": "-1", "value": "Answer should be the name of a uci from which a task is being transferred.", "type": "typed-literal"}}, {"name": "from_volume_set", "description": {"datatype": "http://www.w3.org/1999/02/22-rdf-syntax-ns#XMLLiteral", "fmType": "5", "fmId": "-1", "value": "Answer should be the name of the volume set from which the task is being\rtransferred.", "type": "typed-literal"}, "number": "1", "flags": "R*P14.5'", "details": "14.5", "type": "7", "location": "0;5"}, {"description": {"datatype": "http://www.w3.org/1999/02/22-rdf-syntax-ns#XMLLiteral", "fmType": "5", "fmId": "-1", "value": "This field is write protected and uneditable.  It is triggered by field\r1, and holds the resolved pointer values for use in the file's cross-\rreferences.", "type": "typed-literal"}, "number": "1.5", "flags": "F", "location": "0;2", "type": "4", "name": "from_volume_set_free_text"}, {"name": "to_volume_set", "description": {"datatype": "http://www.w3.org/1999/02/22-rdf-syntax-ns#XMLLiteral", "fmType": "5", "fmId": "-1", "value": "Answer should be the name of the volume set to which the task is being\rtransferred.", "type": "typed-literal"}, "number": "2", "flags": "*P14.5'", "details": "14.5", "type": "7", "location": "0;6"}, {"description": {"datatype": "http://www.w3.org/1999/02/22-rdf-syntax-ns#XMLLiteral", "fmType": "5", "fmId": "-1", "value": "This field is write protected and uneditable.  It is triggered by field\r2, and holds the resolved pointer values for use in the file's cross-\rreferences.", "type": "typed-literal"}, "number": "2.5", "flags": "F", "location": "0;3", "type": "4", "name": "to_volume_set_free_text"}, {"description": {"datatype": "http://www.w3.org/1999/02/22-rdf-syntax-ns#XMLLiteral", "fmType": "5", "fmId": "-1", "value": "Answer should be the name of the uci to which the task will be transferred.", "type": "typed-literal"}, "number": "3", "flags": "F", "location": "0;4", "type": "4", "name": "to_uci"}], "fmql": {"TYPELABEL": "UCI ASSOCIATION", "TYPE": "14_6", "OP": "DESCRIBE TYPE"}, "number": "14.6", "location": "^%ZIS(14.6,", "name": "UCI ASSOCIATION"}