{"fields": [{"index": "B", "name": "antimicrobial_susceptibility", "description": {"datatype": "http://www.w3.org/1999/02/22-rdf-syntax-ns#XMLLiteral", "fmType": "5", "fmId": "-1", "value": "This defines which antimicrobials will be searched for to see if the\retiology is resistant to them. If no antimicrobials are specified, then\rthe program will just search for the presence of the etiology, without  \rsearching to see if the etiology is resistant to any of the \rantimicrobials.", "type": "typed-literal"}, "number": ".01", "flags": "MP62.06'", "location": "0;1", "type": "7", "details": "62.06"}, {"name": "indicator", "description": {"datatype": "http://www.w3.org/1999/02/22-rdf-syntax-ns#XMLLiteral", "fmType": "5", "fmId": "-1", "value": "This will determine how to match lab results.", "type": "typed-literal"}, "number": "1", "flags": "S", "details": "1:Contains;2:Greater Than;3:Less Than;4:Equal To;", "type": "3", "location": "0;2"}, {"description": {"datatype": "http://www.w3.org/1999/02/22-rdf-syntax-ns#XMLLiteral", "fmType": "5", "fmId": "-1", "value": "If the search is conditional this defines the criteria.", "type": "typed-literal"}, "number": "2", "flags": "F", "location": "0;3", "type": "4", "name": "indicated_value"}], "fmql": {"TYPELABEL": "ANTIMICROBIAL SUSCEPTIBILITY", "TYPE": "104_191", "OP": "DESCRIBE TYPE"}, "name": "ANTIMICROBIAL SUSCEPTIBILITY", "parent": "104.109", "number": "104.191"}