{"fields": [{"description": {"datatype": "http://www.w3.org/1999/02/22-rdf-syntax-ns#XMLLiteral", "fmType": "5", "fmId": "-1", "value": "VASQIP Definition (2010):\rAn additional operative procedure performed by the same surgical team\r(i.e., the same specialty/service) under the same anesthetic which has \ra CPT code different from that of the Principal Operative Procedure\r(e.g., a splenectomy performed in the course of a cholecystectomy).\rThis field should be verified. If need be, report discrepancies to the\rofficial CPT coder for surgery.", "type": "typed-literal"}, "number": ".01", "flags": "MFX", "location": "0;1", "type": "4", "name": "other_procedure"}, {"description": {"datatype": "http://www.w3.org/1999/02/22-rdf-syntax-ns#XMLLiteral", "fmType": "5", "fmId": "-1", "value": "These are comments related to this procedure.\r ", "type": "typed-literal"}, "number": "1.5", "flags": "130.26", "location": "1;0", "type": "5", "name": "procedure_code_comments"}, {"name": "completed", "description": {"datatype": "http://www.w3.org/1999/02/22-rdf-syntax-ns#XMLLiteral", "fmType": "5", "fmId": "-1", "value": "This indicates whether this procedure was completed.\r ", "type": "typed-literal"}, "number": "2", "flags": "S", "details": "Y:YES;N:NO;", "type": "3", "location": "0;3"}, {"name": "planned_other_proc_cpt_code", "description": {"datatype": "http://www.w3.org/1999/02/22-rdf-syntax-ns#XMLLiteral", "fmType": "5", "fmId": "-1", "value": "This is the Current Procedural Terminology (CPT) code corresponding to\rthis planned operative procedure. A CPT modifier on the CPT code may be\rincluded by appending the modifier to the CPT code separated by a\rhyphen in the format \"XXXXX-YY\" where \"XXXXX\" is the five character CPT\rcode and \"YY\" is the two character CPT modifier.", "type": "typed-literal"}, "number": "3", "flags": "*P81'OX", "details": "81", "type": "7", "location": "2;1"}, {"name": "other_procedure_cpt_modifier", "number": "4", "flags": "130.164P", "details": "130.164", "type": "9", "location": "MOD;0"}, {"name": "other_assoc_diagnosis", "description": {"datatype": "http://www.w3.org/1999/02/22-rdf-syntax-ns#XMLLiteral", "fmType": "5", "fmId": "-1", "value": "The OTHER ASSOC DIAGNOSIS is used to associate diagnoses to OTHER \rPROCEDURES.  This information is needed to generate a clean claim.", "type": "typed-literal"}, "number": "5", "flags": "130.165A", "details": "130.165", "type": "9", "location": "OADX;0"}], "fmql": {"TYPELABEL": "OTHER PROCEDURES", "TYPE": "130_16", "OP": "DESCRIBE TYPE"}, "name": "OTHER PROCEDURES", "parent": "130", "number": "130.16"}