{"count": "0", "description": {"datatype": "http://www.w3.org/1999/02/22-rdf-syntax-ns#XMLLiteral", "fmType": "5", "fmId": "-1", "value": "This file contains the statistical data necessary to prepare the\rServed Meals Report and the Staffing Data Report. Data\ris saved for each date.", "type": "typed-literal"}, "fields": [{"index": "B", "name": "census_date", "number": ".01", "flags": "RDX", "location": "0;1", "type": "1", "description": {"datatype": "http://www.w3.org/1999/02/22-rdf-syntax-ns#XMLLiteral", "fmType": "5", "fmId": "-1", "value": "This is the date for which various dietetic census and performance\rstandards data are entered.", "type": "typed-literal"}}, {"description": {"datatype": "http://www.w3.org/1999/02/22-rdf-syntax-ns#XMLLiteral", "fmType": "5", "fmId": "-1", "value": "This field contains the number of Domiciliary members shown by MAS\ras being admitted patients on the census date.", "type": "typed-literal"}, "number": "1", "flags": "NJ4,0", "location": "0;2", "type": "2", "name": "dom_members"}, {"description": {"datatype": "http://www.w3.org/1999/02/22-rdf-syntax-ns#XMLLiteral", "fmType": "5", "fmId": "-1", "value": "This field contains the number of Domiciliary members on\rauthorized or unauthorized absence on the census date.", "type": "typed-literal"}, "number": "2", "flags": "NJ4,0", "location": "0;3", "type": "2", "name": "dom_absences"}, {"description": {"datatype": "http://www.w3.org/1999/02/22-rdf-syntax-ns#XMLLiteral", "fmType": "5", "fmId": "-1", "value": "This field contains the number of Nursing Home Care Unit patients\rbeing shown by MAS as admitted patients on the census date.", "type": "typed-literal"}, "number": "4", "flags": "NJ4,0", "location": "0;4", "type": "2", "name": "nhcu_patients"}, {"description": {"datatype": "http://www.w3.org/1999/02/22-rdf-syntax-ns#XMLLiteral", "fmType": "5", "fmId": "-1", "value": "This field contains the number of Nursing Home Care Unit patients\ron authorized or unauthorized absence on the census date.", "type": "typed-literal"}, "number": "5", "flags": "NJ4,0", "location": "0;5", "type": "2", "name": "nhcu_absences"}, {"name": "comm_office", "number": "6", "flags": "117.06P", "details": "117.06", "type": "9", "location": "2;0"}, {"description": {"datatype": "http://www.w3.org/1999/02/22-rdf-syntax-ns#XMLLiteral", "fmType": "5", "fmId": "-1", "value": "This field contains the number of Hospital inpatients being shown\rby MAS as admitted patients on the census date.", "type": "typed-literal"}, "number": "7", "flags": "NJ4,0", "location": "0;6", "type": "2", "name": "hosp_inpatients"}, {"description": {"datatype": "http://www.w3.org/1999/02/22-rdf-syntax-ns#XMLLiteral", "fmType": "5", "fmId": "-1", "value": "This field contains the number of Hospital inpatients on\rauthorized or unauthorized absence on the census date.", "type": "typed-literal"}, "number": "8", "flags": "NJ4,0", "location": "0;7", "type": "2", "name": "hosp_absences"}, {"description": {"datatype": "http://www.w3.org/1999/02/22-rdf-syntax-ns#XMLLiteral", "fmType": "5", "fmId": "-1", "value": "This field contains the number of breakfast meals served to\routpatients on the census date.", "type": "typed-literal"}, "number": "30", "flags": "NJ4,0", "location": "1;1", "type": "2", "name": "outpatient_breakfast"}, {"description": {"datatype": "http://www.w3.org/1999/02/22-rdf-syntax-ns#XMLLiteral", "fmType": "5", "fmId": "-1", "value": "This field contains the number of noon meals served to\routpatients on the census date.", "type": "typed-literal"}, "number": "31", "flags": "NJ4,0", "location": "1;2", "type": "2", "name": "outpatient_noon"}, {"description": {"datatype": "http://www.w3.org/1999/02/22-rdf-syntax-ns#XMLLiteral", "fmType": "5", "fmId": "-1", "value": "This field contains the number of evening meals served to\routpatients on the census date.", "type": "typed-literal"}, "number": "32", "flags": "NJ4,0", "location": "1;3", "type": "2", "name": "outpatient_evening"}, {"description": {"datatype": "http://www.w3.org/1999/02/22-rdf-syntax-ns#XMLLiteral", "fmType": "5", "fmId": "-1", "value": "This field contains the number of breakfast meals served\runder contract on the census date.", "type": "typed-literal"}, "number": "33", "flags": "NJ4,0", "location": "1;4", "type": "2", "name": "employee_breakfast"}, {"description": {"datatype": "http://www.w3.org/1999/02/22-rdf-syntax-ns#XMLLiteral", "fmType": "5", "fmId": "-1", "value": "This field contains the number of noon meals served\runder contract on the census date.", "type": "typed-literal"}, "number": "34", "flags": "NJ4,0", "location": "1;5", "type": "2", "name": "employee_noon"}, {"description": {"datatype": "http://www.w3.org/1999/02/22-rdf-syntax-ns#XMLLiteral", "fmType": "5", "fmId": "-1", "value": "This field contains the number of evening meals served\runder contract on the census date.", "type": "typed-literal"}, "number": "35", "flags": "NJ4,0", "location": "1;6", "type": "2", "name": "employee_evening"}, {"description": {"datatype": "http://www.w3.org/1999/02/22-rdf-syntax-ns#XMLLiteral", "fmType": "5", "fmId": "-1", "value": "This field contains the number of breakfast meals served\rto other paid individuals on the census date.", "type": "typed-literal"}, "number": "36", "flags": "NJ4,0", "location": "1;7", "type": "2", "name": "paid_breakfast"}, {"description": {"datatype": "http://www.w3.org/1999/02/22-rdf-syntax-ns#XMLLiteral", "fmType": "5", "fmId": "-1", "value": "This field contains the number of noon meals served\rto other paid individuals on the census date.", "type": "typed-literal"}, "number": "37", "flags": "NJ4,0", "location": "1;8", "type": "2", "name": "paid_noon"}, {"description": {"datatype": "http://www.w3.org/1999/02/22-rdf-syntax-ns#XMLLiteral", "fmType": "5", "fmId": "-1", "value": "This field contains the number of evening meals served\rto other paid individuals on the census date.", "type": "typed-literal"}, "number": "38", "flags": "NJ4,0", "location": "1;9", "type": "2", "name": "paid_evening"}, {"description": {"datatype": "http://www.w3.org/1999/02/22-rdf-syntax-ns#XMLLiteral", "fmType": "5", "fmId": "-1", "value": "This field contains the number of breakfast meals served\rto OOD personnel on the census date.", "type": "typed-literal"}, "number": "39", "flags": "NJ4,0", "location": "1;10", "type": "2", "name": "ood_breakfast"}, {"description": {"datatype": "http://www.w3.org/1999/02/22-rdf-syntax-ns#XMLLiteral", "fmType": "5", "fmId": "-1", "value": "This field contains the number of noon meals served\rto OOD personnel on the census date.", "type": "typed-literal"}, "number": "40", "flags": "NJ4,0", "location": "1;11", "type": "2", "name": "ood_noon"}, {"description": {"datatype": "http://www.w3.org/1999/02/22-rdf-syntax-ns#XMLLiteral", "fmType": "5", "fmId": "-1", "value": "This field contains the number of evening meals served\rto OOD personnel on the census date.", "type": "typed-literal"}, "number": "41", "flags": "NJ4,0", "location": "1;12", "type": "2", "name": "ood_evening"}, {"description": {"datatype": "http://www.w3.org/1999/02/22-rdf-syntax-ns#XMLLiteral", "fmType": "5", "fmId": "-1", "value": "This field contains the number of breakfast meals served to\rvolunteers on the census date.", "type": "typed-literal"}, "number": "42", "flags": "NJ4,0", "location": "1;13", "type": "2", "name": "volunteer_breakfast"}, {"description": {"datatype": "http://www.w3.org/1999/02/22-rdf-syntax-ns#XMLLiteral", "fmType": "5", "fmId": "-1", "value": "This field contains the number of noon meals served to\rvolunteers on the census date.", "type": "typed-literal"}, "number": "43", "flags": "NJ4,0", "location": "1;14", "type": "2", "name": "volunteer_noon"}, {"description": {"datatype": "http://www.w3.org/1999/02/22-rdf-syntax-ns#XMLLiteral", "fmType": "5", "fmId": "-1", "value": "This field contains the number of evening meals served to\rvolunteers on the census date.", "type": "typed-literal"}, "number": "44", "flags": "NJ4,0", "location": "1;15", "type": "2", "name": "volunteer_evening"}, {"description": {"datatype": "http://www.w3.org/1999/02/22-rdf-syntax-ns#XMLLiteral", "fmType": "5", "fmId": "-1", "value": "This field contains the number of breakfast meals served\rgratuitously to others on the census date.", "type": "typed-literal"}, "number": "45", "flags": "NJ4,0", "location": "1;16", "type": "2", "name": "gratuitous_breakfast"}, {"description": {"datatype": "http://www.w3.org/1999/02/22-rdf-syntax-ns#XMLLiteral", "fmType": "5", "fmId": "-1", "value": "This field contains the number of noon meals served\rgratuitously to others on the census date.", "type": "typed-literal"}, "number": "46", "flags": "NJ4,0", "location": "1;17", "type": "2", "name": "gratuitous_noon"}, {"description": {"datatype": "http://www.w3.org/1999/02/22-rdf-syntax-ns#XMLLiteral", "fmType": "5", "fmId": "-1", "value": "This field contains the number of evening meals served\rgratuitously to others on the census date.", "type": "typed-literal"}, "number": "47", "flags": "NJ4,0", "location": "1;18", "type": "2", "name": "gratuitous_evening"}, {"description": {"datatype": "http://www.w3.org/1999/02/22-rdf-syntax-ns#XMLLiteral", "fmType": "5", "fmId": "-1", "value": "This field contains the number of cafeteria meals served\ron the census date.", "type": "typed-literal"}, "number": "50", "flags": "NJ4,0", "location": "1;19", "type": "2", "name": "cafeteria_meals"}, {"description": {"datatype": "http://www.w3.org/1999/02/22-rdf-syntax-ns#XMLLiteral", "fmType": "5", "fmId": "-1", "value": "This field contains the number of NPO meals for the\rcensus date.", "type": "typed-literal"}, "number": "51", "flags": "NJ4,0", "location": "1;20", "type": "2", "name": "npo_meals"}, {"description": {"datatype": "http://www.w3.org/1999/02/22-rdf-syntax-ns#XMLLiteral", "fmType": "5", "fmId": "-1", "value": "This field represents the number of patients for which the Nutrition\rStatus was I on the given date.", "type": "typed-literal"}, "number": "52", "flags": "NJ4,0", "location": "1;21", "type": "2", "name": "_patients_status_i"}, {"description": {"datatype": "http://www.w3.org/1999/02/22-rdf-syntax-ns#XMLLiteral", "fmType": "5", "fmId": "-1", "value": "This field represents the number of patients for which the Nutrition\rStatus was II on the given date.", "type": "typed-literal"}, "number": "53", "flags": "NJ4,0", "location": "1;22", "type": "2", "name": "_patients_status_ii"}, {"description": {"datatype": "http://www.w3.org/1999/02/22-rdf-syntax-ns#XMLLiteral", "fmType": "5", "fmId": "-1", "value": "This field represents the number of patients for which the Nutrition\rStatus was III on the given date.", "type": "typed-literal"}, "number": "54", "flags": "NJ4,0", "location": "1;23", "type": "2", "name": "_patients_status_iii"}, {"description": {"datatype": "http://www.w3.org/1999/02/22-rdf-syntax-ns#XMLLiteral", "fmType": "5", "fmId": "-1", "value": "This field represents the number of patients for which the Nutrition\rStatus was IV on the given date.", "type": "typed-literal"}, "number": "55", "flags": "NJ4,0", "location": "1;24", "type": "2", "name": "_patients_status_iv"}, {"description": {"datatype": "http://www.w3.org/1999/02/22-rdf-syntax-ns#XMLLiteral", "fmType": "5", "fmId": "-1", "value": "This field represents the number of patients for which the Nutrition\rStatus was not available, or invalid, on the given date.", "type": "typed-literal"}, "number": "56", "flags": "NJ4,0", "location": "1;25", "type": "2", "name": "_patients_status_unc"}, {"description": {"datatype": "http://www.w3.org/1999/02/22-rdf-syntax-ns#XMLLiteral", "fmType": "5", "fmId": "-1", "value": "This is the number of modified (non-regular) diets served. It\ralso includes NPOs and Passes.", "type": "typed-literal"}, "number": "57", "flags": "NJ9,0", "location": "1;26", "type": "2", "name": "_daily_modified_diets"}, {"description": {"datatype": "http://www.w3.org/1999/02/22-rdf-syntax-ns#XMLLiteral", "fmType": "5", "fmId": "-1", "value": "This field contains the number of total Diets.", "type": "typed-literal"}, "number": "58", "flags": "NJ10,0", "location": "1;27", "type": "2", "name": "_of_total_diets"}], "fmql": {"TYPELABEL": "MEALS SERVED", "TYPE": "117", "OP": "DESCRIBE TYPE"}, "number": "117", "location": "^FH(117,", "name": "MEALS SERVED"}