{"fields": [{"index": "B", "name": "division_site_medical_service", "description": {"datatype": "http://www.w3.org/1999/02/22-rdf-syntax-ns#XMLLiteral", "fmType": "5", "fmId": "-1", "value": "This is the name of the Medical Services at the sites or divisions. These\rcan be entered as, for example, West Division Medicine, or Bonham\rMedicine, in the case of a multiple division or multiple site,\rrespectively.", "type": "typed-literal"}, "number": ".01", "flags": "P123.5", "location": "0;1", "type": "7", "details": "123.5"}], "fmql": {"TYPELABEL": "DIVISION/SITE MEDICAL SERVICE", "TYPE": "123_92", "OP": "DESCRIBE TYPE"}, "name": "DIVISION/SITE MEDICAL SERVICE", "parent": "123.9", "number": "123.92"}