{"fields": [{"index": "B", "name": "holiday_scheduling_allowed", "description": {"datatype": "http://www.w3.org/1999/02/22-rdf-syntax-ns#XMLLiteral", "fmType": "5", "fmId": "-1", "value": " This is a holiday on which the scheduling of surgical cases will be \r allowed.", "type": "typed-literal"}, "number": ".01", "flags": "MP40.5'XO", "location": "0;1", "type": "7", "details": "40.5"}], "fmql": {"TYPELABEL": "HOLIDAY SCHEDULING ALLOWED", "TYPE": "133_027", "OP": "DESCRIBE TYPE"}, "name": "HOLIDAY SCHEDULING ALLOWED", "parent": "133", "number": "133.027"}