{"fields": [{"index": "B", "name": "etiology", "description": {"datatype": "http://www.w3.org/1999/02/22-rdf-syntax-ns#XMLLiteral", "fmType": "5", "fmId": "-1", "value": "Enter the cause of the patient's spinal cord condition.\rBoth traumatic and non-traumatic causes may be entered.", "type": "typed-literal"}, "number": ".01", "flags": "MP154.03'", "location": "0;1", "type": "7", "details": "154.03"}, {"description": {"datatype": "http://www.w3.org/1999/02/22-rdf-syntax-ns#XMLLiteral", "fmType": "5", "fmId": "-1", "value": "Enter the date of the SCD injury/trauma or diagnosis.\rYou may not enter a future data.", "type": "typed-literal"}, "number": ".02", "flags": "D", "location": "0;2", "type": "1", "name": "date_of_onset"}, {"description": {"datatype": "http://www.w3.org/1999/02/22-rdf-syntax-ns#XMLLiteral", "fmType": "5", "fmId": "-1", "value": "If you entered other for cause of the patient's spinal cord condition, you\rmay describe the pateint's condition here.", "type": "typed-literal"}, "number": ".03", "flags": "F", "location": "0;3", "type": "4", "name": "describe_other"}, {"type": "6", "description": {"datatype": "http://www.w3.org/1999/02/22-rdf-syntax-ns#XMLLiteral", "fmType": "5", "fmId": "-1", "value": "This field describes the nature of the spinal cord condition\r(traumatic / non-traumatic).  This field is computed based on the entry\rselected for the etiology field field.", "type": "typed-literal"}, "flags": "CJ8", "number": "999.01", "name": "onset_of_scd_cause_by_trauma"}], "fmql": {"TYPELABEL": "ETIOLOGY", "TYPE": "154_004", "OP": "DESCRIBE TYPE"}, "name": "ETIOLOGY", "parent": "154", "number": "154.004"}