{"fields": [{"name": "other_procedure_code", "description": {"datatype": "http://www.w3.org/1999/02/22-rdf-syntax-ns#XMLLiteral", "fmType": "5", "fmId": "-1", "value": "This is the Current Procedural Terminology (CPT) code corresponding to\rthis operative procedure.", "type": "typed-literal"}, "number": ".01", "flags": "*P81'OX", "details": "81", "type": "7", "location": "0;1"}, {"name": "other_procedure_cpt_modifiers", "number": "1", "flags": "136.31P", "details": "136.31", "type": "9", "location": "1;0"}, {"name": "other_associated_diagnoses", "number": "2", "flags": "136.32P", "details": "136.32", "type": "9", "location": "2;0"}], "fmql": {"TYPELABEL": "OTHER PROCEDURE CODES", "TYPE": "136_03", "OP": "DESCRIBE TYPE"}, "name": "OTHER PROCEDURE CODES", "parent": "136", "number": "136.03"}