{"count": "0", "description": {"datatype": "http://www.w3.org/1999/02/22-rdf-syntax-ns#XMLLiteral", "fmType": "5", "fmId": "-1", "value": "This file contains the different multi-drug resistant organisms (MDROs)\rthat are needed for the MRSA Program Tools software. Entries in this file\rshould not be edited. This file will be maintained by the support team.", "type": "typed-literal"}, "fields": [{"index": "B", "name": "abbreviation", "number": ".01", "flags": "RF", "location": "0;1", "type": "4", "description": {"datatype": "http://www.w3.org/1999/02/22-rdf-syntax-ns#XMLLiteral", "fmType": "5", "fmId": "-1", "value": "This is the abbreviation for the MDRO.", "type": "typed-literal"}}, {"description": {"datatype": "http://www.w3.org/1999/02/22-rdf-syntax-ns#XMLLiteral", "fmType": "5", "fmId": "-1", "value": "This is the full name of the MDRO.", "type": "typed-literal"}, "number": "1", "flags": "F", "location": "0;2", "type": "4", "name": "name"}, {"name": "division", "number": "2", "flags": "104.22PA", "details": "104.22", "type": "9", "location": "1;0"}, {"type": "5", "location": "2;0", "flags": "104.23", "number": "3", "name": "description"}], "fmql": {"TYPELABEL": "MDRO TYPES", "TYPE": "104_2", "OP": "DESCRIBE TYPE"}, "number": "104.2", "location": "^MMRS(104.2,", "name": "MDRO TYPES"}