{"fields": [{"index": "B", "name": "tf_product", "description": {"datatype": "http://www.w3.org/1999/02/22-rdf-syntax-ns#XMLLiteral", "fmType": "5", "fmId": "-1", "value": "This field contains the tubefeeding product to be administered.", "type": "typed-literal"}, "number": ".01", "flags": "MRP118.2'", "location": "0;1", "type": "7", "details": "118.2"}, {"name": "strength", "description": {"datatype": "http://www.w3.org/1999/02/22-rdf-syntax-ns#XMLLiteral", "fmType": "5", "fmId": "-1", "value": "This field contains the quantity of the tubefeeding and may\rbe expressed in Kilocalories per day, ml's per hour, or\rsimilar rates.", "type": "typed-literal"}, "number": "1", "flags": "RS", "details": "1:1/4;2:1/2;3:3/4;4:FULL;", "type": "3", "location": "0;2"}, {"description": {"datatype": "http://www.w3.org/1999/02/22-rdf-syntax-ns#XMLLiteral", "fmType": "5", "fmId": "-1", "value": "This field contains the strength of the tubefeeding product\rand the degree, if any, of dilution.", "type": "typed-literal"}, "number": "2", "flags": "RF", "location": "0;3", "type": "4", "name": "quantity"}, {"description": {"datatype": "http://www.w3.org/1999/02/22-rdf-syntax-ns#XMLLiteral", "fmType": "5", "fmId": "-1", "value": "This is the number of ml's of the TF product which are contained in\rthe order for a day (or less than a day if so indicated).", "type": "typed-literal"}, "number": "3", "flags": "NJ5,0", "location": "0;4", "type": "2", "name": "product_mls_day"}, {"description": {"datatype": "http://www.w3.org/1999/02/22-rdf-syntax-ns#XMLLiteral", "fmType": "5", "fmId": "-1", "value": "This is the number of ml's of water to be used to dilute the TF product\rif indicated.", "type": "typed-literal"}, "number": "4", "flags": "NJ5,0", "location": "0;5", "type": "2", "name": "water_mls_day"}, {"description": {"datatype": "http://www.w3.org/1999/02/22-rdf-syntax-ns#XMLLiteral", "fmType": "5", "fmId": "-1", "value": "This is the number of Kcal's contained in this TF product as prepared.", "type": "typed-literal"}, "number": "5", "flags": "NJ5,0", "location": "0;6", "type": "2", "name": "kcals_day"}], "fmql": {"TYPELABEL": "TF PRODUCT", "TYPE": "115_1", "OP": "DESCRIBE TYPE"}, "name": "TF PRODUCT", "parent": "115.04", "number": "115.1"}