{"fields": [{"index": "B", "name": "associated_hospital_location", "description": {"datatype": "http://www.w3.org/1999/02/22-rdf-syntax-ns#XMLLiteral", "fmType": "5", "fmId": "-1", "value": "This is a pointer to the Hospital Location file to store the hospital\rlocation(s) associated with this Nutrition Location.  Outpatient\rLocations MUST have an Associated Hospital Location set up.", "type": "typed-literal"}, "number": ".01", "flags": "MRP44'X", "location": "0;1", "type": "7", "details": "44"}], "fmql": {"TYPELABEL": "ASSOCIATED HOSPITAL LOCATION", "TYPE": "119_64", "OP": "DESCRIBE TYPE"}, "name": "ASSOCIATED HOSPITAL LOCATION", "parent": "119.6", "number": "119.64"}