{"fields": [{"index": "B", "name": "included_bact_rpt_remark", "number": ".01", "flags": "MF", "location": "0;1", "type": "4", "description": {"datatype": "http://www.w3.org/1999/02/22-rdf-syntax-ns#XMLLiteral", "fmType": "5", "fmId": "-1", "value": "For MI-subscripted tests, this will be used to determine the criteria that\rmust be contained in the report remarks.", "type": "typed-literal"}}], "fmql": {"TYPELABEL": "INCLUDED BACT RPT REMARKS", "TYPE": "104_107", "OP": "DESCRIBE TYPE"}, "name": "INCLUDED BACT RPT REMARKS", "parent": "104.1", "number": "104.107"}