{"fields": [{"index": "B", "name": "to_specialty", "description": {"datatype": "http://www.w3.org/1999/02/22-rdf-syntax-ns#XMLLiteral", "fmType": "5", "fmId": "-1", "value": "This is a treating specialty that will prevent this rule from being\rapplied; specialty transfer rules will discontinue active orders unless\rthe patient is being transferred to this specialty from the EXCEPT FROM\rSPECIALTY.", "type": "typed-literal"}, "number": ".01", "flags": "MP45.7'X", "location": "0;1", "type": "7", "details": "45.7"}], "fmql": {"TYPELABEL": "TO SPECIALTY", "TYPE": "100_641", "OP": "DESCRIBE TYPE"}, "name": "TO SPECIALTY", "parent": "100.64", "number": "100.641"}