{"fields": [{"index": "B", "name": "special_meal_date_time", "number": ".01", "flags": "MDX", "location": "0;1", "type": "1", "description": {"datatype": "http://www.w3.org/1999/02/22-rdf-syntax-ns#XMLLiteral", "fmType": "5", "fmId": "-1", "value": "This field will contain the date/time of the special meal.", "type": "typed-literal"}}, {"name": "status", "description": {"datatype": "http://www.w3.org/1999/02/22-rdf-syntax-ns#XMLLiteral", "fmType": "5", "fmId": "-1", "value": "This field will store the status of the special meal request.\rThe allowable statuses are PENDING, CANCELLED, AUTHORIZED or DENIED.", "type": "typed-literal"}, "number": "1", "flags": "S", "details": "P:PENDING;C:CANCELLED;A:AUTHORIZED;D:DENIED;", "type": "3", "location": "0;2"}, {"name": "location", "description": {"datatype": "http://www.w3.org/1999/02/22-rdf-syntax-ns#XMLLiteral", "fmType": "5", "fmId": "-1", "value": "This field will store the location for a patient who has requested\ra special \"one-time\" meal.", "type": "typed-literal"}, "number": "2", "flags": "P119.6'", "details": "119.6", "type": "7", "location": "0;3"}, {"name": "roombed", "description": {"datatype": "http://www.w3.org/1999/02/22-rdf-syntax-ns#XMLLiteral", "fmType": "5", "fmId": "-1", "value": "This field will store the ROOM and BED # for the outpatient special meal\rbeing ordered.", "type": "typed-literal"}, "number": "2.5", "flags": "P405.4'", "details": "405.4", "type": "7", "location": "0;13"}, {"name": "diet", "description": {"datatype": "http://www.w3.org/1999/02/22-rdf-syntax-ns#XMLLiteral", "fmType": "5", "fmId": "-1", "value": "This field will store the diet entered for a patient who has requested\ra special \"one-time\" meal.", "type": "typed-literal"}, "number": "3", "flags": "P111'", "details": "111", "type": "7", "location": "0;4"}, {"name": "meal", "description": {"datatype": "http://www.w3.org/1999/02/22-rdf-syntax-ns#XMLLiteral", "fmType": "5", "fmId": "-1", "value": "This field will store the meal (breakfast/noon/evening) for the special meal.", "type": "typed-literal"}, "number": "3.5", "flags": "S", "details": "B:Breakfast;N:Noon;E:Evening;", "type": "3", "location": "0;9"}, {"name": "requestor", "description": {"datatype": "http://www.w3.org/1999/02/22-rdf-syntax-ns#XMLLiteral", "fmType": "5", "fmId": "-1", "value": "This field will store the name of the person who has requested the\rspecial meal.  This field is a pointer to the NEW PERSON (#200) file.", "type": "typed-literal"}, "number": "4", "flags": "P200'", "details": "200", "type": "7", "location": "0;5"}, {"name": "authorizor", "description": {"datatype": "http://www.w3.org/1999/02/22-rdf-syntax-ns#XMLLiteral", "fmType": "5", "fmId": "-1", "value": "This field will store the name of the person who has authorized the\rspecial meal.  This field is a pointer to the NEW PERSON (#200) file.", "type": "typed-literal"}, "number": "5", "flags": "P200'", "details": "200", "type": "7", "location": "0;6"}, {"description": {"datatype": "http://www.w3.org/1999/02/22-rdf-syntax-ns#XMLLiteral", "fmType": "5", "fmId": "-1", "value": "This field stores the date/time that the special meal was authorized or denied.", "type": "typed-literal"}, "number": "6", "flags": "D", "location": "0;7", "type": "1", "name": "authorize_deny_date_time"}, {"description": {"datatype": "http://www.w3.org/1999/02/22-rdf-syntax-ns#XMLLiteral", "fmType": "5", "fmId": "-1", "value": "If the special meal request is denied the authorizor may enter the reason\rwhy it was denied in this comment field.", "type": "typed-literal"}, "number": "7", "flags": "F", "location": "0;8", "type": "4", "name": "comment"}, {"description": {"datatype": "http://www.w3.org/1999/02/22-rdf-syntax-ns#XMLLiteral", "fmType": "5", "fmId": "-1", "value": "This field will store the time for the early/late tray.", "type": "typed-literal"}, "number": "8", "flags": "F", "location": "1;1", "type": "4", "name": "early_late_tray_time"}, {"name": "early_late_tray_bagged_meal", "description": {"datatype": "http://www.w3.org/1999/02/22-rdf-syntax-ns#XMLLiteral", "fmType": "5", "fmId": "-1", "value": "This field will store whether or not the early/late tray is a bagged meal.", "type": "typed-literal"}, "number": "9", "flags": "S", "details": "Y:YES;N:NO;", "type": "3", "location": "1;2"}, {"name": "early_late_tray_clerk", "description": {"datatype": "http://www.w3.org/1999/02/22-rdf-syntax-ns#XMLLiteral", "fmType": "5", "fmId": "-1", "value": "This field will store the person who entered the early/late tray.", "type": "typed-literal"}, "number": "10", "flags": "P200'", "details": "200", "type": "7", "location": "1;3"}, {"name": "early_late_tray_oe_rr_order", "description": {"datatype": "http://www.w3.org/1999/02/22-rdf-syntax-ns#XMLLiteral", "fmType": "5", "fmId": "-1", "value": "This field is a pointer to the corresponding entry in the ORDERS (#100) \rfile.", "type": "typed-literal"}, "number": "11", "flags": "P100'", "details": "100", "type": "7", "location": "1;4"}, {"name": "early_late_tray_status", "description": {"datatype": "http://www.w3.org/1999/02/22-rdf-syntax-ns#XMLLiteral", "fmType": "5", "fmId": "-1", "value": "This field will be \"A\" for Active or \"C\" for cancelled.", "type": "typed-literal"}, "number": "11.5", "flags": "S", "details": "A:ACTIVE;C:CANCELLED;", "type": "3", "location": "1;5"}, {"description": {"datatype": "http://www.w3.org/1999/02/22-rdf-syntax-ns#XMLLiteral", "fmType": "5", "fmId": "-1", "value": "Stores the last date and time a tray ticket was printed for this\routpatient meal.", "type": "typed-literal"}, "number": "12", "flags": "D", "location": "0;10", "type": "1", "name": "date_time_ticket_last_printed"}, {"description": {"datatype": "http://www.w3.org/1999/02/22-rdf-syntax-ns#XMLLiteral", "fmType": "5", "fmId": "-1", "value": "Stores the last date and time a diet card was printed for this\routpatient meal.", "type": "typed-literal"}, "number": "13", "flags": "D", "location": "0;11", "type": "1", "name": "date_time_card_last_printed"}, {"name": "special_oe_rr_order", "description": {"datatype": "http://www.w3.org/1999/02/22-rdf-syntax-ns#XMLLiteral", "fmType": "5", "fmId": "-1", "value": "Pointer to File #100 for Special Meals entered via OE/RR.", "type": "typed-literal"}, "number": "14", "flags": "P100'", "details": "100", "type": "7", "location": "0;12"}], "fmql": {"TYPELABEL": "SPECIAL MEALS", "TYPE": "115_017", "OP": "DESCRIBE TYPE"}, "name": "SPECIAL MEALS", "parent": "115", "number": "115.017"}