{"count": "0", "description": {"datatype": "http://www.w3.org/1999/02/22-rdf-syntax-ns#XMLLiteral", "fmType": "5", "fmId": "-1", "value": "This Taskman file hold counts that taskman has collected during the day.\rEach of the fields 3 to 26 holds the count for 1 hour starting from\rmidnight.", "type": "typed-literal"}, "fields": [{"index": "B", "name": "date", "number": ".01", "flags": "RD", "location": "0;1", "type": "1", "description": {"datatype": "http://www.w3.org/1999/02/22-rdf-syntax-ns#XMLLiteral", "fmType": "5", "fmId": "-1", "value": "This field holds the FM date that this set of monitor data is for.", "type": "typed-literal"}}, {"description": {"datatype": "http://www.w3.org/1999/02/22-rdf-syntax-ns#XMLLiteral", "fmType": "5", "fmId": "-1", "value": "This field holds the Taskman ZTPAIR data. It should match a current\rTaskman Box-Volume pair.", "type": "typed-literal"}, "number": "2", "flags": "F", "location": "0;2", "type": "4", "name": "boxvolume_pair"}, {"description": {"datatype": "http://www.w3.org/1999/02/22-rdf-syntax-ns#XMLLiteral", "fmType": "5", "fmId": "-1", "value": "This field holds the count of the number of tasks that the manager moved\rfrom the schedule queue for time 00:00-00:59.", "type": "typed-literal"}, "number": "3", "flags": "NJ7,0", "location": "0;3", "type": "2", "name": "task_count_0"}, {"description": {"datatype": "http://www.w3.org/1999/02/22-rdf-syntax-ns#XMLLiteral", "fmType": "5", "fmId": "-1", "value": "This field holds the count of the number of tasks that the manager moved\rfrom the schedule queue for time 1:00-1:59.", "type": "typed-literal"}, "number": "4", "flags": "NJ7,0", "location": "0;4", "type": "2", "name": "task_count_1"}, {"description": {"datatype": "http://www.w3.org/1999/02/22-rdf-syntax-ns#XMLLiteral", "fmType": "5", "fmId": "-1", "value": "This field holds the count of the number of tasks that the manager moved\rfrom the schedule queue for time 2:00-2:59.", "type": "typed-literal"}, "number": "5", "flags": "NJ7,0", "location": "0;5", "type": "2", "name": "task_count_2"}, {"description": {"datatype": "http://www.w3.org/1999/02/22-rdf-syntax-ns#XMLLiteral", "fmType": "5", "fmId": "-1", "value": "This field holds the count of the number of tasks that the manager moved\rfrom the schedule queue for time 3:00-3:59.", "type": "typed-literal"}, "number": "6", "flags": "NJ7,0", "location": "0;6", "type": "2", "name": "task_count_3"}, {"description": {"datatype": "http://www.w3.org/1999/02/22-rdf-syntax-ns#XMLLiteral", "fmType": "5", "fmId": "-1", "value": "This field holds the count of the number of tasks that the manager moved\rfrom the schedule queue for time 4:00-4:59.", "type": "typed-literal"}, "number": "7", "flags": "NJ7,0", "location": "0;7", "type": "2", "name": "task_count_4"}, {"description": {"datatype": "http://www.w3.org/1999/02/22-rdf-syntax-ns#XMLLiteral", "fmType": "5", "fmId": "-1", "value": "This field holds the count of the number of tasks that the manager moved\rfrom the schedule queue for time 5:00-5:59.", "type": "typed-literal"}, "number": "8", "flags": "NJ7,0", "location": "0;8", "type": "2", "name": "task_count_5"}, {"description": {"datatype": "http://www.w3.org/1999/02/22-rdf-syntax-ns#XMLLiteral", "fmType": "5", "fmId": "-1", "value": "This field holds the count of the number of tasks that the manager moved\rfrom the schedule queue for time 6:00-6:59.", "type": "typed-literal"}, "number": "9", "flags": "NJ7,0", "location": "0;9", "type": "2", "name": "task_count_6"}, {"description": {"datatype": "http://www.w3.org/1999/02/22-rdf-syntax-ns#XMLLiteral", "fmType": "5", "fmId": "-1", "value": "This field holds the count of the number of tasks that the manager moved\rfrom the schedule queue for time 7:00-7:59.", "type": "typed-literal"}, "number": "10", "flags": "NJ7,0", "location": "0;10", "type": "2", "name": "task_count_7"}, {"description": {"datatype": "http://www.w3.org/1999/02/22-rdf-syntax-ns#XMLLiteral", "fmType": "5", "fmId": "-1", "value": "This field holds the count of the number of tasks that the manager moved\rfrom the schedule queue for time 8:00-8:59.", "type": "typed-literal"}, "number": "11", "flags": "NJ7,0", "location": "0;11", "type": "2", "name": "task_count_8"}, {"description": {"datatype": "http://www.w3.org/1999/02/22-rdf-syntax-ns#XMLLiteral", "fmType": "5", "fmId": "-1", "value": "This field holds the count of the number of tasks that the manager moved\rfrom the schedule queue for time 9:00-9:59.", "type": "typed-literal"}, "number": "12", "flags": "NJ7,0", "location": "0;12", "type": "2", "name": "task_count_9"}, {"description": {"datatype": "http://www.w3.org/1999/02/22-rdf-syntax-ns#XMLLiteral", "fmType": "5", "fmId": "-1", "value": "This field holds the count of the number of tasks that the manager moved\rfrom the schedule queue for time 10:00-10:59.", "type": "typed-literal"}, "number": "13", "flags": "NJ7,0", "location": "0;13", "type": "2", "name": "task_count_10"}, {"description": {"datatype": "http://www.w3.org/1999/02/22-rdf-syntax-ns#XMLLiteral", "fmType": "5", "fmId": "-1", "value": "This field holds the count of the number of tasks that the manager moved\rfrom the schedule queue for time 11:00-11:59.", "type": "typed-literal"}, "number": "14", "flags": "NJ7,0", "location": "0;14", "type": "2", "name": "task_count_11"}, {"description": {"datatype": "http://www.w3.org/1999/02/22-rdf-syntax-ns#XMLLiteral", "fmType": "5", "fmId": "-1", "value": "This field holds the count of the number of tasks that the manager moved\rfrom the schedule queue for time 12:00-12:59.", "type": "typed-literal"}, "number": "15", "flags": "NJ7,0", "location": "0;15", "type": "2", "name": "task_count_12"}, {"description": {"datatype": "http://www.w3.org/1999/02/22-rdf-syntax-ns#XMLLiteral", "fmType": "5", "fmId": "-1", "value": "This field holds the count of the number of tasks that the manager moved\rfrom the schedule queue for time 13:00-13:59.", "type": "typed-literal"}, "number": "16", "flags": "NJ7,0", "location": "0;16", "type": "2", "name": "task_count_13"}, {"description": {"datatype": "http://www.w3.org/1999/02/22-rdf-syntax-ns#XMLLiteral", "fmType": "5", "fmId": "-1", "value": "This field holds the count of the number of tasks that the manager moved\rfrom the schedule queue for time 14:00-14:59.", "type": "typed-literal"}, "number": "17", "flags": "NJ7,0", "location": "0;17", "type": "2", "name": "task_count_14"}, {"description": {"datatype": "http://www.w3.org/1999/02/22-rdf-syntax-ns#XMLLiteral", "fmType": "5", "fmId": "-1", "value": "This field holds the count of the number of tasks that the manager moved\rfrom the schedule queue for time 15:00-15:59.", "type": "typed-literal"}, "number": "18", "flags": "NJ7,0", "location": "0;18", "type": "2", "name": "task_count_15"}, {"description": {"datatype": "http://www.w3.org/1999/02/22-rdf-syntax-ns#XMLLiteral", "fmType": "5", "fmId": "-1", "value": "This field holds the count of the number of tasks that the manager moved\rfrom the schedule queue for time 16:00-16:59.", "type": "typed-literal"}, "number": "19", "flags": "NJ7,0", "location": "0;19", "type": "2", "name": "task_count_16"}, {"description": {"datatype": "http://www.w3.org/1999/02/22-rdf-syntax-ns#XMLLiteral", "fmType": "5", "fmId": "-1", "value": "This field holds the count of the number of tasks that the manager moved\rfrom the schedule queue for time 17:00-17:59.", "type": "typed-literal"}, "number": "20", "flags": "NJ7,0", "location": "0;20", "type": "2", "name": "task_count_17"}, {"description": {"datatype": "http://www.w3.org/1999/02/22-rdf-syntax-ns#XMLLiteral", "fmType": "5", "fmId": "-1", "value": "This field holds the count of the number of tasks that the manager moved\rfrom the schedule queue for time 18:00-18:59.", "type": "typed-literal"}, "number": "21", "flags": "NJ7,0", "location": "0;21", "type": "2", "name": "task_count_18"}, {"description": {"datatype": "http://www.w3.org/1999/02/22-rdf-syntax-ns#XMLLiteral", "fmType": "5", "fmId": "-1", "value": "This field holds the count of the number of tasks that the manager moved\rfrom the schedule queue for time 19:00-19:59.", "type": "typed-literal"}, "number": "22", "flags": "NJ7,0", "location": "0;22", "type": "2", "name": "task_count_19"}, {"description": {"datatype": "http://www.w3.org/1999/02/22-rdf-syntax-ns#XMLLiteral", "fmType": "5", "fmId": "-1", "value": "This field holds the count of the number of tasks that the manager moved\rfrom the schedule queue for time 20:00-20:59.", "type": "typed-literal"}, "number": "23", "flags": "NJ7,0", "location": "0;23", "type": "2", "name": "task_count_20"}, {"description": {"datatype": "http://www.w3.org/1999/02/22-rdf-syntax-ns#XMLLiteral", "fmType": "5", "fmId": "-1", "value": "This field holds the count of the number of tasks that the manager moved\rfrom the schedule queue for time 21:00-21:59.", "type": "typed-literal"}, "number": "24", "flags": "NJ7,0", "location": "0;24", "type": "2", "name": "task_count_21"}, {"description": {"datatype": "http://www.w3.org/1999/02/22-rdf-syntax-ns#XMLLiteral", "fmType": "5", "fmId": "-1", "value": "This field holds the count of the number of tasks that the manager moved\rfrom the schedule queue for time 22:00-22:59.", "type": "typed-literal"}, "number": "25", "flags": "NJ7,0", "location": "0;25", "type": "2", "name": "task_count_22"}, {"description": {"datatype": "http://www.w3.org/1999/02/22-rdf-syntax-ns#XMLLiteral", "fmType": "5", "fmId": "-1", "value": "This field holds the count of the number of tasks that the manager moved\rfrom the schedule queue for time 23:00-23:59.", "type": "typed-literal"}, "number": "26", "flags": "NJ7,0", "location": "0;26", "type": "2", "name": "task_count_23"}, {"type": "6", "flags": "CJ6", "number": "101", "name": "daily_total"}], "fmql": {"TYPELABEL": "TASKMAN MONITOR", "TYPE": "14_71", "OP": "DESCRIBE TYPE"}, "number": "14.71", "location": "^%ZIS(14.71,", "name": "TASKMAN MONITOR"}