{"fields": [{"index": "B", "name": "associated_standing_orders_n", "description": {"datatype": "http://www.w3.org/1999/02/22-rdf-syntax-ns#XMLLiteral", "fmType": "5", "fmId": "-1", "value": "The Standing Orders on this multiple will all be added to the patient's\rStanding Order entries for the meal noon when this diet or diet\rmodification is ordered for the patient.", "type": "typed-literal"}, "number": ".01", "flags": "MP118.3'", "location": "0;1", "type": "7", "details": "118.3"}, {"description": {"datatype": "http://www.w3.org/1999/02/22-rdf-syntax-ns#XMLLiteral", "fmType": "5", "fmId": "-1", "value": "This is the quantity of the Standing Order.", "type": "typed-literal"}, "number": "1", "flags": "NJ1,0", "location": "0;2", "type": "2", "name": "quantity"}], "fmql": {"TYPELABEL": "ASSOCIATED STANDING ORDERS (N)", "TYPE": "111_12", "OP": "DESCRIBE TYPE"}, "name": "ASSOCIATED STANDING ORDERS (N)", "parent": "111.1", "number": "111.12"}