{"fields": [{"description": {"datatype": "http://www.w3.org/1999/02/22-rdf-syntax-ns#XMLLiteral", "fmType": "5", "fmId": "-1", "value": "Enter the date/time that this person's circulating role responsibilities\rbegan.  Note: Both the date and time must be entered for this field.", "type": "typed-literal"}, "number": ".01", "flags": "DX", "location": "0;1", "type": "1", "name": "time_on"}, {"description": {"datatype": "http://www.w3.org/1999/02/22-rdf-syntax-ns#XMLLiteral", "fmType": "5", "fmId": "-1", "value": "This is the date and time that the circulating role responsibilities ended.\rTimes entered without a date will be converted to the date of the operation\rat that time.", "type": "typed-literal"}, "number": "1", "flags": "DXO", "location": "0;2", "type": "1", "name": "time_off"}, {"name": "reason_for_relief", "description": {"datatype": "http://www.w3.org/1999/02/22-rdf-syntax-ns#XMLLiteral", "fmType": "5", "fmId": "-1", "value": "This is the reason why the circulating support person was relieved,\ror left the operating room during this case.  Although optional, this\rinformation may be important in documenting the case.\r ", "type": "typed-literal"}, "number": "2", "flags": "S", "details": "P:PERSONAL;S:SHIFT CHANGE;A:ADMINISTRATIVE;", "type": "3", "location": "0;3"}, {"description": {"datatype": "http://www.w3.org/1999/02/22-rdf-syntax-ns#XMLLiteral", "fmType": "5", "fmId": "-1", "value": "This includes any comments or information pertaining to this person\ror his or her role as circulating support for the case.\r ", "type": "typed-literal"}, "number": "3", "flags": "130.3", "location": "1;0", "type": "5", "name": "comment"}], "fmql": {"TYPELABEL": "TIME ON", "TYPE": "130_29", "OP": "DESCRIBE TYPE"}, "name": "TIME ON", "parent": "130.28", "number": "130.29"}