{"fields": [{"index": "B", "name": "block_site", "description": {"datatype": "http://www.w3.org/1999/02/22-rdf-syntax-ns#XMLLiteral", "fmType": "5", "fmId": "-1", "value": "This is the name or SNOMED code of the site of the anesthetic regional\rblock.  This information is not required, but may be useful for \rdocumentation and review.\r ", "type": "typed-literal"}, "number": ".01", "flags": "P61'", "location": "0;1", "type": "7", "details": "61"}, {"description": {"datatype": "http://www.w3.org/1999/02/22-rdf-syntax-ns#XMLLiteral", "fmType": "5", "fmId": "-1", "value": "This is the length of the needle (in cms.) used for the administration\rof the agent for regional block.\r ", "type": "typed-literal"}, "number": "1", "flags": "NJ6,3", "location": "0;2", "type": "2", "name": "needle_length_cm"}, {"description": {"datatype": "http://www.w3.org/1999/02/22-rdf-syntax-ns#XMLLiteral", "fmType": "5", "fmId": "-1", "value": "This is the gauge size of the needle used for administration of the\ragent for regional block.\r ", "type": "typed-literal"}, "number": "2", "flags": "NJ2,0", "location": "0;3", "type": "2", "name": "needle_gauge"}], "fmql": {"TYPELABEL": "BLOCK SITE", "TYPE": "130_49", "OP": "DESCRIBE TYPE"}, "name": "BLOCK SITE", "parent": "130.06", "number": "130.49"}