{"fields": [{"index": "B", "name": "type_of_orders_to_dc", "description": {"datatype": "http://www.w3.org/1999/02/22-rdf-syntax-ns#XMLLiteral", "fmType": "5", "fmId": "-1", "value": "This is a package whose active orders are to be automatically \rdiscontinued when the conditions of this rule are satisfied.", "type": "typed-literal"}, "number": ".01", "flags": "M*P9.4'", "location": "0;1", "type": "7", "details": "9.4"}], "fmql": {"TYPELABEL": "INCLUDED PACKAGES", "TYPE": "100_67", "OP": "DESCRIBE TYPE"}, "name": "INCLUDED PACKAGES", "parent": "100.6", "number": "100.67"}