{"count": "0", "description": {"datatype": "http://www.w3.org/1999/02/22-rdf-syntax-ns#XMLLiteral", "fmType": "5", "fmId": "-1", "value": "This file is used to store the monthly costs of the various\rfood groups. Data is used to calculate the cost of meals\rserved as well as ensure an adequate distribution of\rfood across the food groups.", "type": "typed-literal"}, "fields": [{"index": "B", "name": "month_year", "number": ".01", "flags": "RDX", "location": "0;1", "type": "1", "description": {"datatype": "http://www.w3.org/1999/02/22-rdf-syntax-ns#XMLLiteral", "fmType": "5", "fmId": "-1", "value": "Enter Month and Year.", "type": "typed-literal"}}, {"description": {"datatype": "http://www.w3.org/1999/02/22-rdf-syntax-ns#XMLLiteral", "fmType": "5", "fmId": "-1", "value": "Enter Beginning Inventory Cost for Food Group I.", "type": "typed-literal"}, "number": "1", "flags": "NJ6,0", "location": "0;2", "type": "2", "name": "beg_inv_grp_1"}, {"description": {"datatype": "http://www.w3.org/1999/02/22-rdf-syntax-ns#XMLLiteral", "fmType": "5", "fmId": "-1", "value": "Enter Beginning Inventory Cost For Food Group II.", "type": "typed-literal"}, "number": "2", "flags": "NJ6,0", "location": "0;3", "type": "2", "name": "beg_inv_grp_2"}, {"description": {"datatype": "http://www.w3.org/1999/02/22-rdf-syntax-ns#XMLLiteral", "fmType": "5", "fmId": "-1", "value": "Enter the Beginning Inventory Cost of Food Group III.", "type": "typed-literal"}, "number": "3", "flags": "NJ6,0", "location": "0;4", "type": "2", "name": "beg_inv_grp_3"}, {"description": {"datatype": "http://www.w3.org/1999/02/22-rdf-syntax-ns#XMLLiteral", "fmType": "5", "fmId": "-1", "value": "Enter the Beginning Inventory Cost for Food Group IV.", "type": "typed-literal"}, "number": "4", "flags": "NJ6,0", "location": "0;5", "type": "2", "name": "beg_inv_grp_4"}, {"description": {"datatype": "http://www.w3.org/1999/02/22-rdf-syntax-ns#XMLLiteral", "fmType": "5", "fmId": "-1", "value": "Enter the Beginning Inventory Cost for Food Group V.", "type": "typed-literal"}, "number": "5", "flags": "NJ6,0", "location": "0;6", "type": "2", "name": "beg_inv_grp_5"}, {"description": {"datatype": "http://www.w3.org/1999/02/22-rdf-syntax-ns#XMLLiteral", "fmType": "5", "fmId": "-1", "value": "Enter the Beginning Inventory Cost for Food Group VI.", "type": "typed-literal"}, "number": "6", "flags": "NJ6,0", "location": "0;7", "type": "2", "name": "beg_inv_grp_6"}, {"description": {"datatype": "http://www.w3.org/1999/02/22-rdf-syntax-ns#XMLLiteral", "fmType": "5", "fmId": "-1", "value": "Enter the Issue Cost For Food Group I.", "type": "typed-literal"}, "number": "7", "flags": "NJ7,0", "location": "0;8", "type": "2", "name": "issue_cost_grp_1"}, {"description": {"datatype": "http://www.w3.org/1999/02/22-rdf-syntax-ns#XMLLiteral", "fmType": "5", "fmId": "-1", "value": "Enter The Issue Cost for Food Group II.", "type": "typed-literal"}, "number": "8", "flags": "NJ7,0", "location": "0;9", "type": "2", "name": "issue_cost_grp_2"}, {"description": {"datatype": "http://www.w3.org/1999/02/22-rdf-syntax-ns#XMLLiteral", "fmType": "5", "fmId": "-1", "value": "Enter the Issue Cost for Food Group III.", "type": "typed-literal"}, "number": "9", "flags": "NJ7,0", "location": "0;10", "type": "2", "name": "issue_cost_grp_3"}, {"description": {"datatype": "http://www.w3.org/1999/02/22-rdf-syntax-ns#XMLLiteral", "fmType": "5", "fmId": "-1", "value": "Enter the Issue Cost for food Group IV.", "type": "typed-literal"}, "number": "10", "flags": "NJ7,0", "location": "0;11", "type": "2", "name": "issue_cost_grp_4"}, {"description": {"datatype": "http://www.w3.org/1999/02/22-rdf-syntax-ns#XMLLiteral", "fmType": "5", "fmId": "-1", "value": "Enter the Issue Cost of Food Group V.", "type": "typed-literal"}, "number": "11", "flags": "NJ7,0", "location": "0;12", "type": "2", "name": "issue_cost_grp_5"}, {"description": {"datatype": "http://www.w3.org/1999/02/22-rdf-syntax-ns#XMLLiteral", "fmType": "5", "fmId": "-1", "value": "Enter the Issue Cost of Food Group VI.", "type": "typed-literal"}, "number": "12", "flags": "NJ7,0", "location": "0;13", "type": "2", "name": "issue_cost_grp_6"}, {"description": {"datatype": "http://www.w3.org/1999/02/22-rdf-syntax-ns#XMLLiteral", "fmType": "5", "fmId": "-1", "value": "Enter the Closing Inventory Cost for Food Group I.", "type": "typed-literal"}, "number": "13", "flags": "NJ6,0", "location": "0;14", "type": "2", "name": "clos_inv_grp_1"}, {"description": {"datatype": "http://www.w3.org/1999/02/22-rdf-syntax-ns#XMLLiteral", "fmType": "5", "fmId": "-1", "value": "Enter the Closing Inventory Cost for Food Group II.", "type": "typed-literal"}, "number": "14", "flags": "NJ6,0", "location": "0;15", "type": "2", "name": "clos_inv_grp_2"}, {"description": {"datatype": "http://www.w3.org/1999/02/22-rdf-syntax-ns#XMLLiteral", "fmType": "5", "fmId": "-1", "value": "Enter the Closing Inventory Cost for Food Group III.", "type": "typed-literal"}, "number": "15", "flags": "NJ6,0", "location": "0;16", "type": "2", "name": "clos_inv_grp_3"}, {"description": {"datatype": "http://www.w3.org/1999/02/22-rdf-syntax-ns#XMLLiteral", "fmType": "5", "fmId": "-1", "value": "Enter the Closing Inventory Cost for Food Group IV.", "type": "typed-literal"}, "number": "16", "flags": "NJ6,0", "location": "0;17", "type": "2", "name": "clos_inv_grp_4"}, {"description": {"datatype": "http://www.w3.org/1999/02/22-rdf-syntax-ns#XMLLiteral", "fmType": "5", "fmId": "-1", "value": "Enter the Closing Inventory Cost for Food Group V.", "type": "typed-literal"}, "number": "17", "flags": "NJ6,0", "location": "0;18", "type": "2", "name": "clos_inv_grp_5"}, {"description": {"datatype": "http://www.w3.org/1999/02/22-rdf-syntax-ns#XMLLiteral", "fmType": "5", "fmId": "-1", "value": "Enter the Closing Inventory Cost for Food Group VI.", "type": "typed-literal"}, "number": "18", "flags": "NJ6,0", "location": "0;19", "type": "2", "name": "clos_inv_grp_6"}, {"description": {"datatype": "http://www.w3.org/1999/02/22-rdf-syntax-ns#XMLLiteral", "fmType": "5", "fmId": "-1", "value": "The Percent Cost Recommended for Food Group I.", "type": "typed-literal"}, "number": "19", "flags": "NJ2,0", "location": "0;20", "type": "2", "name": "_cost_grp_1"}, {"description": {"datatype": "http://www.w3.org/1999/02/22-rdf-syntax-ns#XMLLiteral", "fmType": "5", "fmId": "-1", "value": "The Percent Cost Recommended for Food Group II.", "type": "typed-literal"}, "number": "20", "flags": "NJ2,0", "location": "0;21", "type": "2", "name": "_cost_grp_2"}, {"description": {"datatype": "http://www.w3.org/1999/02/22-rdf-syntax-ns#XMLLiteral", "fmType": "5", "fmId": "-1", "value": "The Percent Cost Recommended for Food Group III.", "type": "typed-literal"}, "number": "21", "flags": "NJ2,0", "location": "0;22", "type": "2", "name": "_cost_grp_3"}, {"description": {"datatype": "http://www.w3.org/1999/02/22-rdf-syntax-ns#XMLLiteral", "fmType": "5", "fmId": "-1", "value": "The Percent Cost Recommended for Food Group IV.", "type": "typed-literal"}, "number": "22", "flags": "NJ2,0", "location": "0;23", "type": "2", "name": "_cost_grp_4"}, {"description": {"datatype": "http://www.w3.org/1999/02/22-rdf-syntax-ns#XMLLiteral", "fmType": "5", "fmId": "-1", "value": "The % Cost Recommended for Food Group V.", "type": "typed-literal"}, "number": "23", "flags": "NJ2,0", "location": "0;24", "type": "2", "name": "_cost_grp_5"}, {"description": {"datatype": "http://www.w3.org/1999/02/22-rdf-syntax-ns#XMLLiteral", "fmType": "5", "fmId": "-1", "value": "The % Cost Recommended for Food Group VI.", "type": "typed-literal"}, "number": "24", "flags": "NJ2,0", "location": "0;25", "type": "2", "name": "_cost_grp_6"}], "fmql": {"TYPELABEL": "DIETETIC COST OF MEALS", "TYPE": "117_2", "OP": "DESCRIBE TYPE"}, "number": "117.2", "location": "^FH(117.2,", "name": "DIETETIC COST OF MEALS"}