{"fields": [{"index": "B", "name": "referring_physician", "number": ".01", "flags": "FX", "location": "0;1", "type": "4", "description": {"datatype": "http://www.w3.org/1999/02/22-rdf-syntax-ns#XMLLiteral", "fmType": "5", "fmId": "-1", "value": "This is the name of the physician and/or Medical Center that referred\rthe patient for surgery at this facility.\r ", "type": "typed-literal"}}, {"description": {"datatype": "http://www.w3.org/1999/02/22-rdf-syntax-ns#XMLLiteral", "fmType": "5", "fmId": "-1", "value": "This is the street address of the referring physician/medical center.\r ", "type": "typed-literal"}, "number": "1", "flags": "F", "location": "0;2", "type": "4", "name": "street_address"}, {"description": {"datatype": "http://www.w3.org/1999/02/22-rdf-syntax-ns#XMLLiteral", "fmType": "5", "fmId": "-1", "value": "This is the city where the referring physician/medical center is located.\r ", "type": "typed-literal"}, "number": "2", "flags": "F", "location": "0;3", "type": "4", "name": "city"}, {"name": "state", "description": {"datatype": "http://www.w3.org/1999/02/22-rdf-syntax-ns#XMLLiteral", "fmType": "5", "fmId": "-1", "value": "This is the name of the State in which the referring physician/medical\rcenter is located.\r ", "type": "typed-literal"}, "number": "3", "flags": "P5'", "details": "5", "type": "7", "location": "0;4"}, {"description": {"datatype": "http://www.w3.org/1999/02/22-rdf-syntax-ns#XMLLiteral", "fmType": "5", "fmId": "-1", "value": "This is the referring physician/medical center's zip code.\r ", "type": "typed-literal"}, "number": "4", "flags": "F", "location": "0;5", "type": "4", "name": "zip_code"}, {"description": {"datatype": "http://www.w3.org/1999/02/22-rdf-syntax-ns#XMLLiteral", "fmType": "5", "fmId": "-1", "value": "This is the telephone number of the referring physician/medical center.\r ", "type": "typed-literal"}, "number": "5", "flags": "F", "location": "0;6", "type": "4", "name": "phone_number"}, {"name": "ref_phy_200_link", "description": {"datatype": "http://www.w3.org/1999/02/22-rdf-syntax-ns#XMLLiteral", "fmType": "5", "fmId": "-1", "value": "Field (not accessed by the user) is a pointer to the NEW PERSON file. It \ris  populated when a Referring Physician is selected from the NEW PERSON \rfile with the record number from NEW PERSON file.", "type": "typed-literal"}, "number": "6", "flags": "P200'", "details": "200", "type": "7", "location": "0;7"}], "fmql": {"TYPELABEL": "REFERRING PHYSICIAN", "TYPE": "133_8013", "OP": "DESCRIBE TYPE"}, "name": "REFERRING PHYSICIAN", "parent": "133.801", "number": "133.8013"}