{"fields": [{"index": "B", "name": "add_meals_production_diet", "description": {"datatype": "http://www.w3.org/1999/02/22-rdf-syntax-ns#XMLLiteral", "fmType": "5", "fmId": "-1", "value": "This is the name of the production diet for which additional meals\rare to be added.", "type": "typed-literal"}, "number": ".01", "flags": "MP116.2'X", "location": "0;1", "type": "7", "details": "116.2"}, {"description": {"datatype": "http://www.w3.org/1999/02/22-rdf-syntax-ns#XMLLiteral", "fmType": "5", "fmId": "-1", "value": "This is the number of additional Sunday breakfast meals which are\rto be added to the inpatient forecast.", "type": "typed-literal"}, "number": "10", "flags": "NJ4,0", "location": "0;2", "type": "2", "name": "add_sunday_breakfast"}, {"description": {"datatype": "http://www.w3.org/1999/02/22-rdf-syntax-ns#XMLLiteral", "fmType": "5", "fmId": "-1", "value": "This is the number of additional Sunday noon meals which are\rto be added to the inpatient forecast.", "type": "typed-literal"}, "number": "11", "flags": "NJ4,0", "location": "0;3", "type": "2", "name": "add_sunday_noon"}, {"description": {"datatype": "http://www.w3.org/1999/02/22-rdf-syntax-ns#XMLLiteral", "fmType": "5", "fmId": "-1", "value": "This is the number of additional Sunday evening meals which are\rto be added to the inpatient forecast.", "type": "typed-literal"}, "number": "12", "flags": "NJ4,0", "location": "0;4", "type": "2", "name": "add_sunday_evening"}, {"description": {"datatype": "http://www.w3.org/1999/02/22-rdf-syntax-ns#XMLLiteral", "fmType": "5", "fmId": "-1", "value": "This is the number of additional Monday breakfast meals which are\rto be added to the inpatient forecast.", "type": "typed-literal"}, "number": "13", "flags": "NJ4,0", "location": "0;5", "type": "2", "name": "add_monday_breakfast"}, {"description": {"datatype": "http://www.w3.org/1999/02/22-rdf-syntax-ns#XMLLiteral", "fmType": "5", "fmId": "-1", "value": "This is the number of additional Monday noon meals which are\rto be added to the inpatient forecast.", "type": "typed-literal"}, "number": "14", "flags": "NJ4,0", "location": "0;6", "type": "2", "name": "add_monday_noon"}, {"description": {"datatype": "http://www.w3.org/1999/02/22-rdf-syntax-ns#XMLLiteral", "fmType": "5", "fmId": "-1", "value": "This is the number of additional Monday evening meals which are\rto be added to the inpatient forecast.", "type": "typed-literal"}, "number": "15", "flags": "NJ4,0", "location": "0;7", "type": "2", "name": "add_monday_evening"}, {"description": {"datatype": "http://www.w3.org/1999/02/22-rdf-syntax-ns#XMLLiteral", "fmType": "5", "fmId": "-1", "value": "This is the number of additional Tuesday breakfast meals which are\rto be added to the inpatient forecast.", "type": "typed-literal"}, "number": "16", "flags": "NJ4,0", "location": "0;8", "type": "2", "name": "add_tuesday_breakfast"}, {"description": {"datatype": "http://www.w3.org/1999/02/22-rdf-syntax-ns#XMLLiteral", "fmType": "5", "fmId": "-1", "value": "This is the number of additional Tuesday noon meals which are\rto be added to the inpatient forecast.", "type": "typed-literal"}, "number": "17", "flags": "NJ4,0", "location": "0;9", "type": "2", "name": "add_tuesday_noon"}, {"description": {"datatype": "http://www.w3.org/1999/02/22-rdf-syntax-ns#XMLLiteral", "fmType": "5", "fmId": "-1", "value": "This is the number of additional Tuesday evening meals which are\rto be added to the inpatient forecast.", "type": "typed-literal"}, "number": "18", "flags": "NJ4,0", "location": "0;10", "type": "2", "name": "add_tuesday_evening"}, {"description": {"datatype": "http://www.w3.org/1999/02/22-rdf-syntax-ns#XMLLiteral", "fmType": "5", "fmId": "-1", "value": "This is the number of additional Wednesday breakfast meals which are\rto be added to the inpatient forecast.", "type": "typed-literal"}, "number": "19", "flags": "NJ4,0", "location": "0;11", "type": "2", "name": "add_wednesday_breakfast"}, {"description": {"datatype": "http://www.w3.org/1999/02/22-rdf-syntax-ns#XMLLiteral", "fmType": "5", "fmId": "-1", "value": "This is the number of additional Wednesday noon meals which are\rto be added to the inpatient forecast.", "type": "typed-literal"}, "number": "20", "flags": "NJ4,0", "location": "0;12", "type": "2", "name": "add_wednesday_noon"}, {"description": {"datatype": "http://www.w3.org/1999/02/22-rdf-syntax-ns#XMLLiteral", "fmType": "5", "fmId": "-1", "value": "This is the number of additional Wednesday evening meals which are\rto be added to the inpatient forecast.", "type": "typed-literal"}, "number": "21", "flags": "NJ4,0", "location": "0;13", "type": "2", "name": "add_wednesday_evening"}, {"description": {"datatype": "http://www.w3.org/1999/02/22-rdf-syntax-ns#XMLLiteral", "fmType": "5", "fmId": "-1", "value": "This is the number of additional Thursday breakfast meals which are\rto be added to the inpatient forecast.", "type": "typed-literal"}, "number": "22", "flags": "NJ4,0", "location": "0;14", "type": "2", "name": "add_thursday_breakfast"}, {"description": {"datatype": "http://www.w3.org/1999/02/22-rdf-syntax-ns#XMLLiteral", "fmType": "5", "fmId": "-1", "value": "This is the number of additional Thursday noon meals which are\rto be added to the inpatient forecast.", "type": "typed-literal"}, "number": "23", "flags": "NJ4,0", "location": "0;15", "type": "2", "name": "add_thursday_noon"}, {"description": {"datatype": "http://www.w3.org/1999/02/22-rdf-syntax-ns#XMLLiteral", "fmType": "5", "fmId": "-1", "value": "This is the number of additional Thursday evening meals which are\rto be added to the inpatient forecast.", "type": "typed-literal"}, "number": "24", "flags": "NJ4,0", "location": "0;16", "type": "2", "name": "add_thursday_evening"}, {"description": {"datatype": "http://www.w3.org/1999/02/22-rdf-syntax-ns#XMLLiteral", "fmType": "5", "fmId": "-1", "value": "This is the number of additional Friday breakfast meals which are\rto be added to the inpatient forecast.", "type": "typed-literal"}, "number": "25", "flags": "NJ4,0", "location": "0;17", "type": "2", "name": "add_friday_breakfast"}, {"description": {"datatype": "http://www.w3.org/1999/02/22-rdf-syntax-ns#XMLLiteral", "fmType": "5", "fmId": "-1", "value": "This is the number of additional Friday noon meals which are\rto be added to the inpatient forecast.", "type": "typed-literal"}, "number": "26", "flags": "NJ4,0", "location": "0;18", "type": "2", "name": "add_friday_noon"}, {"description": {"datatype": "http://www.w3.org/1999/02/22-rdf-syntax-ns#XMLLiteral", "fmType": "5", "fmId": "-1", "value": "This is the number of additional Friday evening meals which are\rto be added to the inpatient forecast.", "type": "typed-literal"}, "number": "27", "flags": "NJ4,0", "location": "0;19", "type": "2", "name": "add_friday_evening"}, {"description": {"datatype": "http://www.w3.org/1999/02/22-rdf-syntax-ns#XMLLiteral", "fmType": "5", "fmId": "-1", "value": "This is the number of additional Saturday breakfast meals which are\rto be added to the inpatient forecast.", "type": "typed-literal"}, "number": "28", "flags": "NJ4,0", "location": "0;20", "type": "2", "name": "add_saturday_breakfast"}, {"description": {"datatype": "http://www.w3.org/1999/02/22-rdf-syntax-ns#XMLLiteral", "fmType": "5", "fmId": "-1", "value": "This is the number of additional Saturday noon meals which are\rto be added to the inpatient forecast.", "type": "typed-literal"}, "number": "29", "flags": "NJ4,0", "location": "0;21", "type": "2", "name": "add_saturday_noon"}, {"description": {"datatype": "http://www.w3.org/1999/02/22-rdf-syntax-ns#XMLLiteral", "fmType": "5", "fmId": "-1", "value": "This is the number of additional Saturday evening meals which are\rto be added to the inpatient forecast.", "type": "typed-literal"}, "number": "30", "flags": "NJ4,0", "location": "0;22", "type": "2", "name": "add_saturday_evening"}], "fmql": {"TYPELABEL": "ADDITIONAL MEALS", "TYPE": "119_721", "OP": "DESCRIBE TYPE"}, "name": "ADDITIONAL MEALS", "parent": "119.72", "number": "119.721"}