{"fields": [{"index": "B", "name": "food_preferences", "description": {"datatype": "http://www.w3.org/1999/02/22-rdf-syntax-ns#XMLLiteral", "fmType": "5", "fmId": "-1", "value": "This field contains the food preference selected from the\rFood Preferences file (115.2).", "type": "typed-literal"}, "number": ".01", "flags": "MP115.2'", "location": "0;1", "type": "7", "details": "115.2"}, {"index": "C", "name": "meals", "number": "1", "flags": "RFX", "location": "0;2", "type": "4", "description": {"datatype": "http://www.w3.org/1999/02/22-rdf-syntax-ns#XMLLiteral", "fmType": "5", "fmId": "-1", "value": "This field contains the meals (B N and E) for which this food\rpreference is applicable.", "type": "typed-literal"}}, {"description": {"datatype": "http://www.w3.org/1999/02/22-rdf-syntax-ns#XMLLiteral", "fmType": "5", "fmId": "-1", "value": "This is the quantity of the Food Preference applicable to this\rpatient.", "type": "typed-literal"}, "number": "2", "flags": "NJ1,0", "location": "0;3", "type": "2", "name": "quantity"}, {"name": "diet_associated", "description": {"datatype": "http://www.w3.org/1999/02/22-rdf-syntax-ns#XMLLiteral", "fmType": "5", "fmId": "-1", "value": "This field, if answered Yes, means this Food Preference is a Diet\rrestriction that is associated with a diet order else if answered No,\rmeans it is not.", "type": "typed-literal"}, "number": "3", "flags": "S", "details": "Y:YES;N:NO;", "type": "3", "location": "0;4"}], "fmql": {"TYPELABEL": "FOOD PREFERENCES", "TYPE": "115_09", "OP": "DESCRIBE TYPE"}, "name": "FOOD PREFERENCES", "parent": "115", "number": "115.09"}