{"count": "0", "description": {"datatype": "http://www.w3.org/1999/02/22-rdf-syntax-ns#XMLLiteral", "fmType": "5", "fmId": "-1", "value": "This file contains all components which may be used to create a Health\rSummary. These entries are typically defined by a programmer. Components\rwhich represent packages which are not in use may be disabled, so they\rwill not be selected by users to build new types of Health Summary\rreports.", "type": "typed-literal"}, "fields": [{"description": {"datatype": "http://www.w3.org/1999/02/22-rdf-syntax-ns#XMLLiteral", "fmType": "5", "fmId": "-1", "value": "This is the internal record number of the component record.  If you are\rcreating a new component, then this should be a sequential number,\rpreceded by your station number (e.g., station number 660 should number\rcustom-built components from 660001-660999, etc.).", "type": "typed-literal"}, "number": ".001", "flags": "NJ10,0X", "location": " ", "type": "2", "name": "number"}, {"index": "B", "name": "name", "number": ".01", "flags": "RF", "location": "0;1", "type": "4", "description": {"datatype": "http://www.w3.org/1999/02/22-rdf-syntax-ns#XMLLiteral", "fmType": "5", "fmId": "-1", "value": "This is the name of the health summary component, which both uniquely\ridentifies the component's record for look-ups, sorts, etc. and is also\rdisplayed in the component header, when the health summary is run.", "type": "typed-literal"}}, {"description": {"datatype": "http://www.w3.org/1999/02/22-rdf-syntax-ns#XMLLiteral", "fmType": "5", "fmId": "-1", "value": "This is the entry point and routine to be called when the component is\rrun for a given health summary type.  Enter the line label, followed by\ra semi-colon, followed by the routine name (e.g., MAIN;GMTSLRC).", "type": "typed-literal"}, "number": "1", "flags": "RFX", "location": "0;2", "type": "4", "name": "print_routine"}, {"name": "external_extract_routine", "description": {"datatype": "http://www.w3.org/1999/02/22-rdf-syntax-ns#XMLLiteral", "fmType": "5", "fmId": "-1", "value": "Source of Health Summary Component data.", "type": "typed-literal"}, "number": "1.1", "flags": "142.11", "details": "142.11", "type": "9", "location": ".1;0"}, {"name": "time_limits_applicable", "description": {"datatype": "http://www.w3.org/1999/02/22-rdf-syntax-ns#XMLLiteral", "fmType": "5", "fmId": "-1", "value": "This field is set up by the programmer to indicate whether the routine to\rprint this component will allow a time range to be applied to the data\rto be displayed in the Health Summary.", "type": "typed-literal"}, "number": "2", "flags": "S", "details": "Y:yes;", "type": "3", "location": "0;3"}, {"index": "C", "name": "abbreviation", "number": "3", "flags": "F", "location": "0;4", "type": "4", "description": {"datatype": "http://www.w3.org/1999/02/22-rdf-syntax-ns#XMLLiteral", "fmType": "5", "fmId": "-1", "value": "This 2-4 character abbreviation should uniquely identify the component,\rsince it is used both for lookup in the build health summary and ad hoc\rhealth summary options, and for navigation between components when the\rhealth summary is run interactively.", "type": "typed-literal"}}, {"type": "5", "location": "3.5;0", "flags": "142.35", "number": "3.5", "name": "description"}, {"name": "maximum_occurrences_applicable", "description": {"datatype": "http://www.w3.org/1999/02/22-rdf-syntax-ns#XMLLiteral", "fmType": "5", "fmId": "-1", "value": "This field is used by the programmer to indicate whether the routine which\rprints this component is set up to handle maximum occurrence limits\ron the Health Summary.", "type": "typed-literal"}, "number": "4", "flags": "S", "details": "Y:yes;", "type": "3", "location": "0;5"}, {"name": "disable_flag", "description": {"datatype": "http://www.w3.org/1999/02/22-rdf-syntax-ns#XMLLiteral", "fmType": "5", "fmId": "-1", "value": "IRM Staff or Clin Coordinator:  Use this field to disable (inactivate)\ra health summary component (e.g., Lab Orders).  Setting this DISABLE\rFLAG field to P(ermanent) causes a component to be non-selectable for use,\rand prevents the component from being printed in any Health Summary\rin which it is included.  Setting DISABLE FLAG to T(emporary) causes\ra component to be non-selectable for use, but its OUT OF ORDER MESSAGE\rwill appear in any Health Summary in which it is included.\r \rUse the at-sign (@) at the DISABLE FLAG: permanent (or temporary)// prompt,\rto enable the component for use.", "type": "typed-literal"}, "number": "5", "flags": "S", "details": "T:temporary;P:permanent;", "type": "3", "location": "0;6"}, {"description": {"datatype": "http://www.w3.org/1999/02/22-rdf-syntax-ns#XMLLiteral", "fmType": "5", "fmId": "-1", "value": "To be used for components such as psychology test results\rRestricts viewing access under Print Health Summary Menu", "type": "typed-literal"}, "number": "6", "flags": "FX", "location": "0;7", "type": "4", "name": "lock"}, {"name": "selection_file", "description": {"datatype": "http://www.w3.org/1999/02/22-rdf-syntax-ns#XMLLiteral", "fmType": "5", "fmId": "-1", "value": "Enter the name or number of the file from which selection items (e.g., lab\rtests (file 60), radiology procedures (file 71), vital signs (file\r120.51), PCE reminder/maintenance item (file 811.9) may be chosen for this\rcomponent.\r \rThe file you identify here must have its \"Application Group\"\rmultiple include \"GMTS\" BEFORE it can be selected as a selection file.\r \rComponents which require selection of items should have its component\rname include the word \"SELECTED\".", "type": "typed-literal"}, "number": "7", "flags": "142.17P", "details": "142.17", "type": "9", "location": "1;0"}, {"description": {"datatype": "http://www.w3.org/1999/02/22-rdf-syntax-ns#XMLLiteral", "fmType": "5", "fmId": "-1", "value": "This field is used when a health summary component is temporarily disabled.\rIf it is filled in, the message here will be displayed whenever the user\rattempts to select the component", "type": "typed-literal"}, "number": "8", "flags": "F", "location": "0;8", "type": "4", "name": "out_of_order_message"}, {"description": {"datatype": "http://www.w3.org/1999/02/22-rdf-syntax-ns#XMLLiteral", "fmType": "5", "fmId": "-1", "value": "The DEFAULT HEADER NAME will appear in menus and component headers in\rpreference to the COMPONENT NAME, but NOT in preference to the local\rHEADER NAME, if it is defined for that component within a given Health \rSummary Type.  If defined the local HEADER NAME will have precedence\rwithin a given Health Summary Type.", "type": "typed-literal"}, "number": "9", "flags": "F", "location": "0;9", "type": "4", "name": "default_header_name"}, {"name": "hospital_location_applicable", "description": {"datatype": "http://www.w3.org/1999/02/22-rdf-syntax-ns#XMLLiteral", "fmType": "5", "fmId": "-1", "value": "This field is used by the programmer to indicate whether the routine which\rprints this component is set up to handle the display of the hospital\rlocation abbreviation on the Health Summary.\rfile related components (PCE related components).", "type": "typed-literal"}, "number": "10", "flags": "S", "details": "Y:yes;", "type": "3", "location": "0;10"}, {"name": "icd_text_applicable", "description": {"datatype": "http://www.w3.org/1999/02/22-rdf-syntax-ns#XMLLiteral", "fmType": "5", "fmId": "-1", "value": "This field is used by the programmer to indicate whether the routine which\rprints this component is set up to handle the display of standardized ICD\rtext on the Health Summary.\r(PCE related components).", "type": "typed-literal"}, "number": "11", "flags": "S", "details": "Y:yes;", "type": "3", "location": "0;11"}, {"name": "provider_narrative_applicable", "description": {"datatype": "http://www.w3.org/1999/02/22-rdf-syntax-ns#XMLLiteral", "fmType": "5", "fmId": "-1", "value": "This field is used by the programmer to indicate whether the routine which\rprints this component is set up to handle the display of the provider\rnarrative on the Health Summary.\r(PCE related components).", "type": "typed-literal"}, "number": "12", "flags": "S", "details": "Y:yes;", "type": "3", "location": "0;12"}, {"description": {"datatype": "http://www.w3.org/1999/02/22-rdf-syntax-ns#XMLLiteral", "fmType": "5", "fmId": "-1", "value": "Namespace of the component's supporting package.", "type": "typed-literal"}, "number": "13", "flags": "F", "location": "0;13", "type": "4", "name": "prefix"}, {"name": "cpt_modifier_applicable", "description": {"datatype": "http://www.w3.org/1999/02/22-rdf-syntax-ns#XMLLiteral", "fmType": "5", "fmId": "-1", "value": "This field is used by the programmer to indicate whether the routine which\rprints this component is set up to handle the display of CPT Modifiers\ron the Health Summary.", "type": "typed-literal"}, "number": "14", "flags": "S", "details": "Y:YES;", "type": "3", "location": "0;14"}], "fmql": {"TYPELABEL": "HEALTH SUMMARY COMPONENT", "TYPE": "142_1", "OP": "DESCRIBE TYPE"}, "number": "142.1", "location": "^GMT(142.1,", "name": "HEALTH SUMMARY COMPONENT"}