{"fields": [{"index": "B", "name": "date_alert_created", "number": ".01", "flags": "D", "location": "0;1", "type": "1", "description": {"datatype": "http://www.w3.org/1999/02/22-rdf-syntax-ns#XMLLiteral", "fmType": "5", "fmId": "-1", "value": "This is the date when this alert was created.", "type": "typed-literal"}}, {"name": "type_of_alert", "description": {"datatype": "http://www.w3.org/1999/02/22-rdf-syntax-ns#XMLLiteral", "fmType": "5", "fmId": "-1", "value": "This is a type of alert. For now, it is only available for Food/Drug \rClassification.", "type": "typed-literal"}, "number": "1", "flags": "S", "details": "D:DRUG;", "type": "3", "location": "0;2"}, {"name": "patient_location", "description": {"datatype": "http://www.w3.org/1999/02/22-rdf-syntax-ns#XMLLiteral", "fmType": "5", "fmId": "-1", "value": "This is the location where a patient belong when the alert was created.", "type": "typed-literal"}, "number": "2", "flags": "P119.6'", "details": "119.6", "type": "7", "location": "0;3"}, {"description": {"datatype": "http://www.w3.org/1999/02/22-rdf-syntax-ns#XMLLiteral", "fmType": "5", "fmId": "-1", "value": "This is a drug name in file #50.", "type": "typed-literal"}, "number": "3", "flags": "F", "location": "0;4", "type": "4", "name": "drug_name"}], "fmql": {"TYPELABEL": "ALERT", "TYPE": "115_12", "OP": "DESCRIBE TYPE"}, "name": "ALERT", "parent": "115", "number": "115.12"}