{"count": "0", "description": {"datatype": "http://www.w3.org/1999/02/22-rdf-syntax-ns#XMLLiteral", "fmType": "5", "fmId": "-1", "value": "This file describes the TASKMAN's main file of jobs to start.\rBecause TM works on this file from many UCI's it doesn't use FM to\rmanipulate it.  At this point there are no X-refs on this file\rand there are no fields that can be edited, Use TM options for that.\rThe file can be searched, sorted and printed.\rThe third piece of the zero node is only updated when the XUTM QCLEAN\roption runs.  There are some applications that still do there own\rsetting into this global and wipeout the zero node.\rThe storage of the symbol table is not in a FM compatable format.", "type": "typed-literal"}, "fields": [{"description": {"datatype": "http://www.w3.org/1999/02/22-rdf-syntax-ns#XMLLiteral", "fmType": "5", "fmId": "-1", "value": "This is the TASK number.", "type": "typed-literal"}, "number": ".001", "flags": "NJ10,0", "location": " ", "type": "2", "name": "number"}, {"description": {"datatype": "http://www.w3.org/1999/02/22-rdf-syntax-ns#XMLLiteral", "fmType": "5", "fmId": "-1", "value": "This is the entry point in the routine to use.", "type": "typed-literal"}, "number": ".01", "flags": "RF", "location": "0;1", "type": "4", "name": "entry_point"}, {"description": {"datatype": "http://www.w3.org/1999/02/22-rdf-syntax-ns#XMLLiteral", "fmType": "5", "fmId": "-1", "value": "This is the ROUTINE that should be run when the scheduled time \rcomes.", "type": "typed-literal"}, "number": "2", "flags": "RF", "location": "0;2", "type": "4", "name": "routine_name"}, {"name": "user", "description": {"datatype": "http://www.w3.org/1999/02/22-rdf-syntax-ns#XMLLiteral", "fmType": "5", "fmId": "-1", "value": "This is a pointer to the NEW PERSON file of the person the created\rthe task.\rIt is only valid if the task was created in this UCI.", "type": "typed-literal"}, "number": "3", "flags": "RP200'", "details": "200", "type": "7", "location": "0;3"}, {"description": {"datatype": "http://www.w3.org/1999/02/22-rdf-syntax-ns#XMLLiteral", "fmType": "5", "fmId": "-1", "value": "This is the UCI that the job requested that the task run in.", "type": "typed-literal"}, "number": "4", "flags": "F", "location": "0;4", "type": "4", "name": "requested_uci"}, {"description": {"datatype": "http://www.w3.org/1999/02/22-rdf-syntax-ns#XMLLiteral", "fmType": "5", "fmId": "-1", "value": "This is the time that the task was created.", "type": "typed-literal"}, "number": "5", "flags": "F", "location": "0;5", "type": "4", "name": "creation_time_h"}, {"description": {"datatype": "http://www.w3.org/1999/02/22-rdf-syntax-ns#XMLLiteral", "fmType": "5", "fmId": "-1", "value": "This is the time that the task is scheduled to run.", "type": "typed-literal"}, "number": "6", "flags": "F", "location": "0;6", "type": "4", "name": "scheduled_run_time_h"}, {"description": {"datatype": "http://www.w3.org/1999/02/22-rdf-syntax-ns#XMLLiteral", "fmType": "5", "fmId": "-1", "value": "This is a flag to tell if it is an option or a routine that is\rscheduled.", "type": "typed-literal"}, "number": "7", "flags": "F", "location": "0;7", "type": "4", "name": "type_of_task"}, {"description": {"datatype": "http://www.w3.org/1999/02/22-rdf-syntax-ns#XMLLiteral", "fmType": "5", "fmId": "-1", "value": "This is the IEN of the option to run.\rIt is only valid if the task was created in this UCI.", "type": "typed-literal"}, "number": "8", "flags": "NJ7,0", "location": "0;8", "type": "2", "name": "option_number"}, {"description": {"datatype": "http://www.w3.org/1999/02/22-rdf-syntax-ns#XMLLiteral", "fmType": "5", "fmId": "-1", "value": "This is the name of the option that is scheduled to run.", "type": "typed-literal"}, "number": "9", "flags": "F", "location": "0;9", "type": "4", "name": "option_name"}, {"description": {"datatype": "http://www.w3.org/1999/02/22-rdf-syntax-ns#XMLLiteral", "fmType": "5", "fmId": "-1", "value": "This is the name of the Person that created the task.", "type": "typed-literal"}, "number": "10", "flags": "F", "location": "0;10", "type": "4", "name": "creator_name"}, {"description": {"datatype": "http://www.w3.org/1999/02/22-rdf-syntax-ns#XMLLiteral", "fmType": "5", "fmId": "-1", "value": "This is the UCI that the task was created in.", "type": "typed-literal"}, "number": "11", "flags": "F", "location": "0;11", "type": "4", "name": "creation_uci"}, {"description": {"datatype": "http://www.w3.org/1999/02/22-rdf-syntax-ns#XMLLiteral", "fmType": "5", "fmId": "-1", "value": "This is the Volume Set that the task was created on.", "type": "typed-literal"}, "number": "12", "flags": "F", "location": "0;12", "type": "4", "name": "creation_volume_set"}, {"description": {"datatype": "http://www.w3.org/1999/02/22-rdf-syntax-ns#XMLLiteral", "fmType": "5", "fmId": "-1", "value": "This is a place holder field for the string ZTDESC that is placed in\rthis position by the code.", "type": "typed-literal"}, "number": "13", "flags": "F", "location": "0;13", "type": "4", "name": "reserved"}, {"description": {"datatype": "http://www.w3.org/1999/02/22-rdf-syntax-ns#XMLLiteral", "fmType": "5", "fmId": "-1", "value": "This is the Volume Set that was requested for the running of the task.", "type": "typed-literal"}, "number": "14", "flags": "F", "location": "0;14", "type": "4", "name": "requested_volume_set"}, {"description": {"datatype": "http://www.w3.org/1999/02/22-rdf-syntax-ns#XMLLiteral", "fmType": "5", "fmId": "-1", "value": "This field is the priority that the task should run at.\rIt is a value passed in by the calling routine and over-rides\rthe default.", "type": "typed-literal"}, "number": "15", "flags": "NJ2,0", "location": "0;15", "type": "2", "name": "priority"}, {"description": {"datatype": "http://www.w3.org/1999/02/22-rdf-syntax-ns#XMLLiteral", "fmType": "5", "fmId": "-1", "value": "This field will get the original creation $H when the task is\rrequeued thru the REQ^%ZTLOAD API.\rAt other times it will be empty.", "type": "typed-literal"}, "number": "16", "flags": "F", "location": "0;16", "type": "4", "name": "original_create_date_h"}, {"description": {"datatype": "http://www.w3.org/1999/02/22-rdf-syntax-ns#XMLLiteral", "fmType": "5", "fmId": "-1", "value": "This is the Original Destination UCI that was given.", "type": "typed-literal"}, "number": "21", "flags": "F", "location": ".01;1", "type": "4", "name": "original_destination_uci"}, {"description": {"datatype": "http://www.w3.org/1999/02/22-rdf-syntax-ns#XMLLiteral", "fmType": "5", "fmId": "-1", "value": "This field holds the Original Destination Volume.", "type": "typed-literal"}, "number": "22", "flags": "F", "location": ".01;2", "type": "4", "name": "original_destination_volume"}, {"description": {"datatype": "http://www.w3.org/1999/02/22-rdf-syntax-ns#XMLLiteral", "fmType": "5", "fmId": "-1", "value": "This field holds the Current Destination UCI.", "type": "typed-literal"}, "number": "31", "flags": "F", "location": ".02;1", "type": "4", "name": "current_destination_uci"}, {"description": {"datatype": "http://www.w3.org/1999/02/22-rdf-syntax-ns#XMLLiteral", "fmType": "5", "fmId": "-1", "value": "This field holds the Current Destination Volume Set.", "type": "typed-literal"}, "number": "32", "flags": "F", "location": ".02;2", "type": "4", "name": "current_destination_volume_set"}, {"description": {"datatype": "http://www.w3.org/1999/02/22-rdf-syntax-ns#XMLLiteral", "fmType": "5", "fmId": "-1", "value": "This field is used by Taskmanager to keep track of the number of times that \ra task is moved to a new system trying to start it.\rAfter 3 hops taskman will reject the task.  This will help keep it from \rfilling up a disk.\r", "type": "typed-literal"}, "number": "33", "flags": "NJ2,0", "location": ".02;3", "type": "2", "name": "hop_count"}, {"description": {"datatype": "http://www.w3.org/1999/02/22-rdf-syntax-ns#XMLLiteral", "fmType": "5", "fmId": "-1", "value": "This field holds the task description that was given by the creating\rapplication.", "type": "typed-literal"}, "number": "41", "flags": "F", "location": ".03;E1,240", "type": "4", "name": "task_description"}, {"description": {"datatype": "http://www.w3.org/1999/02/22-rdf-syntax-ns#XMLLiteral", "fmType": "5", "fmId": "-1", "value": "This field holds the Scheduled run time in seconds.\rIt is value is $$H3^%ZTM(<field #6>).", "type": "typed-literal"}, "number": "42", "flags": "NJ10,0", "location": ".04;1", "type": "2", "name": "schedule_time_seconds"}, {"description": {"datatype": "http://www.w3.org/1999/02/22-rdf-syntax-ns#XMLLiteral", "fmType": "5", "fmId": "-1", "value": "This is a status code to show that last know state of the task.", "type": "typed-literal"}, "number": "51", "flags": "F", "location": ".1;1", "type": "4", "name": "status_code"}, {"description": {"datatype": "http://www.w3.org/1999/02/22-rdf-syntax-ns#XMLLiteral", "fmType": "5", "fmId": "-1", "value": "This field holds the $H date when the status code was last updated.", "type": "typed-literal"}, "number": "52", "flags": "F", "location": ".1;2", "type": "4", "name": "last_update_h"}, {"description": {"datatype": "http://www.w3.org/1999/02/22-rdf-syntax-ns#XMLLiteral", "fmType": "5", "fmId": "-1", "value": "This field holds and text string that was included to expaned the status\rcode.", "type": "typed-literal"}, "number": "53", "flags": "F", "location": ".1;3", "type": "4", "name": "status_notes"}, {"description": {"datatype": "http://www.w3.org/1999/02/22-rdf-syntax-ns#XMLLiteral", "fmType": "5", "fmId": "-1", "value": "This field holds the $JOB value for the process that ran the task.\r", "type": "typed-literal"}, "number": "54", "flags": "NJ9,0", "location": ".1;4", "type": "2", "name": "job"}, {"description": {"datatype": "http://www.w3.org/1999/02/22-rdf-syntax-ns#XMLLiteral", "fmType": "5", "fmId": "-1", "value": "This field holds the flag that indicates that the user has asked\r the task to stop.", "type": "typed-literal"}, "number": "59.1", "flags": "F", "location": ".1;10", "type": "4", "name": "stop_flag"}, {"description": {"datatype": "http://www.w3.org/1999/02/22-rdf-syntax-ns#XMLLiteral", "fmType": "5", "fmId": "-1", "value": "This field holds the $Horolog value for the date to remember the\rtask untill.  The task cleanup routine will not remove the task record\runtill after this date.", "type": "typed-literal"}, "number": "59.8", "flags": "F", "location": ".1;8", "type": "4", "name": "remember_untill"}, {"description": {"datatype": "http://www.w3.org/1999/02/22-rdf-syntax-ns#XMLLiteral", "fmType": "5", "fmId": "-1", "value": "This field holds and message that the task sends back to the used\rwhen checking the stop flag.", "type": "typed-literal"}, "number": "61", "flags": "F", "location": ".11;E1,240", "type": "4", "name": "message_to_user"}, {"description": {"datatype": "http://www.w3.org/1999/02/22-rdf-syntax-ns#XMLLiteral", "fmType": "5", "fmId": "-1", "value": "This field holds a count of the retries if the sub-manager gets\rand error while setting up the task.  The current limit is 5\rbefore the sub-manager stops trying.", "type": "typed-literal"}, "number": "71", "flags": "NJ1,0", "location": ".12;1", "type": "2", "name": "error_count"}, {"description": {"datatype": "http://www.w3.org/1999/02/22-rdf-syntax-ns#XMLLiteral", "fmType": "5", "fmId": "-1", "value": "This field holds the $H value of when an eror occured.", "type": "typed-literal"}, "number": "72", "flags": "F", "location": ".12;2", "type": "4", "name": "error_h"}, {"description": {"datatype": "http://www.w3.org/1999/02/22-rdf-syntax-ns#XMLLiteral", "fmType": "5", "fmId": "-1", "value": "This field holds and OS error message if any error occurs.", "type": "typed-literal"}, "number": "73", "flags": "F", "location": ".12;3", "type": "4", "name": "error_message"}, {"description": {"datatype": "http://www.w3.org/1999/02/22-rdf-syntax-ns#XMLLiteral", "fmType": "5", "fmId": "-1", "value": "This field holds the string that will be passed to %ZIS in the IOP\rvariable.", "type": "typed-literal"}, "number": "81", "flags": "F", "location": ".2;1", "type": "4", "name": "device_iop_value"}, {"description": {"datatype": "http://www.w3.org/1999/02/22-rdf-syntax-ns#XMLLiteral", "fmType": "5", "fmId": "-1", "value": "This field holds the resolved $IO value that was returned from\r%ZIS.", "type": "typed-literal"}, "number": "82", "flags": "F", "location": ".2;2", "type": "4", "name": "io_value"}, {"description": {"datatype": "http://www.w3.org/1999/02/22-rdf-syntax-ns#XMLLiteral", "fmType": "5", "fmId": "-1", "value": "This field holds the device type that was returned from %ZIS.", "type": "typed-literal"}, "number": "83", "flags": "F", "location": ".2;3", "type": "4", "name": "device_type"}, {"description": {"datatype": "http://www.w3.org/1999/02/22-rdf-syntax-ns#XMLLiteral", "fmType": "5", "fmId": "-1", "value": "This field holds the Terminal Type value returned from %ZIS.", "type": "typed-literal"}, "number": "84", "flags": "F", "location": ".2;4", "type": "4", "name": "device_subtype"}, {"description": {"datatype": "http://www.w3.org/1999/02/22-rdf-syntax-ns#XMLLiteral", "fmType": "5", "fmId": "-1", "value": "This field holds any modifieds to the %ZIS call.", "type": "typed-literal"}, "number": "85", "flags": "F", "location": ".2;5", "type": "4", "name": "device_is_modifier"}, {"description": {"datatype": "http://www.w3.org/1999/02/22-rdf-syntax-ns#XMLLiteral", "fmType": "5", "fmId": "-1", "value": "If the device requested is a Host File then this field holds the\rname of the Host file.", "type": "typed-literal"}, "number": "86", "flags": "F", "location": ".2;6", "type": "4", "name": "host_file_address"}, {"description": {"datatype": "http://www.w3.org/1999/02/22-rdf-syntax-ns#XMLLiteral", "fmType": "5", "fmId": "-1", "value": "This field holds the Sync Flag that will be used to control other\rtasks with the same Sync Flag.\rIf one task with a Sync Flag doesn't finish properly other tasks\rwith the same Sync Flag will be prevented from running.", "type": "typed-literal"}, "number": "87", "flags": "F", "location": ".2;7", "type": "4", "name": "sync_flag"}, {"description": {"datatype": "http://www.w3.org/1999/02/22-rdf-syntax-ns#XMLLiteral", "fmType": "5", "fmId": "-1", "value": "This field holds a count of the number of times a task has been\rre-Scheduled because the HFS or SPL type device has been busy.\rThis can be used to find tasks that are looping because of a bad device.", "type": "typed-literal"}, "number": "88", "flags": "NJ2,0", "location": ".2;8", "type": "2", "name": "io_reschedule_count"}, {"name": "device_file_entry", "description": {"datatype": "http://www.w3.org/1999/02/22-rdf-syntax-ns#XMLLiteral", "fmType": "5", "fmId": "-1", "value": "This field holds the IEN of the device that was selected.", "type": "typed-literal"}, "number": "91", "flags": "P3.5'", "details": "3.5", "type": "7", "location": ".21;1"}, {"description": {"datatype": "http://www.w3.org/1999/02/22-rdf-syntax-ns#XMLLiteral", "fmType": "5", "fmId": "-1", "value": "This field holds other device parameters.", "type": "typed-literal"}, "number": "95", "flags": "F", "location": ".25;1", "type": "4", "name": "device_parameters"}, {"description": {"datatype": "http://www.w3.org/1999/02/22-rdf-syntax-ns#XMLLiteral", "fmType": "5", "fmId": "-1", "value": "This field holds name of the hunt group that the device is in.", "type": "typed-literal"}, "number": "96", "flags": "F", "location": ".26;1", "type": "4", "name": "hunt_group_name"}, {"type": "6", "flags": "CJ15", "number": "101", "name": "routine"}, {"type": "6", "description": {"datatype": "http://www.w3.org/1999/02/22-rdf-syntax-ns#XMLLiteral", "fmType": "5", "fmId": "-1", "value": "Convert the creation $H into printable format.", "type": "typed-literal"}, "flags": "CJ17", "number": "105", "name": "creation_dt"}, {"type": "6", "description": {"datatype": "http://www.w3.org/1999/02/22-rdf-syntax-ns#XMLLiteral", "fmType": "5", "fmId": "-1", "value": "Convert the scheduled run $H to printable format.", "type": "typed-literal"}, "flags": "CJ17", "number": "106", "name": "scheduled_run_dt"}, {"type": "6", "description": {"datatype": "http://www.w3.org/1999/02/22-rdf-syntax-ns#XMLLiteral", "fmType": "5", "fmId": "-1", "value": "Convert the status $H to printable format.", "type": "typed-literal"}, "flags": "CJ17", "number": "152", "name": "status_dt"}], "fmql": {"TYPELABEL": "TASKS", "TYPE": "14_4", "OP": "DESCRIBE TYPE"}, "number": "14.4", "location": "^%ZTSK(", "name": "TASKS"}