{"fields": [{"description": {"datatype": "http://www.w3.org/1999/02/22-rdf-syntax-ns#XMLLiteral", "fmType": "5", "fmId": "-1", "value": "This is the name of a postoperative diagnosis other than the principal\rpostoperative diagnosis.\r ", "type": "typed-literal"}, "number": ".01", "flags": "MFX", "location": "0;1", "type": "4", "name": "other_postop_diags"}, {"name": "paired_organs", "description": {"datatype": "http://www.w3.org/1999/02/22-rdf-syntax-ns#XMLLiteral", "fmType": "5", "fmId": "-1", "value": "This is the code corresponding to the side of the body related to\rthis preoperative diagnosis, if applicable.  This field is marked\rfor deletion.", "type": "typed-literal"}, "number": "1", "flags": "S", "details": "R:RIGHT;L:LEFT;B:BILATERAL;N:NOT APPLICABLE;U:UNKNOWN;", "type": "3", "location": "0;2"}, {"description": {"datatype": "http://www.w3.org/1999/02/22-rdf-syntax-ns#XMLLiteral", "fmType": "5", "fmId": "-1", "value": "These are comments related to the additional postoperative diagnosis.\r ", "type": "typed-literal"}, "number": "2", "flags": "130.19", "location": "1;0", "type": "5", "name": "diagnosis_comments"}, {"name": "planned_icd_diagnosis_code", "description": {"datatype": "http://www.w3.org/1999/02/22-rdf-syntax-ns#XMLLiteral", "fmType": "5", "fmId": "-1", "value": "This is the planned ICD-9-CM code corresponding with this postoperative\rdiagnosis.", "type": "typed-literal"}, "number": "3", "flags": "*P80'X", "details": "80", "type": "7", "location": "0;3"}, {"name": "service_connected", "description": {"datatype": "http://www.w3.org/1999/02/22-rdf-syntax-ns#XMLLiteral", "fmType": "5", "fmId": "-1", "value": "This field will be used to indicate if this surgery or non-OR procedure   \ris treating a VA patient for a service connected problem.  This\rinformation may be passed to the VISIT file (#9000010) for use by PCE.", "type": "typed-literal"}, "number": "4", "flags": "RS", "details": "0:NO;1:YES;", "type": "3", "location": "2;1"}, {"name": "agent_orange_exposure", "description": {"datatype": "http://www.w3.org/1999/02/22-rdf-syntax-ns#XMLLiteral", "fmType": "5", "fmId": "-1", "value": "This field will be used to indicate if this surgery or non-OR procedure\ris treating a VA patient for a problem that is related to Agent Orange\rExposure.  This information may be passed to the VISIT file (#9000010) for\ruse by PCE.", "type": "typed-literal"}, "number": "5", "flags": "RS", "details": "1:YES;0:NO;", "type": "3", "location": "2;2"}, {"name": "ionizing_radiation_exposure", "description": {"datatype": "http://www.w3.org/1999/02/22-rdf-syntax-ns#XMLLiteral", "fmType": "5", "fmId": "-1", "value": "This field will be used to indicate if this surgery or non-OR procedure is\rtreating a VA patient for a problem that is related to Ionizing Radiation\rExposure.  This information may be passed to the VISIT file (#9000010) for\ruse by PCE.", "type": "typed-literal"}, "number": "6", "flags": "RS", "details": "1:YES;0:NO;", "type": "3", "location": "2;3"}, {"name": "military_sexual_trauma", "description": {"datatype": "http://www.w3.org/1999/02/22-rdf-syntax-ns#XMLLiteral", "fmType": "5", "fmId": "-1", "value": "This field will be used to indicate if this surgery or non-OR procedure is\rtreating a VA patient for a problem that is related to Military Sexual\rTrauma.  This information may be passed to the VISIT file (#9000010) for\ruse by PCE.", "type": "typed-literal"}, "number": "7", "flags": "RS", "details": "0:NO;1:YES;", "type": "3", "location": "2;4"}, {"name": "head_and_or_neck_cancer", "description": {"datatype": "http://www.w3.org/1999/02/22-rdf-syntax-ns#XMLLiteral", "fmType": "5", "fmId": "-1", "value": "This field will be used to indicate if this surgery or non-OR procedure is\rtreating a VA patient for a problem that is related to Head and/or Neck\rCancer.  This information may be passed to the VISIT file (#9000010) for\ruse by PCE.", "type": "typed-literal"}, "number": "8", "flags": "RS", "details": "0:NO;1:YES;", "type": "3", "location": "2;5"}, {"name": "southwest_asia_conditions", "description": {"datatype": "http://www.w3.org/1999/02/22-rdf-syntax-ns#XMLLiteral", "fmType": "5", "fmId": "-1", "value": "This field will be used to indicate if this surgery or non-OR procedure \ris treating a VA patient for a problem that is related to service in SW\rAsia.  This information may be passed to the VISIT file (#9000010) for \ruse by PCE.", "type": "typed-literal"}, "number": "9", "flags": "RS", "details": "0:NO;1:YES;", "type": "3", "location": "2;6"}, {"name": "combat_vet", "description": {"datatype": "http://www.w3.org/1999/02/22-rdf-syntax-ns#XMLLiteral", "fmType": "5", "fmId": "-1", "value": "This field will be used to indicate if this surgery or non-OR procedure \ris treating a VA patient for a problem that is related to Combat.  This \rinformation may be passed to the VISIT file (#9000010) for use by PCE.", "type": "typed-literal"}, "number": "10", "flags": "RS", "details": "0:NO;1:YES;", "type": "3", "location": "2;7"}, {"name": "proj_112_shad", "description": {"datatype": "http://www.w3.org/1999/02/22-rdf-syntax-ns#XMLLiteral", "fmType": "5", "fmId": "-1", "value": "This field will be used to indicate if this surgery or non-OR procedure \ris treating a VA patient for a problem that is related to PROJ 112/SHAD.  \rThis information may be passed to the VISIT file (#9000010) for use by \rPCE.", "type": "typed-literal"}, "number": "11", "flags": "RS", "details": "0:NO;1:YES;", "type": "3", "location": "2;8"}], "fmql": {"TYPELABEL": "OTHER POSTOP DIAGS", "TYPE": "130_18", "OP": "DESCRIBE TYPE"}, "name": "OTHER POSTOP DIAGS", "parent": "130", "number": "130.18"}