{"count": "0", "description": {"datatype": "http://www.w3.org/1999/02/22-rdf-syntax-ns#XMLLiteral", "fmType": "5", "fmId": "-1", "value": "Site configurable features for the Adverse Reaction Tracking package.", "type": "typed-literal"}, "fields": [{"index": "B", "name": "name", "number": ".01", "flags": "RFX", "location": "0;1", "type": "4", "description": {"datatype": "http://www.w3.org/1999/02/22-rdf-syntax-ns#XMLLiteral", "fmType": "5", "fmId": "-1", "value": "This field is the name of this set of parameters.  The name of the base\rset that is sent out is \"HOSPITAL\".  The code will work more efficiently\rif the name of the base set of parameters is not changed from \"HOSPITAL\".", "type": "typed-literal"}}, {"name": "top_10_reactions", "description": {"datatype": "http://www.w3.org/1999/02/22-rdf-syntax-ns#XMLLiteral", "fmType": "5", "fmId": "-1", "value": "A list of reactions for the user to choose from when selecting reactions\rfor a patient allergy/adverse reactions.  These will be the ten most\rcommon reactions, and modifiable by the site.", "type": "typed-literal"}, "number": "1", "flags": "120.841IP", "details": "120.841", "type": "9", "location": "1;0"}, {"name": "autoverify_food_drug_other", "description": {"datatype": "http://www.w3.org/1999/02/22-rdf-syntax-ns#XMLLiteral", "fmType": "5", "fmId": "-1", "value": "This field determines which types of allergies a site wants autoverified\rat the user sign off.", "type": "typed-literal"}, "number": "2", "flags": "S", "details": "0:NO AUTOVERIFY;1:AUTOVERIFY DRUG ONLY;2:AUTOVERIFY FOOD ONLY;3:AUTOVERIFY DRUG/FOOD;4:AUTOVERIFY OTHER ONLY;5:AUTOVERIFY DRUG/OTHER;6:AUTOVERIFY FOOD/OTHER;7:AUTOVERIFY ALL;", "type": "3", "location": "0;2"}, {"name": "autoverify_observed_historical", "description": {"datatype": "http://www.w3.org/1999/02/22-rdf-syntax-ns#XMLLiteral", "fmType": "5", "fmId": "-1", "value": "This field is configurable by the site to allow autoverification of\robserved or historical allergies.", "type": "typed-literal"}, "number": "3", "flags": "S", "details": "0:NO AUTOVERIFY;1:AUTOVERIFY HISTORICAL ONLY;2:AUTOVERIFY OBSERVED ONLY;3:AUTOVERIFY BOTH;", "type": "3", "location": "0;3"}, {"name": "autoverify_logical_operator", "description": {"datatype": "http://www.w3.org/1999/02/22-rdf-syntax-ns#XMLLiteral", "fmType": "5", "fmId": "-1", "value": "This field will determine how the Autoverify Food/Drug/Other and\rAutoverify Observed/Historical parameters relate to each other.  OR means\rthat the reaction will be autoverified if it meets the criteria of one of\rthe two parameters, while AND means the reaction will be autoverified only\rif it meets the criteria of both parameters.  If this field is left null,\rthe OR condition will be used.\r \rFor example, if you want to verify only observed drug reactions, you would\rset the Autoverify Food/Drug/Other parameter to AUTOVERIFY FOOD/OTHER\rand the Autoverify Observed/Historical to AUTOVERIFY HISTORICAL ONLY\r, and the\rAutoverify Logical Operator to OR.  This means that a reaction that has\ra type of Food/Other OR is Historical will be autoverified, thus leaving\robserved drug reactions to be verified.\r \rAnother example would be if you wanted to verify all observed reactions\rand all drug reactions whether observed or historical.  The parameters\rshould be set accordingly:  Autoverify Food/Drug/Other to AUTOVERIFY\rFOOD/OTHER, Autoverify Observed/Historical to AUTOVERIFY HISTORICAL ONLY\r and\rAutoverify Logical Operator to AND.  In this case to be autoverifed, a\rreaction has to have a type of Food/Other AND it must be Historical, all\rother reactions will need to be verified.", "type": "typed-literal"}, "number": "3.5", "flags": "S", "details": "!:OR;&:AND;", "type": "3", "location": "0;6"}, {"name": "require_originator_comments", "description": {"datatype": "http://www.w3.org/1999/02/22-rdf-syntax-ns#XMLLiteral", "fmType": "5", "fmId": "-1", "value": "This field indicates whether the originator will be required to enter\rcomments for an OBSERVED reaction.", "type": "typed-literal"}, "number": "4", "flags": "S", "details": "0:NO;1:YES;", "type": "3", "location": "0;4"}, {"description": {"datatype": "http://www.w3.org/1999/02/22-rdf-syntax-ns#XMLLiteral", "fmType": "5", "fmId": "-1", "value": "The data in this field is the entry number of the Patient file record\rwhose data was last converted by the Patient file data conversion.  This\rfield will be 0 before the conversion begins and after the conversion\ris over.", "type": "typed-literal"}, "number": "5", "flags": "NJ8,0", "location": "CONV;1", "type": "2", "name": "last_dfn_converted"}, {"description": {"datatype": "http://www.w3.org/1999/02/22-rdf-syntax-ns#XMLLiteral", "fmType": "5", "fmId": "-1", "value": "This is the TaskMan task number of the Patient file data conversion job.\rThe data in this field will be null before the job is queued to run, and\rafter it has finished running.", "type": "typed-literal"}, "number": "5.1", "flags": "NJ8,0", "location": "CONV;2", "type": "2", "name": "conversion_task_number"}, {"name": "conversion_finished", "description": {"datatype": "http://www.w3.org/1999/02/22-rdf-syntax-ns#XMLLiteral", "fmType": "5", "fmId": "-1", "value": "This field indicates whether the Patient file data conversion has\rfinished running or not.  The data in this field will be 1 if the\rPatient file data conversion has finished running, or did not need\rto run.", "type": "typed-literal"}, "number": "5.2", "flags": "S", "details": "0:NO;1:YES;", "type": "3", "location": "CONV;3"}, {"name": "division", "description": {"datatype": "http://www.w3.org/1999/02/22-rdf-syntax-ns#XMLLiteral", "fmType": "5", "fmId": "-1", "value": "The divisions associated with this set of site parameters.", "type": "typed-literal"}, "number": "6", "flags": "120.846P", "details": "120.846", "type": "9", "location": "6;0"}, {"name": "mark_id_band_flag", "description": {"datatype": "http://www.w3.org/1999/02/22-rdf-syntax-ns#XMLLiteral", "fmType": "5", "fmId": "-1", "value": "This field is an indicator to denote whether the site wants\rto document if the patient ID band should be marked for\ra certain allergy.\rThe system will assume the site wants to document the marking of inpatient\rID bands.  If this field is answered NO, the site does not want to\rdocument the marking of inpatient ID bands.", "type": "typed-literal"}, "number": "7", "flags": "S", "details": "0:NO;1:YES;", "type": "3", "location": "0;5"}, {"name": "method_of_notification", "description": {"datatype": "http://www.w3.org/1999/02/22-rdf-syntax-ns#XMLLiteral", "fmType": "5", "fmId": "-1", "value": "This field tells ART if or how the users should be notified for chart\ror ID band markings.  There are three methods. The first method is the\ruse of BULLETINs,  which is the current way ART works.  The\rsecond method is the use of OE/RR Teams.  If this method is used, then\ryou will need to set up different teams for each ward and also assign\rprinters to these teams.  The third method is to turn off the function.", "type": "typed-literal"}, "number": "7.1", "flags": "S", "details": "0:BULLETIN;1:OE/RR TEAMS;2:NO NOTIFICATION;", "type": "3", "location": "0;8"}, {"name": "alert_id_band_chart_mark", "description": {"datatype": "http://www.w3.org/1999/02/22-rdf-syntax-ns#XMLLiteral", "fmType": "5", "fmId": "-1", "value": "This field is to let the system know if you want to issue alerts \rif the fields have not been answered in the Enter/Edit Patient Reaction\rData portion of the system.  If the field is answered yes(1) or is null\rthen, the system will continue to issue the alerts.  If this field is\rno(0), then the system will not issue alerts for this record.", "type": "typed-literal"}, "number": "7.2", "flags": "S", "details": "1:YES;0:NO;", "type": "3", "location": "0;9"}, {"name": "new_admission_chart_mark", "description": {"datatype": "http://www.w3.org/1999/02/22-rdf-syntax-ns#XMLLiteral", "fmType": "5", "fmId": "-1", "value": "This is to indicate if the site wants to send chart mark bulletin\rfor a new admission.", "type": "typed-literal"}, "number": "7.3", "flags": "S", "details": "1:YES;0:NO;", "type": "3", "location": "0;10"}, {"description": {"datatype": "http://www.w3.org/1999/02/22-rdf-syntax-ns#XMLLiteral", "fmType": "5", "fmId": "-1", "value": "This field will contain the last field that has been fully\rconverted. The field is initially set to 0.", "type": "typed-literal"}, "number": "8", "flags": "NJ11,0", "location": "CONV3;1", "type": "2", "name": "30_conversion_last_dfn"}, {"description": {"datatype": "http://www.w3.org/1999/02/22-rdf-syntax-ns#XMLLiteral", "fmType": "5", "fmId": "-1", "value": "This field is the TaskMan number that was assigned.  In the\revent that there is a conversion failure this will enable the\rsystem to give the programmers the tools to investigate the problem.", "type": "typed-literal"}, "number": "8.1", "flags": "F", "location": "CONV3;2", "type": "4", "name": "30_task_number"}, {"name": "conversion_finished", "description": {"datatype": "http://www.w3.org/1999/02/22-rdf-syntax-ns#XMLLiteral", "fmType": "5", "fmId": "-1", "value": "This field indicates whether the V3.0 data structure conversion has\rfinished running.  The data in this field will be 1 if the\rconversion has finished running or did not need to run.", "type": "typed-literal"}, "number": "8.2", "flags": "S", "details": "1:YES;0:NO;", "type": "3", "location": "CONV3;3"}, {"name": "nka_conversion", "description": {"datatype": "http://www.w3.org/1999/02/22-rdf-syntax-ns#XMLLiteral", "fmType": "5", "fmId": "-1", "value": "This field contains all the entries that are to be converted in the 3.0\rNKA conversion.", "type": "typed-literal"}, "number": "9", "flags": "120.849", "details": "120.849", "type": "9", "location": "NKA;0"}, {"name": "fda_data_required", "description": {"datatype": "http://www.w3.org/1999/02/22-rdf-syntax-ns#XMLLiteral", "fmType": "5", "fmId": "-1", "value": "This field will indicate whether the entry of FDA Data should be required\rduring the Enter/Edit Patient Reaction Data.  If this field is answered \"YES\",\rthen the user must enter the FDA Data at the time of entering a reaction.\rIf this field is left null or answered \"NO\", then the FDA Data entry will\rnot be required during the Enter/Edit Patient Reaction Data option.", "type": "typed-literal"}, "number": "10", "flags": "S", "details": "y:YES;n:NO;", "type": "3", "location": "0;7"}, {"name": "e_e_description_active", "description": {"datatype": "http://www.w3.org/1999/02/22-rdf-syntax-ns#XMLLiteral", "fmType": "5", "fmId": "-1", "value": "Permit users to indicate why a reaction was Entered in Error.", "type": "typed-literal"}, "number": "10.1", "flags": "S", "details": "1:YES;0:NO;", "type": "3", "location": "0;11"}, {"description": {"datatype": "http://www.w3.org/1999/02/22-rdf-syntax-ns#XMLLiteral", "fmType": "5", "fmId": "-1", "value": "This field would contain the default reporter name to be used on the\rFDA reports.", "type": "typed-literal"}, "number": "11", "flags": "FX", "location": "RPT;1", "type": "4", "name": "reporter_name"}, {"description": {"datatype": "http://www.w3.org/1999/02/22-rdf-syntax-ns#XMLLiteral", "fmType": "5", "fmId": "-1", "value": "This field would contain the first line of the reporter address to\rbe used as a default for the FDA reports.", "type": "typed-literal"}, "number": "12", "flags": "F", "location": "RPT;2", "type": "4", "name": "reporter_address1"}, {"description": {"datatype": "http://www.w3.org/1999/02/22-rdf-syntax-ns#XMLLiteral", "fmType": "5", "fmId": "-1", "value": "This field would contain the second line of the reporter address to\rbe used as the default on the FDA reports.", "type": "typed-literal"}, "number": "13", "flags": "F", "location": "RPT;3", "type": "4", "name": "reporter_address2"}, {"description": {"datatype": "http://www.w3.org/1999/02/22-rdf-syntax-ns#XMLLiteral", "fmType": "5", "fmId": "-1", "value": "This field would contain the third line of the reporter address to\rbe used as the default on the FDA reports.", "type": "typed-literal"}, "number": "14", "flags": "F", "location": "RPT;4", "type": "4", "name": "reporter_address3"}, {"description": {"datatype": "http://www.w3.org/1999/02/22-rdf-syntax-ns#XMLLiteral", "fmType": "5", "fmId": "-1", "value": "This field contains the city to be used as the default on the FDA Reports.", "type": "typed-literal"}, "number": "15", "flags": "F", "location": "RPT;5", "type": "4", "name": "reporter_city"}, {"name": "reporter_state", "description": {"datatype": "http://www.w3.org/1999/02/22-rdf-syntax-ns#XMLLiteral", "fmType": "5", "fmId": "-1", "value": "This field contains the default state to be used on the FDA reports.", "type": "typed-literal"}, "number": "16", "flags": "P5'", "details": "5", "type": "7", "location": "RPT;6"}, {"description": {"datatype": "http://www.w3.org/1999/02/22-rdf-syntax-ns#XMLLiteral", "fmType": "5", "fmId": "-1", "value": "This field contain the default Zip Code to be used on the FDA reports.", "type": "typed-literal"}, "number": "17", "flags": "F", "location": "RPT;7", "type": "4", "name": "reporter_zip"}, {"description": {"datatype": "http://www.w3.org/1999/02/22-rdf-syntax-ns#XMLLiteral", "fmType": "5", "fmId": "-1", "value": "This field contains the default phone number to be used on the FDA reports.", "type": "typed-literal"}, "number": "18", "flags": "F", "location": "RPT;8", "type": "4", "name": "reporter_phone"}, {"description": {"datatype": "http://www.w3.org/1999/02/22-rdf-syntax-ns#XMLLiteral", "fmType": "5", "fmId": "-1", "value": "This field contains the reporter's occupation.", "type": "typed-literal"}, "number": "19", "flags": "F", "location": "RPT;11", "type": "4", "name": "occupation"}, {"name": "conversion_of_nka", "description": {"datatype": "http://www.w3.org/1999/02/22-rdf-syntax-ns#XMLLiteral", "fmType": "5", "fmId": "-1", "value": "This field indicates if the NKA conversion is complete.  ATS 3.0 will not\rinstall onto a system that has ATS Version 2.2 if this field is not set.\r ", "type": "typed-literal"}, "number": "21", "flags": "S", "details": "y:YES;n:NO;", "type": "3", "location": "CONNKA;1"}], "fmql": {"TYPELABEL": "GMR ALLERGY SITE PARAMETERS", "TYPE": "120_84", "OP": "DESCRIBE TYPE"}, "number": "120.84", "location": "^GMRD(120.84,", "name": "GMR ALLERGY SITE PARAMETERS"}