{"fields": [{"index": "B", "name": "orderable_item", "description": {"datatype": "http://www.w3.org/1999/02/22-rdf-syntax-ns#XMLLiteral", "fmType": "5", "fmId": "-1", "value": "This is the actual item (test, procedure, diet, drug, etc) being ordered\rfrom the Orderable Items file.", "type": "typed-literal"}, "number": ".01", "flags": "MP101.43'", "location": "0;1", "type": "7", "details": "101.43"}], "fmql": {"TYPELABEL": "ORDERABLE ITEMS", "TYPE": "100_001", "OP": "DESCRIBE TYPE"}, "name": "ORDERABLE ITEMS", "parent": "100", "number": "100.001"}