{"count": "0", "description": {"datatype": "http://www.w3.org/1999/02/22-rdf-syntax-ns#XMLLiteral", "fmType": "5", "fmId": "-1", "value": "This file contains all dietetic orders for each admission of a\rpatient. It includes diet orders, consult requests, supplemental\rfeedings, early/late tray requests, and tubefeedings. It also\rcontains any food allergies entered for the patient.\r\rThis file will also be used to store outpatient data for individuals\rserved in the outpatient meals functionality.", "type": "typed-literal"}, "fields": [{"index": "B", "name": "name", "number": ".01", "flags": "RF", "location": "0;1", "type": "4", "description": {"datatype": "http://www.w3.org/1999/02/22-rdf-syntax-ns#XMLLiteral", "fmType": "5", "fmId": "-1", "value": "Beginning with the Outpatient Meals release this field will simply be a\rfree text field.  This file will need to point to either File #2 or File #200\rand those pointer values will be stored in fields #14 & #15 respectively.\rThose 2 fields will be mutually exclusive, ie, each entry in this file must\rhave a pointer value in EITHER field #14 OR field #15, BUT NOT BOTH.\r\rPreviously, this field was a pointer to the main ^DPT file and had the same\rinternal number as that file. Thus, the patient's name was the ^DPT name.\rThis was no longer feasible since it was necessary to point to file #200 also.\r\rThis field will now store either \"P\" followed by a pointer value to file #2\ror an \"N\" followed by a pointer value to #200.  For example, this field\rmight store P27 for IEN #27 in file #2.  Or this field might store N1866 for\rIEN #1866 in file #200.", "type": "typed-literal"}}, {"name": "admission", "description": {"datatype": "http://www.w3.org/1999/02/22-rdf-syntax-ns#XMLLiteral", "fmType": "5", "fmId": "-1", "value": "This multiple contains all dietetic information pertaining\rto this particular admission.", "type": "typed-literal"}, "number": "1", "flags": "115.01D", "details": "115.01", "type": "9", "location": "A;0"}, {"name": "food_preferences", "description": {"datatype": "http://www.w3.org/1999/02/22-rdf-syntax-ns#XMLLiteral", "fmType": "5", "fmId": "-1", "value": "This multiple contains the food preferences selected by the patient.", "type": "typed-literal"}, "number": "10", "flags": "115.09PA", "details": "115.09", "type": "9", "location": "P;0"}, {"name": "nutrition_assessment", "description": {"datatype": "http://www.w3.org/1999/02/22-rdf-syntax-ns#XMLLiteral", "fmType": "5", "fmId": "-1", "value": "This field contains Nutrition Assessments performed\rfor this patient.", "type": "typed-literal"}, "number": "11", "flags": "115.011DI", "details": "115.011", "type": "9", "location": "N;0"}, {"name": "nutrition_status", "description": {"datatype": "http://www.w3.org/1999/02/22-rdf-syntax-ns#XMLLiteral", "fmType": "5", "fmId": "-1", "value": "This multiple contains the nutrition assessment\rstatuses that have been entered for this patient.", "type": "typed-literal"}, "number": "12", "flags": "115.012D", "details": "115.012", "type": "9", "location": "S;0"}, {"name": "patient", "description": {"datatype": "http://www.w3.org/1999/02/22-rdf-syntax-ns#XMLLiteral", "fmType": "5", "fmId": "-1", "value": "This field, if populated, will contain a pointer to the Patient (#2) file,\rif the Nutrition Person is a patient.  This field and field #15 are mutually\rexclusive, in other words each entry in this file should have a value in\reither this field or field #15.", "type": "typed-literal"}, "number": "14", "flags": "P2'", "details": "2", "type": "7", "location": "0;3"}, {"name": "new_person", "description": {"datatype": "http://www.w3.org/1999/02/22-rdf-syntax-ns#XMLLiteral", "fmType": "5", "fmId": "-1", "value": "This field, if populated, will contain a pointer to the New Person (#200)\rfile, if the Nutrition Person is a NOT a patient.  This field and field #14\rare mutually exclusive, in other words each entry in this file should have\ra value in either this field or field #14.", "type": "typed-literal"}, "number": "15", "flags": "P200'", "details": "200", "type": "7", "location": "0;4"}, {"name": "recurring_meals", "description": {"datatype": "http://www.w3.org/1999/02/22-rdf-syntax-ns#XMLLiteral", "fmType": "5", "fmId": "-1", "value": "This multiple stores the recurring meals data.", "type": "typed-literal"}, "number": "16", "flags": "115.016D", "details": "115.016", "type": "9", "location": "OP;0"}, {"name": "special_meals", "description": {"datatype": "http://www.w3.org/1999/02/22-rdf-syntax-ns#XMLLiteral", "fmType": "5", "fmId": "-1", "value": "This multiple stores special meals data.", "type": "typed-literal"}, "number": "17", "flags": "115.017D", "details": "115.017", "type": "9", "location": "SM;0"}, {"name": "guest_meals", "description": {"datatype": "http://www.w3.org/1999/02/22-rdf-syntax-ns#XMLLiteral", "fmType": "5", "fmId": "-1", "value": "This multiple stores the guest meals data.", "type": "typed-literal"}, "number": "18", "flags": "115.018D", "details": "115.018", "type": "9", "location": "GM;0"}, {"name": "isolation_precaution_outpt", "description": {"datatype": "http://www.w3.org/1999/02/22-rdf-syntax-ns#XMLLiteral", "fmType": "5", "fmId": "-1", "value": "This field, if present, indicates that the outpatient is presently\ron isolation or special precautions.  Note: this field is for outpatients\rand is different from the isolation/precautions field for inpatients which\ris associated with a specific admission.", "type": "typed-literal"}, "number": "19", "flags": "P119.4'", "details": "119.4", "type": "7", "location": "0;5"}, {"name": "ip_oe_rr_order_outpt", "description": {"datatype": "http://www.w3.org/1999/02/22-rdf-syntax-ns#XMLLiteral", "fmType": "5", "fmId": "-1", "value": "Pointer to File #100 for I/P's entered thru OE/RR.", "type": "typed-literal"}, "number": "20", "flags": "P100'", "details": "100", "type": "7", "location": "0;6"}, {"name": "alert", "description": {"datatype": "http://www.w3.org/1999/02/22-rdf-syntax-ns#XMLLiteral", "fmType": "5", "fmId": "-1", "value": "This is a multiple for food/drug alert for a patient.", "type": "typed-literal"}, "number": "21", "flags": "115.12D", "details": "115.12", "type": "9", "location": "D;0"}], "fmql": {"TYPELABEL": "NUTRITION PERSON", "TYPE": "115", "OP": "DESCRIBE TYPE"}, "number": "115", "location": "^FHPT(", "name": "NUTRITION PERSON"}