{"fields": [{"index": "B", "name": "service_team_to_notify", "description": {"datatype": "http://www.w3.org/1999/02/22-rdf-syntax-ns#XMLLiteral", "fmType": "5", "fmId": "-1", "value": "A team of users may be identified (from the OE/RR LIST file, #100.21) that\rwill receive a \"NEW SERVICE CONSULT\" notification when a new order is\rreleased to the service through OE/RR.  The notification will appear in\rthe following format:\r   NIVEK,ALP (N8796): New Psychology Consult ordered\rThe individuals on the teams must have the \"NEW SERVICE CONSULT/REQUEST\"\rnotification type turned \"ON\".\r  \rTeam members will be able to perform update tracking capabilities.", "type": "typed-literal"}, "number": ".01", "flags": "MP100.21'", "location": "0;1", "type": "7", "details": "100.21"}], "fmql": {"TYPELABEL": "SERVICE TEAM(S) TO NOTIFY", "TYPE": "123_53", "OP": "DESCRIBE TYPE"}, "name": "SERVICE TEAM(S) TO NOTIFY", "parent": "123.5", "number": "123.53"}