{"count": "0", "description": {"datatype": "http://www.w3.org/1999/02/22-rdf-syntax-ns#XMLLiteral", "fmType": "5", "fmId": "-1", "value": "This file contains vital sign information and other measurement data for a \rpatient.", "type": "typed-literal"}, "fields": [{"index": "B", "name": "date_time_vitals_taken", "number": ".01", "flags": "RDX", "location": "0;1", "type": "1", "description": {"datatype": "http://www.w3.org/1999/02/22-rdf-syntax-ns#XMLLiteral", "fmType": "5", "fmId": "-1", "value": "This field contains the date/time this vital/measurement was taken by the\rcare provider.", "type": "typed-literal"}}, {"index": "C", "name": "patient", "description": {"datatype": "http://www.w3.org/1999/02/22-rdf-syntax-ns#XMLLiteral", "fmType": "5", "fmId": "-1", "value": "This field contains the name of the patient for whom this vital measurement\rdata was entered.  Pointer to the PATIENT (#2) file.", "type": "typed-literal"}, "number": ".02", "flags": "RP2'", "location": "0;2", "type": "7", "details": "2"}, {"index": "T", "name": "vital_type", "description": {"datatype": "http://www.w3.org/1999/02/22-rdf-syntax-ns#XMLLiteral", "fmType": "5", "fmId": "-1", "value": "This field denotes the type of measurement for this record.  Pointer to\rthe GMRV VITAL TYPE (#120.51) file.", "type": "typed-literal"}, "number": ".03", "flags": "RP120.51'", "location": "0;3", "type": "7", "details": "120.51"}, {"description": {"datatype": "http://www.w3.org/1999/02/22-rdf-syntax-ns#XMLLiteral", "fmType": "5", "fmId": "-1", "value": "This field contains the date/time that this record was entered.", "type": "typed-literal"}, "number": ".04", "flags": "RD", "location": "0;4", "type": "1", "name": "date_time_vitals_entered"}, {"name": "hospital_location", "description": {"datatype": "http://www.w3.org/1999/02/22-rdf-syntax-ns#XMLLiteral", "fmType": "5", "fmId": "-1", "value": "This field contains the location where this measurement was taken.  Pointer \rto the HOSPITAL LOCATION (#44) file.", "type": "typed-literal"}, "number": ".05", "flags": "R*P44'", "details": "44", "type": "7", "location": "0;5"}, {"name": "entered_by", "description": {"datatype": "http://www.w3.org/1999/02/22-rdf-syntax-ns#XMLLiteral", "fmType": "5", "fmId": "-1", "value": "This field contains the name of the person who edited the file entry.  \rPointer to the NEW PERSON (#200) file.", "type": "typed-literal"}, "number": ".06", "flags": "RP200'", "details": "200", "type": "7", "location": "0;6"}, {"description": {"datatype": "http://www.w3.org/1999/02/22-rdf-syntax-ns#XMLLiteral", "fmType": "5", "fmId": "-1", "value": "This field contains the numeric value associated with this vital\rmeasurement.", "type": "typed-literal"}, "number": "1.2", "flags": "FX", "location": "0;8", "type": "4", "name": "rate"}, {"description": {"datatype": "http://www.w3.org/1999/02/22-rdf-syntax-ns#XMLLiteral", "fmType": "5", "fmId": "-1", "value": "This field stores the information of the supplemental oxygen as follows:\r  .5-20 l/min (liters/minute)   and/or\r  21-100 % of oxygen concentration\rFor example: 4.5 l/min 40%\r             4.5 l/min\r             40 %", "type": "typed-literal"}, "number": "1.4", "flags": "F", "location": "0;10", "type": "4", "name": "supplemental_o2"}, {"name": "entered_in_error", "description": {"datatype": "http://www.w3.org/1999/02/22-rdf-syntax-ns#XMLLiteral", "fmType": "5", "fmId": "-1", "value": "This field indicates that this record was flagged as entered in error.", "type": "typed-literal"}, "number": "2", "flags": "SI", "details": "1:YES;", "type": "3", "location": "2;1"}, {"name": "error_entered_by", "description": {"datatype": "http://www.w3.org/1999/02/22-rdf-syntax-ns#XMLLiteral", "fmType": "5", "fmId": "-1", "value": "This field indicates the name of the person responsible for entering the \rrecord in error.  Pointer to the NEW PERSON (#200) file.", "type": "typed-literal"}, "number": "3", "flags": "P200'I", "details": "200", "type": "7", "location": "2;2"}, {"name": "reason_entered_in_error", "description": {"datatype": "http://www.w3.org/1999/02/22-rdf-syntax-ns#XMLLiteral", "fmType": "5", "fmId": "-1", "value": "This multiple contains a list of reasons for entering a vital measurement \rin error.", "type": "typed-literal"}, "number": "4", "flags": "120.506S", "details": "120.506", "type": "9", "location": "2.1;0"}, {"name": "qualifier", "description": {"datatype": "http://www.w3.org/1999/02/22-rdf-syntax-ns#XMLLiteral", "fmType": "5", "fmId": "-1", "value": "A list of qualifiers associated with this measurement.", "type": "typed-literal"}, "number": "5", "flags": "120.505P", "details": "120.505", "type": "9", "location": "5;0"}], "fmql": {"TYPELABEL": "GMRV VITAL MEASUREMENT", "TYPE": "120_5", "OP": "DESCRIBE TYPE"}, "number": "120.5", "location": "^GMR(120.5,", "name": "GMRV VITAL MEASUREMENT"}