{"count": "0", "description": {"datatype": "http://www.w3.org/1999/02/22-rdf-syntax-ns#XMLLiteral", "fmType": "5", "fmId": "-1", "value": "This file contains information related to operating room and surgical\rspecialty utilization.  Start and end times for each room will be stored\rfor each specific date.\r ", "type": "typed-literal"}, "fields": [{"description": {"datatype": "http://www.w3.org/1999/02/22-rdf-syntax-ns#XMLLiteral", "fmType": "5", "fmId": "-1", "value": "This is the date for which the utilization will be calculated.\r ", "type": "typed-literal"}, "number": ".01", "flags": "RDX", "location": "0;1", "type": "1", "name": "utilization_date"}, {"name": "operating_room", "description": {"datatype": "http://www.w3.org/1999/02/22-rdf-syntax-ns#XMLLiteral", "fmType": "5", "fmId": "-1", "value": "This contains information related to the start and end times for all\roperating rooms on a specific date.\r ", "type": "typed-literal"}, "number": "1", "flags": "131.81PA", "details": "131.81", "type": "9", "location": "1;0"}, {"name": "surgical_specialty", "description": {"datatype": "http://www.w3.org/1999/02/22-rdf-syntax-ns#XMLLiteral", "fmType": "5", "fmId": "-1", "value": "This is information related to the start and end times for each Surgical\rSpecialty on a given date.\r ", "type": "typed-literal"}, "number": "2", "flags": "131.82PA", "details": "131.82", "type": "9", "location": "2;0"}], "fmql": {"TYPELABEL": "SURGERY UTILIZATION", "TYPE": "131_8", "OP": "DESCRIBE TYPE"}, "number": "131.8", "location": "^SRU(", "name": "SURGERY UTILIZATION"}