{"fields": [{"index": "B", "name": "name", "number": ".01", "flags": "MF", "location": "0;1", "type": "4", "description": {"datatype": "http://www.w3.org/1999/02/22-rdf-syntax-ns#XMLLiteral", "fmType": "5", "fmId": "-1", "value": "This is the name of a component of this orderable item.", "type": "typed-literal"}}, {"index": "AID", "name": "id", "number": "2", "flags": "F", "location": "0;2", "type": "4", "description": {"datatype": "http://www.w3.org/1999/02/22-rdf-syntax-ns#XMLLiteral", "fmType": "5", "fmId": "-1", "value": "This is an identifier for this component, created from the 6-piece coded\rformat passed in the Orderable Items update message from each package.\rIt should be stored in the form of \"package code;99XXX\" where XXX \rindicates the package table originating this item (i.e. RAP, LRT, etc.).", "type": "typed-literal"}}, {"description": {"datatype": "http://www.w3.org/1999/02/22-rdf-syntax-ns#XMLLiteral", "fmType": "5", "fmId": "-1", "value": "This is the code assigned to this item by the authoritative package from a\rnational standard coding system such as CPT or SNOMED.", "type": "typed-literal"}, "number": "3", "flags": "F", "location": "0;3", "type": "4", "name": "code"}, {"name": "coding_system", "description": {"datatype": "http://www.w3.org/1999/02/22-rdf-syntax-ns#XMLLiteral", "fmType": "5", "fmId": "-1", "value": "This is the system used to generate the code assigned in field 3.", "type": "typed-literal"}, "number": "4", "flags": "S", "details": "NDF:NATIONAL DRUG FILE;CPT4:CPT4;NLT:NATIONAL LAB TEST FILE;", "type": "3", "location": "0;4"}], "fmql": {"TYPELABEL": "COMPONENTS", "TYPE": "101_431", "OP": "DESCRIBE TYPE"}, "name": "COMPONENTS", "parent": "101.43", "number": "101.431"}