{"count": "0", "description": {"datatype": "http://www.w3.org/1999/02/22-rdf-syntax-ns#XMLLiteral", "fmType": "5", "fmId": "-1", "value": "This file contains a list of the production diets which are the\rbasic diets actually prepared and from which the wide variety\rof clinical diet modifications are derived.", "type": "typed-literal"}, "fields": [{"index": "B", "name": "name", "number": ".01", "flags": "RF", "location": "0;1", "type": "4", "description": {"datatype": "http://www.w3.org/1999/02/22-rdf-syntax-ns#XMLLiteral", "fmType": "5", "fmId": "-1", "value": "This field contains the name of a production diet. This is a\rdiet that is prepared in the kitchen (as compared to a clinical\rdiet modification which is ordered).", "type": "typed-literal"}}, {"index": "C", "name": "code", "number": "1", "flags": "RF", "location": "0;2", "type": "4", "description": {"datatype": "http://www.w3.org/1999/02/22-rdf-syntax-ns#XMLLiteral", "fmType": "5", "fmId": "-1", "value": "This is a simple two-character code for the diet and is used\rextensively in the production summary listings.", "type": "typed-literal"}}, {"description": {"datatype": "http://www.w3.org/1999/02/22-rdf-syntax-ns#XMLLiteral", "fmType": "5", "fmId": "-1", "value": "This field represents the number of days after which a patient on\rthis Production Diet should be reviewed.", "type": "typed-literal"}, "number": "3", "flags": "NJ3,0", "location": "0;8", "type": "2", "name": "_days_to_review"}, {"index": "AP", "name": "print_order", "number": "7", "flags": "RNJ2,0X", "location": "0;6", "type": "2", "description": {"datatype": "http://www.w3.org/1999/02/22-rdf-syntax-ns#XMLLiteral", "fmType": "5", "fmId": "-1", "value": "This is the order in which this production diet will appear in lists,\rfrom low print orders to high.", "type": "typed-literal"}}, {"name": "print_on_daily_menu", "description": {"datatype": "http://www.w3.org/1999/02/22-rdf-syntax-ns#XMLLiteral", "fmType": "5", "fmId": "-1", "value": "This field, when answered YES, will result in the Production Diet\rbeing listed on the Daily Menu sheets.", "type": "typed-literal"}, "number": "7.5", "flags": "RS", "details": "Y:YES;N:NO;", "type": "3", "location": "0;7"}, {"index": "AO", "name": "tally_order", "number": "8", "flags": "RNJ2,0X", "location": "0;5", "type": "2", "description": {"datatype": "http://www.w3.org/1999/02/22-rdf-syntax-ns#XMLLiteral", "fmType": "5", "fmId": "-1", "value": "In recoding diets, this is the order in which the clinical\r'default production diets' will be matched against this\rproduction diet. Recoding will occur as soon as a match\roccurs. Therefore, this field can be conceptualized as\rrepresenting the relative importance of the production diet.", "type": "typed-literal"}}, {"name": "is_this_a_combo_diet", "description": {"datatype": "http://www.w3.org/1999/02/22-rdf-syntax-ns#XMLLiteral", "fmType": "5", "fmId": "-1", "value": "This field, when answered YES, indicates that this production\rdiet is a combination of other production diets (e.g., both\rlow sodium and calorie restricted). Since ALL production diets\rin a combo must match the 'default production diets' of a \rclinical order, such combo production diets should have a tally\rorder less than any of the individual production diets\rcontained in the combo.", "type": "typed-literal"}, "number": "10", "flags": "RS", "details": "Y:YES;N:NO;", "type": "3", "location": "0;4"}, {"name": "singular_production_diets", "description": {"datatype": "http://www.w3.org/1999/02/22-rdf-syntax-ns#XMLLiteral", "fmType": "5", "fmId": "-1", "value": "This multiple contains a list of the production diets which\rconstitute the combo production diet.", "type": "typed-literal"}, "number": "11", "flags": "116.211P", "details": "116.211", "type": "9", "location": "R;0"}, {"name": "inactive", "description": {"datatype": "http://www.w3.org/1999/02/22-rdf-syntax-ns#XMLLiteral", "fmType": "5", "fmId": "-1", "value": "This field, when answered YES, will prohibit further selection\rof this Production Diet.", "type": "typed-literal"}, "number": "99", "flags": "S", "details": "Y:YES;N:NO;", "type": "3", "location": "I;1"}], "fmql": {"TYPELABEL": "PRODUCTION DIET", "TYPE": "116_2", "OP": "DESCRIBE TYPE"}, "number": "116.2", "location": "^FH(116.2,", "name": "PRODUCTION DIET"}