{"fields": [{"index": "B", "name": "set_member", "description": {"datatype": "http://www.w3.org/1999/02/22-rdf-syntax-ns#XMLLiteral", "fmType": "5", "fmId": "-1", "value": "This points to an item in the Orderable Item file (101.43).", "type": "typed-literal"}, "number": ".01", "flags": "MP101.43'", "location": "0;1", "type": "7", "details": "101.43"}, {"description": {"datatype": "http://www.w3.org/1999/02/22-rdf-syntax-ns#XMLLiteral", "fmType": "5", "fmId": "-1", "value": "This is the text that is displayed in the view list.", "type": "typed-literal"}, "number": "2", "flags": "F", "location": "0;2", "type": "4", "name": "display_text"}], "fmql": {"TYPELABEL": "SET MEMBER", "TYPE": "101_442", "OP": "DESCRIBE TYPE"}, "name": "SET MEMBER", "parent": "101.44", "number": "101.442"}