{"fields": [{"index": "B", "name": "anes_concurrent_cases", "description": {"datatype": "http://www.w3.org/1999/02/22-rdf-syntax-ns#XMLLiteral", "fmType": "5", "fmId": "-1", "value": "This field is for information only and is not required. It will assist in \rcorrecting potential errors if a start or end time is edited since other \rcases could be affected by the edit.", "type": "typed-literal"}, "number": ".01", "flags": "P130'", "location": "0;1", "type": "7", "details": "130"}], "fmql": {"TYPELABEL": "ANES CONCURRENT CASES", "TYPE": "130_3513", "OP": "DESCRIBE TYPE"}, "name": "ANES CONCURRENT CASES", "parent": "130", "number": "130.3513"}