{"count": "0", "description": {"datatype": "http://www.w3.org/1999/02/22-rdf-syntax-ns#XMLLiteral", "fmType": "5", "fmId": "-1", "value": "This file contains invasive and non-invasive monitors used in the\rSurgery package.  It is pointed to by the MONITORS sub-field in the\rSurgery file.  The Monitors file is distributed with pre-supplied\rentries, however each site may want to make additions to it.", "type": "typed-literal"}, "fields": [{"index": "B", "name": "name", "number": ".01", "flags": "RF", "location": "0;1", "type": "4", "description": {"datatype": "http://www.w3.org/1999/02/22-rdf-syntax-ns#XMLLiteral", "fmType": "5", "fmId": "-1", "value": "This is the name of the monitor.\r ", "type": "typed-literal"}}, {"name": "inactive", "description": {"datatype": "http://www.w3.org/1999/02/22-rdf-syntax-ns#XMLLiteral", "fmType": "5", "fmId": "-1", "value": "Enter 'YES' to inactivate this file entry and to prevent its selection\rby Surgery users.", "type": "typed-literal"}, "number": "10", "flags": "S", "details": "1:YES;", "type": "3", "location": "0;2"}], "fmql": {"TYPELABEL": "MONITORS", "TYPE": "133_4", "OP": "DESCRIBE TYPE"}, "number": "133.4", "location": "^SRO(133.4,", "name": "MONITORS"}