{"count": "0", "description": {"datatype": "http://www.w3.org/1999/02/22-rdf-syntax-ns#XMLLiteral", "fmType": "5", "fmId": "-1", "value": "The newer CPRS ordering dialogs use a Windows Listview control for\rdisplaying lists of orderable items and quick orders.  Using this control\rwill help us rely less on custom built controls to handle long lists of\ritems.  While the Listview control is able to operate on long lists of\ritems, it must know at the outset how many items are potentially going to\rdisplay and must be able to map from any sequence number produced by the\rListview control  to a specific item in the list.  The ORDER QUICK VIEW\rfile (101.44) provides this mapping.  It maps a subset of orderable items\ror quick orders in alphabetical order to specific sequence numbers.", "type": "typed-literal"}, "fields": [{"index": "B", "name": "name", "number": ".01", "flags": "RF", "location": "0;1", "type": "4", "description": {"datatype": "http://www.w3.org/1999/02/22-rdf-syntax-ns#XMLLiteral", "fmType": "5", "fmId": "-1", "value": "This is the name for the list to be displayed by a Windows Listview\rcontrol.", "type": "typed-literal"}}, {"description": {"datatype": "http://www.w3.org/1999/02/22-rdf-syntax-ns#XMLLiteral", "fmType": "5", "fmId": "-1", "value": "The contains the time when the items in the list were last built.", "type": "typed-literal"}, "number": "6", "flags": "F", "location": "0;6", "type": "4", "name": "last_update"}, {"name": "quick_order", "description": {"datatype": "http://www.w3.org/1999/02/22-rdf-syntax-ns#XMLLiteral", "fmType": "5", "fmId": "-1", "value": "This multiple contains the quick orders that belong to a given list.", "type": "typed-literal"}, "number": "10", "flags": "101.441PA", "details": "101.441", "type": "9", "location": "10;0"}, {"name": "set_member", "description": {"datatype": "http://www.w3.org/1999/02/22-rdf-syntax-ns#XMLLiteral", "fmType": "5", "fmId": "-1", "value": "This multiple contains the orderable items in a specific subset (lab,\rinpatient meds, diets, etc.).", "type": "typed-literal"}, "number": "20", "flags": "101.442PA", "details": "101.442", "type": "9", "location": "20;0"}], "fmql": {"TYPELABEL": "ORDER QUICK VIEW", "TYPE": "101_44", "OP": "DESCRIBE TYPE"}, "number": "101.44", "location": "^ORD(101.44,", "name": "ORDER QUICK VIEW"}