{"fields": [{"index": "B", "name": "drug_ingredient", "description": {"datatype": "http://www.w3.org/1999/02/22-rdf-syntax-ns#XMLLiteral", "fmType": "5", "fmId": "-1", "value": "Drug ingredient to which patient had reaction.", "type": "typed-literal"}, "number": ".01", "flags": "M*P50.416'", "location": "0;1", "type": "7", "details": "50.416"}], "fmql": {"TYPELABEL": "DRUG INGREDIENTS", "TYPE": "120_802", "OP": "DESCRIBE TYPE"}, "name": "DRUG INGREDIENTS", "parent": "120.8", "number": "120.802"}