{"fields": [{"index": "B", "name": "reaction", "description": {"datatype": "http://www.w3.org/1999/02/22-rdf-syntax-ns#XMLLiteral", "fmType": "5", "fmId": "-1", "value": "One of the reactions for this allergy/adverse reaction.", "type": "typed-literal"}, "number": ".01", "flags": "MP120.83'", "location": "0;1", "type": "7", "details": "120.83"}, {"description": {"datatype": "http://www.w3.org/1999/02/22-rdf-syntax-ns#XMLLiteral", "fmType": "5", "fmId": "-1", "value": "If this reaction cannot be found in the Sign/Symptoms (120.83) file, then\rthe free text of what the user typed in will be here, and the GMR Reaction\rof OTHER will be the value of the Name field.\r \rOnce the SIGNS/SYMPTOMS file is standardized then this field will\rno longer be needed as all entries will appear in file 120.83 and\rfree text entries will no longer be allowed.", "type": "typed-literal"}, "number": "1", "flags": "F", "location": "0;2", "type": "4", "name": "other_reaction"}, {"name": "entered_by", "description": {"datatype": "http://www.w3.org/1999/02/22-rdf-syntax-ns#XMLLiteral", "fmType": "5", "fmId": "-1", "value": "The person who entered this reaction into the system.", "type": "typed-literal"}, "number": "2", "flags": "P200'", "details": "200", "type": "7", "location": "0;3"}, {"description": {"datatype": "http://www.w3.org/1999/02/22-rdf-syntax-ns#XMLLiteral", "fmType": "5", "fmId": "-1", "value": "This is where the user would enter the date that the reaction\r(Sign/Symptom) occurred or was entered into the computer.", "type": "typed-literal"}, "number": "3", "flags": "D", "location": "0;4", "type": "1", "name": "date_entered"}], "fmql": {"TYPELABEL": "REACTIONS", "TYPE": "120_81", "OP": "DESCRIBE TYPE"}, "name": "REACTIONS", "parent": "120.8", "number": "120.81"}