{"fields": [{"description": {"datatype": "http://www.w3.org/1999/02/22-rdf-syntax-ns#XMLLiteral", "fmType": "5", "fmId": "-1", "value": "This field contains another name by which this race can be called up.  When\rentering this race, users will be allowed to select either the name of the\rrace or one of the synonyms.", "type": "typed-literal"}, "number": ".01", "flags": "F", "location": "0;1", "type": "4", "name": "synonym"}], "fmql": {"TYPELABEL": "SYNONYM", "TYPE": "10_01", "OP": "DESCRIBE TYPE"}, "name": "SYNONYM", "parent": "10", "number": "10.01"}