{"fields": [{"name": "irrigation", "description": {"datatype": "http://www.w3.org/1999/02/22-rdf-syntax-ns#XMLLiteral", "fmType": "5", "fmId": "-1", "value": "This is the type of solution used for irrigation during the operative\rprocedure.  If entered, this information appears on the Nurse \rIntraoperative Report.\r ", "type": "typed-literal"}, "number": ".01", "flags": "*P133.6'", "details": "133.6", "type": "7", "location": "0;1"}, {"name": "time", "description": {"datatype": "http://www.w3.org/1999/02/22-rdf-syntax-ns#XMLLiteral", "fmType": "5", "fmId": "-1", "value": "This is information related to the time that the irrigation solution\rwas utilized.\r ", "type": "typed-literal"}, "number": "1", "flags": "130.39DA", "details": "130.39", "type": "9", "location": "1;0"}], "fmql": {"TYPELABEL": "IRRIGATION", "TYPE": "130_08", "OP": "DESCRIBE TYPE"}, "name": "IRRIGATION", "parent": "130", "number": "130.08"}