{"fields": [{"index": "B", "name": "recurring_meal_date_time", "number": ".01", "flags": "MDX", "location": "0;1", "type": "1", "description": {"datatype": "http://www.w3.org/1999/02/22-rdf-syntax-ns#XMLLiteral", "fmType": "5", "fmId": "-1", "value": "This field will contain the date of the recurring meal.", "type": "typed-literal"}}, {"name": "recurring_oe_rr_order", "description": {"datatype": "http://www.w3.org/1999/02/22-rdf-syntax-ns#XMLLiteral", "fmType": "5", "fmId": "-1", "value": "This field contains a pointer to the OE/RR file order corresponding to this\rorder.", "type": "typed-literal"}, "number": ".05", "flags": "P100'", "details": "100", "type": "7", "location": "0;12"}, {"name": "diet", "description": {"datatype": "http://www.w3.org/1999/02/22-rdf-syntax-ns#XMLLiteral", "fmType": "5", "fmId": "-1", "value": "This is the DIET ordered for this meal plan.  It contains a pointer to the\rDIETS (#111) file.  It may contain any one of the 5 diets selected in the\rRecurring Meals Diet Selection (1-5) site parameter.", "type": "typed-literal"}, "number": "1", "flags": "P111'X", "details": "111", "type": "7", "location": "0;2"}, {"index": "C", "name": "outpatient_location", "description": {"datatype": "http://www.w3.org/1999/02/22-rdf-syntax-ns#XMLLiteral", "fmType": "5", "fmId": "-1", "value": "Pointer to file #119.6 to store the location for this meal.", "type": "typed-literal"}, "number": "2", "flags": "P119.6'", "location": "0;3", "type": "7", "details": "119.6"}, {"name": "roombed", "description": {"datatype": "http://www.w3.org/1999/02/22-rdf-syntax-ns#XMLLiteral", "fmType": "5", "fmId": "-1", "value": "This field will store the ROOM and BED # for the outpatient recurring meal\rbeing ordered.", "type": "typed-literal"}, "number": "2.5", "flags": "P405.4'", "details": "405.4", "type": "7", "location": "0;18"}, {"name": "meal", "description": {"datatype": "http://www.w3.org/1999/02/22-rdf-syntax-ns#XMLLiteral", "fmType": "5", "fmId": "-1", "value": "This field indicated which meal(s) the recurring meal is ordered for.", "type": "typed-literal"}, "number": "3", "flags": "S", "details": "B:Breakfast;N:Noon;E:Evening;", "type": "3", "location": "0;4"}, {"name": "zzzdelete__bagged_meal", "description": {"datatype": "http://www.w3.org/1999/02/22-rdf-syntax-ns#XMLLiteral", "fmType": "5", "fmId": "-1", "value": "This field indicates whether or not a bagged meal is desired.", "type": "typed-literal"}, "number": "4", "flags": "S", "details": "Y:Yes;N:No;", "type": "3", "location": "0;5"}, {"index": "C", "name": "meal_plan_order_number", "number": "5", "flags": "NJ3,0", "location": "0;6", "type": "2", "description": {"datatype": "http://www.w3.org/1999/02/22-rdf-syntax-ns#XMLLiteral", "fmType": "5", "fmId": "-1", "value": "This field will be used to tie a meal plan together and distinguish it from\rother meal plans the person may have.", "type": "typed-literal"}}, {"name": "diet1", "description": {"datatype": "http://www.w3.org/1999/02/22-rdf-syntax-ns#XMLLiteral", "fmType": "5", "fmId": "-1", "value": "This field will store the first of the diet selections for outpatients\rwho are allowed to have up to 5 diets.", "type": "typed-literal"}, "number": "6", "flags": "P111'", "details": "111", "type": "7", "location": "0;7"}, {"name": "diet2", "description": {"datatype": "http://www.w3.org/1999/02/22-rdf-syntax-ns#XMLLiteral", "fmType": "5", "fmId": "-1", "value": "This field will store the second of the diet selections for outpatients\rwho are allowed to have up to 5 diets.", "type": "typed-literal"}, "number": "7", "flags": "P111'", "details": "111", "type": "7", "location": "0;8"}, {"name": "diet3", "description": {"datatype": "http://www.w3.org/1999/02/22-rdf-syntax-ns#XMLLiteral", "fmType": "5", "fmId": "-1", "value": "This field will store the third of the diet selections for outpatients\rwho are allowed to have up to 5 diets.", "type": "typed-literal"}, "number": "8", "flags": "P111'", "details": "111", "type": "7", "location": "0;9"}, {"name": "diet4", "description": {"datatype": "http://www.w3.org/1999/02/22-rdf-syntax-ns#XMLLiteral", "fmType": "5", "fmId": "-1", "value": "This field will store the fourth of the diet selections for outpatients\rwho are allowed to have up to 5 diets.", "type": "typed-literal"}, "number": "9", "flags": "P111'", "details": "111", "type": "7", "location": "0;10"}, {"name": "diet5", "description": {"datatype": "http://www.w3.org/1999/02/22-rdf-syntax-ns#XMLLiteral", "fmType": "5", "fmId": "-1", "value": "This field will store the fifth of the diet selections for outpatients\rwho are allowed to have up to 5 diets.", "type": "typed-literal"}, "number": "10", "flags": "P111'", "details": "111", "type": "7", "location": "0;11"}, {"description": {"datatype": "http://www.w3.org/1999/02/22-rdf-syntax-ns#XMLLiteral", "fmType": "5", "fmId": "-1", "value": "This field stores the text of the additional order.", "type": "typed-literal"}, "number": "11", "flags": "F", "location": "1;1", "type": "4", "name": "additional_orders_text"}, {"name": "additional_orders_clerk", "description": {"datatype": "http://www.w3.org/1999/02/22-rdf-syntax-ns#XMLLiteral", "fmType": "5", "fmId": "-1", "value": "This field stores the clerk who entered the additional order.", "type": "typed-literal"}, "number": "12", "flags": "P200'", "details": "200", "type": "7", "location": "1;2"}, {"description": {"datatype": "http://www.w3.org/1999/02/22-rdf-syntax-ns#XMLLiteral", "fmType": "5", "fmId": "-1", "value": "This field stores the date/time the additional order was entered.", "type": "typed-literal"}, "number": "13", "flags": "D", "location": "1;3", "type": "1", "name": "additional_orders_date_time"}, {"name": "additional_orders_oe_rr_order", "description": {"datatype": "http://www.w3.org/1999/02/22-rdf-syntax-ns#XMLLiteral", "fmType": "5", "fmId": "-1", "value": "This field contains a pointer to the OE/RR file order corresponding to this\rorder.", "type": "typed-literal"}, "number": "13.5", "flags": "P100'", "details": "100", "type": "7", "location": "1;4"}, {"name": "additional_orders_status", "description": {"datatype": "http://www.w3.org/1999/02/22-rdf-syntax-ns#XMLLiteral", "fmType": "5", "fmId": "-1", "value": "Additional orders which are cancelled will be flagged by setting this\rfield to C rather than deleting entries from the file.", "type": "typed-literal"}, "number": "13.6", "flags": "S", "details": "C:Cancelled;O:Ordered;", "type": "3", "location": "1;5"}, {"description": {"datatype": "http://www.w3.org/1999/02/22-rdf-syntax-ns#XMLLiteral", "fmType": "5", "fmId": "-1", "value": "This field will store the time for the early/late tray.", "type": "typed-literal"}, "number": "14", "flags": "F", "location": "2;1", "type": "4", "name": "early_late_tray_time"}, {"name": "early_late_tray_bagged_meal", "description": {"datatype": "http://www.w3.org/1999/02/22-rdf-syntax-ns#XMLLiteral", "fmType": "5", "fmId": "-1", "value": "This field will store whether or not the early/late tray is a bagged meal.", "type": "typed-literal"}, "number": "15", "flags": "S", "details": "N:NO;Y:YES;", "type": "3", "location": "2;2"}, {"name": "early_late_tray_clerk", "description": {"datatype": "http://www.w3.org/1999/02/22-rdf-syntax-ns#XMLLiteral", "fmType": "5", "fmId": "-1", "value": "This field will store the person who entered the early/late tray.", "type": "typed-literal"}, "number": "16", "flags": "P200'", "details": "200", "type": "7", "location": "2;3"}, {"description": {"datatype": "http://www.w3.org/1999/02/22-rdf-syntax-ns#XMLLiteral", "fmType": "5", "fmId": "-1", "value": "This field will store the date/time the early/late tray was entered.", "type": "typed-literal"}, "number": "17", "flags": "D", "location": "2;4", "type": "1", "name": "early_late_tray_entry_date"}, {"name": "early_late_tray_oe_rr_order", "description": {"datatype": "http://www.w3.org/1999/02/22-rdf-syntax-ns#XMLLiteral", "fmType": "5", "fmId": "-1", "value": "This field contains a pointer to the OE/RR file order corresponding to this\rorder.", "type": "typed-literal"}, "number": "17.5", "flags": "P100'", "details": "100", "type": "7", "location": "2;5"}, {"name": "early_late_tray_status", "description": {"datatype": "http://www.w3.org/1999/02/22-rdf-syntax-ns#XMLLiteral", "fmType": "5", "fmId": "-1", "value": "Early/Late trays which are cancelled will be flagged by setting this\rfield to C rather than deleting entries from the file.", "type": "typed-literal"}, "number": "17.6", "flags": "S", "details": "C:Cancelled;O:Ordered;", "type": "3", "location": "2;6"}, {"description": {"datatype": "http://www.w3.org/1999/02/22-rdf-syntax-ns#XMLLiteral", "fmType": "5", "fmId": "-1", "value": "This field stores the tubefeeding comment(s) for the recurring meal.", "type": "typed-literal"}, "number": "18", "flags": "F", "location": "3;1", "type": "4", "name": "tubefeeding_comment"}, {"name": "tubefeeding_product", "description": {"datatype": "http://www.w3.org/1999/02/22-rdf-syntax-ns#XMLLiteral", "fmType": "5", "fmId": "-1", "value": "This multiple stores the tubefeeding product data for the recurring meal.", "type": "typed-literal"}, "number": "19", "flags": "115.1619P", "details": "115.1619", "type": "9", "location": "TF;0"}, {"description": {"datatype": "http://www.w3.org/1999/02/22-rdf-syntax-ns#XMLLiteral", "fmType": "5", "fmId": "-1", "value": "This field stores the total ml's of the tubefeeding for the recurring \rmeal.", "type": "typed-literal"}, "number": "20", "flags": "NJ4,0", "location": "3;2", "type": "2", "name": "tubefeeding_total_mls"}, {"description": {"datatype": "http://www.w3.org/1999/02/22-rdf-syntax-ns#XMLLiteral", "fmType": "5", "fmId": "-1", "value": "This field stores the total kcals/day of the tubefeeding for the recurring meal.", "type": "typed-literal"}, "number": "21", "flags": "NJ4,0", "location": "3;3", "type": "2", "name": "tubefeeding_total_kcals_day"}, {"name": "tubefeeding_oe_rr_order", "description": {"datatype": "http://www.w3.org/1999/02/22-rdf-syntax-ns#XMLLiteral", "fmType": "5", "fmId": "-1", "value": "This field contains a pointer to the OE/RR file order corresponding to this\rorder.", "type": "typed-literal"}, "number": "21.5", "flags": "P100'", "details": "100", "type": "7", "location": "3;4"}, {"name": "tubefeeding_status", "description": {"datatype": "http://www.w3.org/1999/02/22-rdf-syntax-ns#XMLLiteral", "fmType": "5", "fmId": "-1", "value": "Tubefeedings which are cancelled will be flagged by setting this\rfield to C rather than deleting entries from the file.", "type": "typed-literal"}, "number": "21.6", "flags": "S", "details": "C:Cancelled;O:Ordered;", "type": "3", "location": "3;5"}, {"name": "tubefeeding_clerk", "description": {"datatype": "http://www.w3.org/1999/02/22-rdf-syntax-ns#XMLLiteral", "fmType": "5", "fmId": "-1", "value": "This field stores the clerk who entered the tubefeeding order.", "type": "typed-literal"}, "number": "21.7", "flags": "P200'", "details": "200", "type": "7", "location": "3;6"}, {"description": {"datatype": "http://www.w3.org/1999/02/22-rdf-syntax-ns#XMLLiteral", "fmType": "5", "fmId": "-1", "value": "Stores the last date and time a tray ticket was printed for this\routpatient meal.", "type": "typed-literal"}, "number": "22", "flags": "D", "location": "0;13", "type": "1", "name": "date_time_ticket_last_printed"}, {"description": {"datatype": "http://www.w3.org/1999/02/22-rdf-syntax-ns#XMLLiteral", "fmType": "5", "fmId": "-1", "value": "Stores the last date and time a diet card was printed for this\routpatient meal.", "type": "typed-literal"}, "number": "23", "flags": "D", "location": "0;14", "type": "1", "name": "date_time_card_last_printed"}, {"name": "recurring_meal_status", "description": {"datatype": "http://www.w3.org/1999/02/22-rdf-syntax-ns#XMLLiteral", "fmType": "5", "fmId": "-1", "value": "Recurring meals which are cancelled will be flagged by setting this\rfield to C rather than deleting entries from the file.", "type": "typed-literal"}, "number": "24", "flags": "S", "details": "C:Cancelled;O:Ordered;", "type": "3", "location": "0;15"}, {"name": "recurring_meal_clerk", "description": {"datatype": "http://www.w3.org/1999/02/22-rdf-syntax-ns#XMLLiteral", "fmType": "5", "fmId": "-1", "value": "This field stores the clerk who entered the recurring meal order.", "type": "typed-literal"}, "number": "24.5", "flags": "P200'", "details": "200", "type": "7", "location": "0;17"}, {"description": {"datatype": "http://www.w3.org/1999/02/22-rdf-syntax-ns#XMLLiteral", "fmType": "5", "fmId": "-1", "value": "This field stores the last date/time the recurring meal was edited for\ruse with printing the tray tickets.", "type": "typed-literal"}, "number": "25", "flags": "D", "location": "0;16", "type": "1", "name": "date_time_rm_last_edited"}, {"name": "standing_orders", "number": "26", "flags": "115.1626", "details": "115.1626", "type": "9", "location": "SP;0"}, {"name": "supplemental_feeding", "number": "27", "flags": "115.1627", "details": "115.1627", "type": "9", "location": "SF;0"}], "fmql": {"TYPELABEL": "RECURRING MEALS", "TYPE": "115_016", "OP": "DESCRIBE TYPE"}, "name": "RECURRING MEALS", "parent": "115", "number": "115.016"}