{"fields": [{"index": "B", "name": "notification_by_pt_location", "description": {"datatype": "http://www.w3.org/1999/02/22-rdf-syntax-ns#XMLLiteral", "fmType": "5", "fmId": "-1", "value": "Enter a ward location or hospital location which the service wishes to\rassign a service individual or team to.\r \rWhen a consult or request is ordered, notifications to the receiving\rservice will check to see if the patients location is defined here.\rIf defined, notifications will be sent to the specified individual and/or\rmembers of the specified team.", "type": "typed-literal"}, "number": ".01", "flags": "MV", "location": "0;1", "type": "8", "details": "42;44"}, {"name": "individual_to_notify", "description": {"datatype": "http://www.w3.org/1999/02/22-rdf-syntax-ns#XMLLiteral", "fmType": "5", "fmId": "-1", "value": "This is the Individual that is assigned to this location for this \rService.  When a consult/request order for this Service is released\rfrom OE/RR for a patient at this location, this individual will \rreceive the new order notification.\rEnter the individual who should receive notifications when a consult \rorder is released from OE/RR FOR this service, FROM this location.", "type": "typed-literal"}, "number": "1", "flags": "*P200'", "details": "200", "type": "7", "location": "0;2"}, {"index": "ANT", "name": "team_to_notify", "description": {"datatype": "http://www.w3.org/1999/02/22-rdf-syntax-ns#XMLLiteral", "fmType": "5", "fmId": "-1", "value": "This is the Team that is assigned to this location for the Service.", "type": "typed-literal"}, "number": "2", "flags": "P100.21'", "location": "0;3", "type": "7", "details": "100.21"}], "fmql": {"TYPELABEL": "NOTIFICATION BY PT LOCATION", "TYPE": "123_54", "OP": "DESCRIBE TYPE"}, "name": "NOTIFICATION BY PT LOCATION", "parent": "123.5", "number": "123.54"}