{"fields": [{"index": "B", "name": "assessment_tf_product", "description": {"datatype": "http://www.w3.org/1999/02/22-rdf-syntax-ns#XMLLiteral", "fmType": "5", "fmId": "-1", "value": "Patient's Tubefeeding Product(s) at the time the\rNutrition Assessment was created.", "type": "typed-literal"}, "number": ".01", "flags": "P118.2'", "location": "0;1", "type": "7", "details": "118.2"}, {"name": "assessment_tf_strength", "description": {"datatype": "http://www.w3.org/1999/02/22-rdf-syntax-ns#XMLLiteral", "fmType": "5", "fmId": "-1", "value": "Patient's Tubefeeding Product Strength at the time the\rNutrition Assessment was created.", "type": "typed-literal"}, "number": "1", "flags": "RS", "details": "1:1/4;2:1/2;3:3/4;4:FULL;", "type": "3", "location": "0;2"}, {"description": {"datatype": "http://www.w3.org/1999/02/22-rdf-syntax-ns#XMLLiteral", "fmType": "5", "fmId": "-1", "value": "Patient's Tubefeeding Product Quantity at the time the\rNutrition Assessment was created.", "type": "typed-literal"}, "number": "2", "flags": "RF", "location": "0;3", "type": "4", "name": "assessment_tf_quantity"}], "fmql": {"TYPELABEL": "ASSESSMENT TF PRODUCT", "TYPE": "115_031", "OP": "DESCRIBE TYPE"}, "name": "ASSESSMENT TF PRODUCT", "parent": "115.011", "number": "115.031"}