{"count": "0", "description": {"datatype": "http://www.w3.org/1999/02/22-rdf-syntax-ns#XMLLiteral", "fmType": "5", "fmId": "-1", "value": "This file contains entries for all patient movements, diet changes,\rtubefeeding orders, additional orders, food preferences, standing\rorders, and patient isolation orders requiring action by the\rDietetic Service.", "type": "typed-literal"}, "fields": [{"index": "B", "name": "number", "number": ".01", "flags": "RNJ9,0X", "location": "0;1", "type": "2", "description": {"datatype": "http://www.w3.org/1999/02/22-rdf-syntax-ns#XMLLiteral", "fmType": "5", "fmId": "-1", "value": "This field contains a sequential number assigned to the event\rand has no meaning.", "type": "typed-literal"}}, {"index": "AD", "name": "date_time", "number": "1", "flags": "RD", "location": "0;2", "type": "1", "description": {"datatype": "http://www.w3.org/1999/02/22-rdf-syntax-ns#XMLLiteral", "fmType": "5", "fmId": "-1", "value": "This is the date/time at which the event occurred.", "type": "typed-literal"}}, {"name": "patient", "description": {"datatype": "http://www.w3.org/1999/02/22-rdf-syntax-ns#XMLLiteral", "fmType": "5", "fmId": "-1", "value": "This is a pointer to the patient with which the event is\rassociated.", "type": "typed-literal"}, "number": "2", "flags": "RP115'", "details": "115", "type": "7", "location": "0;3"}, {"name": "admission", "description": {"datatype": "http://www.w3.org/1999/02/22-rdf-syntax-ns#XMLLiteral", "fmType": "5", "fmId": "-1", "value": "This is a pointer to the admission (Movement) with which the\revent is associated.", "type": "typed-literal"}, "number": "3", "flags": "RP405'", "details": "405", "type": "7", "location": "0;4"}, {"name": "type_of_event", "description": {"datatype": "http://www.w3.org/1999/02/22-rdf-syntax-ns#XMLLiteral", "fmType": "5", "fmId": "-1", "value": "This is a set of codes indicating the type of event.", "type": "typed-literal"}, "number": "4", "flags": "RS", "details": "L:LOCATION;D:DIET;I:ISOLATION;T:T/F;O:OTHER;P:PREF.;S:STD. ORDERS;F:SUPP. FDG.;M:MESSAGE;Z:OUTPATIENT EVENT;", "type": "3", "location": "0;5"}, {"name": "action", "description": {"datatype": "http://www.w3.org/1999/02/22-rdf-syntax-ns#XMLLiteral", "fmType": "5", "fmId": "-1", "value": "This is a set of codes indicating the type of action; A D T are\rassociated only with location changes.", "type": "typed-literal"}, "number": "5", "flags": "S", "details": "O:ORDERED;C:CANCELLED;A:ADMIT;T:TRANSFER;D:DISCHARGE;", "type": "3", "location": "0;6"}, {"description": {"datatype": "http://www.w3.org/1999/02/22-rdf-syntax-ns#XMLLiteral", "fmType": "5", "fmId": "-1", "value": "This value corresponds to the associated Order for the event.", "type": "typed-literal"}, "number": "6", "flags": "RNJ7,0", "location": "0;7", "type": "2", "name": "order_"}, {"description": {"datatype": "http://www.w3.org/1999/02/22-rdf-syntax-ns#XMLLiteral", "fmType": "5", "fmId": "-1", "value": "This is the text of the order; for location changes it represents\rthe From-To Ward and Bed.", "type": "typed-literal"}, "number": "7", "flags": "F", "location": "0;8", "type": "4", "name": "text"}, {"name": "entered_clerk", "description": {"datatype": "http://www.w3.org/1999/02/22-rdf-syntax-ns#XMLLiteral", "fmType": "5", "fmId": "-1", "value": "This field contains the user who entered the order and is\rautomatically captured at the time of entry.", "type": "typed-literal"}, "number": "8", "flags": "RP200'", "details": "200", "type": "7", "location": "0;9"}], "fmql": {"TYPELABEL": "NUTRITION EVENTS", "TYPE": "119_8", "OP": "DESCRIBE TYPE"}, "number": "119.8", "location": "^FH(119.8,", "name": "NUTRITION EVENTS"}