{"fields": [{"index": "B", "name": "intake_item", "description": {"datatype": "http://www.w3.org/1999/02/22-rdf-syntax-ns#XMLLiteral", "fmType": "5", "fmId": "-1", "value": "This field stores the name of the fluid(s) taken by the patient.", "type": "typed-literal"}, "number": ".01", "flags": "M*P126.8'X", "location": "0;1", "type": "7", "details": "126.8"}, {"description": {"datatype": "http://www.w3.org/1999/02/22-rdf-syntax-ns#XMLLiteral", "fmType": "5", "fmId": "-1", "value": "This field contains the measurement in milliliters (ml) for the fluid intake\ritem.", "type": "typed-literal"}, "number": "1", "flags": "RNJ6,1", "location": "0;2", "type": "2", "name": "volume"}, {"description": {"datatype": "http://www.w3.org/1999/02/22-rdf-syntax-ns#XMLLiteral", "fmType": "5", "fmId": "-1", "value": "The user can specify the intake item if the OTHER item is selected.", "type": "typed-literal"}, "number": "2", "flags": "F", "location": "0;3", "type": "4", "name": "specify"}], "fmql": {"TYPELABEL": "INTAKE ITEM", "TYPE": "126_13", "OP": "DESCRIBE TYPE"}, "name": "INTAKE ITEM", "parent": "126.01", "number": "126.13"}