{"count": "0", "description": {"datatype": "http://www.w3.org/1999/02/22-rdf-syntax-ns#XMLLiteral", "fmType": "5", "fmId": "-1", "value": "This file contains the list of constraints that are available when\rdefining a query of CPRS items.  Each constraint is associated with a \rparticular editor.  This is a graphical interface based editor.  The \rconstraint name is also used to build the name=value pairs that make up \rthe query.", "type": "typed-literal"}, "fields": [{"index": "B", "name": "name", "number": ".01", "flags": "RF", "location": "0;1", "type": "4", "description": {"datatype": "http://www.w3.org/1999/02/22-rdf-syntax-ns#XMLLiteral", "fmType": "5", "fmId": "-1", "value": "This is the name of the constraint.  The graphical interface references\rvalues for the constraint using this name.  The constraint is passed\rinto the query processer as a name=value pair, also using this name.", "type": "typed-literal"}}, {"name": "editor", "description": {"datatype": "http://www.w3.org/1999/02/22-rdf-syntax-ns#XMLLiteral", "fmType": "5", "fmId": "-1", "value": "Identifies the editor that would be used in the graphical interface that\rshould be used whenever the constraint needs to be modified.", "type": "typed-literal"}, "number": "2", "flags": "RP102.23'", "details": "102.23", "type": "7", "location": "0;2"}], "fmql": {"TYPELABEL": "CPRS QUERY CONSTRAINT", "TYPE": "102_22", "OP": "DESCRIBE TYPE"}, "number": "102.22", "location": "^ORD(102.22,", "name": "CPRS QUERY CONSTRAINT"}