{"count": "0", "description": {"datatype": "http://www.w3.org/1999/02/22-rdf-syntax-ns#XMLLiteral", "fmType": "5", "fmId": "-1", "value": "This file contains a list of all of the diet modifications allowed\rby the using facility. Associated with each diet are characteristics\rsuch as alternate names, an abbreviated name, whether a clinician\ris to be bulletined when ordered, and a diet precedence which\ris used to prevent diet conflicts and as a printing sequence order.", "type": "typed-literal"}, "fields": [{"index": "B", "name": "name", "number": ".01", "flags": "RFa", "location": "0;1", "type": "4", "description": {"datatype": "http://www.w3.org/1999/02/22-rdf-syntax-ns#XMLLiteral", "fmType": "5", "fmId": "-1", "value": "This field contains the name of a diet or diet modification as\rit would normally be known to ward/medical personnel.", "type": "typed-literal"}}, {"index": "C", "name": "synonym", "number": "1", "flags": "F", "location": "0;2", "type": "4", "description": {"datatype": "http://www.w3.org/1999/02/22-rdf-syntax-ns#XMLLiteral", "fmType": "5", "fmId": "-1", "value": "This field may contain a synonym for the diet name; the synonym\ris generally terminology known and used by ward/medical personnel.", "type": "typed-literal"}}, {"name": "ask_expiration_date", "description": {"datatype": "http://www.w3.org/1999/02/22-rdf-syntax-ns#XMLLiteral", "fmType": "5", "fmId": "-1", "value": "This field, when answered YES, will result in the user\rbeing prompted for a diet expiration date (as well as the\rstart date) whenever this diet is contained in a total\rdiet order.", "type": "typed-literal"}, "number": "2", "flags": "S", "details": "Y:YES;N:NO;", "type": "3", "location": "0;3"}, {"description": {"datatype": "http://www.w3.org/1999/02/22-rdf-syntax-ns#XMLLiteral", "fmType": "5", "fmId": "-1", "value": "This is a numerical value which performs two functions:\rno two diet modifications with the same precedence may be\rselected. The same number can therefore be assigned to\rmutually-exclusive diet modifications. Secondly, the diet\rmodifications will be listed in precedence order, from\rlow to high.", "type": "typed-literal"}, "number": "3", "flags": "RNJ2,0", "location": "0;4", "type": "2", "name": "diet_precedence"}, {"name": "production_diet", "description": {"datatype": "http://www.w3.org/1999/02/22-rdf-syntax-ns#XMLLiteral", "fmType": "5", "fmId": "-1", "value": "This field contains the Production Diet entry (file 116.2) which\rwould be prepared for this diet modification were it to stand\ralone from other diet modifications.", "type": "typed-literal"}, "number": "4", "flags": "R*P116.2'", "details": "116.2", "type": "7", "location": "0;5"}, {"name": "bulletin_clinician", "description": {"datatype": "http://www.w3.org/1999/02/22-rdf-syntax-ns#XMLLiteral", "fmType": "5", "fmId": "-1", "value": "This field, if answered YES, will result in a bulletin being\rsent to the clinician(s) responsible for the ward on which the\rpatient resides any time this diet modification is ordered.", "type": "typed-literal"}, "number": "5", "flags": "S", "details": "Y:YES;N:NO;", "type": "3", "location": "0;6"}, {"description": {"datatype": "http://www.w3.org/1999/02/22-rdf-syntax-ns#XMLLiteral", "fmType": "5", "fmId": "-1", "value": "This is an abbreviated label title used on diet cards; the\rterminology and abbreviations will normally be those used\rby dietetic personnel.", "type": "typed-literal"}, "number": "6", "flags": "RF", "location": "0;7", "type": "4", "name": "abbreviated_label"}, {"name": "alternate_name", "description": {"datatype": "http://www.w3.org/1999/02/22-rdf-syntax-ns#XMLLiteral", "fmType": "5", "fmId": "-1", "value": "This field may be used for any number of alternate names for\rthe diet modification. These alternative names will normally\rbe those used by ward/medical personnel.", "type": "typed-literal"}, "number": "10", "flags": "111.01", "details": "111.01", "type": "9", "location": "AN;0"}, {"name": "inactive", "description": {"datatype": "http://www.w3.org/1999/02/22-rdf-syntax-ns#XMLLiteral", "fmType": "5", "fmId": "-1", "value": "This field, if answered YES, will prohibit further selection\rof this diet modification by ward personnel.", "type": "typed-literal"}, "number": "99", "flags": "S", "details": "Y:YES;N:NO;", "type": "3", "location": "I;1"}], "fmql": {"TYPELABEL": "DIETS", "TYPE": "111", "OP": "DESCRIBE TYPE"}, "number": "111", "location": "^FH(111,", "name": "DIETS"}