{"count": "0", "description": {"datatype": "http://www.w3.org/1999/02/22-rdf-syntax-ns#XMLLiteral", "fmType": "5", "fmId": "-1", "value": "This file contains the American Society of Anesthesiologists physical\rstatus classification system, based on the presence and severity of\rdisease in the patient.  ", "type": "typed-literal"}, "fields": [{"description": {"datatype": "http://www.w3.org/1999/02/22-rdf-syntax-ns#XMLLiteral", "fmType": "5", "fmId": "-1", "value": "This is the American Society of Anesthesiologists class.  It relates to\rthe patient's physiologic status.  Numbers followed by an 'E' indicate \ran emergency.\r \r       1        1-NO DISTURB.\r       1E       1E-NO DISTURB-EMERG\r       2        2-MILD DISTURB.\r       2E       2E-MILD DISTURB.-EMERG\r       3        3-SEVERE DISTURB.\r       3E       3E-SEVERE DIST.-EMERG.\r       4        4-LIFE THREAT\r       4E       4E-LIFE THREAT-EMERG.\r       5        5-MORIBUND\r       5E       5E-MORIBUND-EMERG\r       6        6-BRAIN-DEAD\r       6E       6E-BRAIN-DEAD-EMERG.", "type": "typed-literal"}, "number": ".01", "flags": "RF", "location": "0;1", "type": "4", "name": "asa_class"}, {"description": {"datatype": "http://www.w3.org/1999/02/22-rdf-syntax-ns#XMLLiteral", "fmType": "5", "fmId": "-1", "value": "For this ASA class, this is the brief description of the physical status\rof the patient.  This field is used on reports that display the ASA class.", "type": "typed-literal"}, "number": "1", "flags": "F", "location": "0;2", "type": "4", "name": "physical_status"}, {"description": {"datatype": "http://www.w3.org/1999/02/22-rdf-syntax-ns#XMLLiteral", "fmType": "5", "fmId": "-1", "value": "For this ASA class, this field describes the physical status of the\rpatient.", "type": "typed-literal"}, "number": "2", "flags": "F", "location": "0;3", "type": "4", "name": "description"}], "fmql": {"TYPELABEL": "ASA CLASS", "TYPE": "132_8", "OP": "DESCRIBE TYPE"}, "number": "132.8", "location": "^SRO(132.8,", "name": "ASA CLASS"}