{"count": "0", "description": {"datatype": "http://www.w3.org/1999/02/22-rdf-syntax-ns#XMLLiteral", "fmType": "5", "fmId": "-1", "value": "This file contains the statistical data necessary to prepare the\rStaffing Data report. Data is saved for each date.", "type": "typed-literal"}, "fields": [{"index": "B", "name": "date", "number": ".01", "flags": "RDX", "location": "0;1", "type": "1", "description": {"datatype": "http://www.w3.org/1999/02/22-rdf-syntax-ns#XMLLiteral", "fmType": "5", "fmId": "-1", "value": "This is the date for which staffing data is entered.", "type": "typed-literal"}}, {"description": {"datatype": "http://www.w3.org/1999/02/22-rdf-syntax-ns#XMLLiteral", "fmType": "5", "fmId": "-1", "value": "This field contains the count of all personnel assigned to the\rDietetic Service and includes full-time and part-time employees.", "type": "typed-literal"}, "number": "1", "flags": "NJ7,3", "location": "0;2", "type": "2", "name": "daily_ftee"}, {"description": {"datatype": "http://www.w3.org/1999/02/22-rdf-syntax-ns#XMLLiteral", "fmType": "5", "fmId": "-1", "value": "This field contains the FTEE of the clinical dietitians\rand clinical technicians who work with the clinical\rdietitians in patient care activities.", "type": "typed-literal"}, "number": "2", "flags": "NJ7,3", "location": "0;3", "type": "2", "name": "clinical_ftee"}, {"description": {"datatype": "http://www.w3.org/1999/02/22-rdf-syntax-ns#XMLLiteral", "fmType": "5", "fmId": "-1", "value": "This field contains the FTEE of the Chief and Assistant Chief\rof the Dietetic Service, Chief of the Administrative section,\rChief Clinical Section, administrative dietitians, internship,\reducation and staff development dietitians, and any QA dietitians.\rQA dietitians.", "type": "typed-literal"}, "number": "3", "flags": "NJ7,3", "location": "0;4", "type": "2", "name": "administrative_ftee"}, {"description": {"datatype": "http://www.w3.org/1999/02/22-rdf-syntax-ns#XMLLiteral", "fmType": "5", "fmId": "-1", "value": "This field contains the FTEE of all secretaries, clerk-typists,\rcost accountants, and administrative technicians; it does not\rinclude diet communications personnel.", "type": "typed-literal"}, "number": "4", "flags": "NJ7,3", "location": "0;5", "type": "2", "name": "support_staff_ftee"}, {"description": {"datatype": "http://www.w3.org/1999/02/22-rdf-syntax-ns#XMLLiteral", "fmType": "5", "fmId": "-1", "value": "This field contains the FTEE of Supervisory Cooks and Supervisory\rFood Service workers.", "type": "typed-literal"}, "number": "5", "flags": "NJ7,3", "location": "0;6", "type": "2", "name": "cfws_ftee"}, {"description": {"datatype": "http://www.w3.org/1999/02/22-rdf-syntax-ns#XMLLiteral", "fmType": "5", "fmId": "-1", "value": "This field contains the count of hours not worked by measured\rpersonnel.", "type": "typed-literal"}, "number": "6", "flags": "NJ7,2", "location": "0;7", "type": "2", "name": "days_off_hours"}, {"description": {"datatype": "http://www.w3.org/1999/02/22-rdf-syntax-ns#XMLLiteral", "fmType": "5", "fmId": "-1", "value": "This field contains the number of LWOP and AWOL hours for\rmeasured personnel.", "type": "typed-literal"}, "number": "7", "flags": "NJ6,2", "location": "0;8", "type": "2", "name": "lwop__awol_hours"}, {"description": {"datatype": "http://www.w3.org/1999/02/22-rdf-syntax-ns#XMLLiteral", "fmType": "5", "fmId": "-1", "value": "This field contains the number of overtime hours worked by\rmeasured personnel.", "type": "typed-literal"}, "number": "8", "flags": "NJ6,2", "location": "0;9", "type": "2", "name": "overtime_hours"}, {"description": {"datatype": "http://www.w3.org/1999/02/22-rdf-syntax-ns#XMLLiteral", "fmType": "5", "fmId": "-1", "value": "This field contains the number of unscheduled hours worked by\rmeasured personnel.", "type": "typed-literal"}, "number": "9", "flags": "NJ6,2", "location": "0;10", "type": "2", "name": "unscheduled_hours"}, {"description": {"datatype": "http://www.w3.org/1999/02/22-rdf-syntax-ns#XMLLiteral", "fmType": "5", "fmId": "-1", "value": "This field contains the number of intermittent hours worked by\rmeasured personnel.", "type": "typed-literal"}, "number": "10", "flags": "NJ6,2", "location": "0;11", "type": "2", "name": "intermittent_hours"}, {"description": {"datatype": "http://www.w3.org/1999/02/22-rdf-syntax-ns#XMLLiteral", "fmType": "5", "fmId": "-1", "value": "This field contains the number of Continuation-of-Pay hours by\rmeasured personnel.", "type": "typed-literal"}, "number": "11", "flags": "NJ6,2", "location": "0;12", "type": "2", "name": "cop_hours"}, {"description": {"datatype": "http://www.w3.org/1999/02/22-rdf-syntax-ns#XMLLiteral", "fmType": "5", "fmId": "-1", "value": "This field contains the number of hours of annual leave taken\rby measured personnel.", "type": "typed-literal"}, "number": "12", "flags": "NJ6,2", "location": "0;13", "type": "2", "name": "annual_leave_hours"}, {"description": {"datatype": "http://www.w3.org/1999/02/22-rdf-syntax-ns#XMLLiteral", "fmType": "5", "fmId": "-1", "value": "This field contains the number of hours of sick leave taken by\rmeasured personnel.", "type": "typed-literal"}, "number": "13", "flags": "NJ6,2", "location": "0;14", "type": "2", "name": "sick_leave_hours"}, {"description": {"datatype": "http://www.w3.org/1999/02/22-rdf-syntax-ns#XMLLiteral", "fmType": "5", "fmId": "-1", "value": "This field contains the number of hours of other types of leave\rtaken by measured personnel.", "type": "typed-literal"}, "number": "14", "flags": "NJ6,2", "location": "0;15", "type": "2", "name": "other_leave_hours"}, {"description": {"datatype": "http://www.w3.org/1999/02/22-rdf-syntax-ns#XMLLiteral", "fmType": "5", "fmId": "-1", "value": "This field contains the number of hours worked in other services,\ror on union affairs, by measured personnel.", "type": "typed-literal"}, "number": "15", "flags": "NJ6,2", "location": "0;16", "type": "2", "name": "loaned_union_hours"}, {"description": {"datatype": "http://www.w3.org/1999/02/22-rdf-syntax-ns#XMLLiteral", "fmType": "5", "fmId": "-1", "value": "This field contains the number of compensatory hours worked by\rmeasured personnel.", "type": "typed-literal"}, "number": "16", "flags": "NJ6,2", "location": "0;17", "type": "2", "name": "comp_hours"}, {"description": {"datatype": "http://www.w3.org/1999/02/22-rdf-syntax-ns#XMLLiteral", "fmType": "5", "fmId": "-1", "value": "This field contains the number of hours worked by trainees.", "type": "typed-literal"}, "number": "17", "flags": "NJ6,2", "location": "0;18", "type": "2", "name": "trainee_hours"}, {"description": {"datatype": "http://www.w3.org/1999/02/22-rdf-syntax-ns#XMLLiteral", "fmType": "5", "fmId": "-1", "value": "This field contains the number of hours worked by uncompensated\rvolunteers.", "type": "typed-literal"}, "number": "18", "flags": "NJ6,2", "location": "0;19", "type": "2", "name": "volunteer_hours"}, {"description": {"datatype": "http://www.w3.org/1999/02/22-rdf-syntax-ns#XMLLiteral", "fmType": "5", "fmId": "-1", "value": "This field contains the number of hours worked by employees borrowed\rfrom other Services.", "type": "typed-literal"}, "number": "19", "flags": "NJ6,2", "location": "0;20", "type": "2", "name": "borrowed_hours"}, {"name": "comm_office", "number": "20", "flags": "117.11P", "details": "117.11", "type": "9", "location": "1;0"}], "fmql": {"TYPELABEL": "STAFFING DATA", "TYPE": "117_1", "OP": "DESCRIBE TYPE"}, "number": "117.1", "location": "^FH(117.1,", "name": "STAFFING DATA"}