{"count": "0", "description": {"datatype": "http://www.w3.org/1999/02/22-rdf-syntax-ns#XMLLiteral", "fmType": "5", "fmId": "-1", "value": "This file contains names of IV solutions used for the Intake and Output\rapplication.  An entry is used when no Pharmacy order is available. The\rADP coordinator is allowed to enter/edit the file entries.", "type": "typed-literal"}, "fields": [{"index": "B", "name": "name", "number": ".01", "flags": "RF", "location": "0;1", "type": "4", "description": {"datatype": "http://www.w3.org/1999/02/22-rdf-syntax-ns#XMLLiteral", "fmType": "5", "fmId": "-1", "value": "This field stores the names of IV solutions.  For example:\r   D5W(50) for D5W 50 cc, D5W(250) for D5W 250 cc, and D5W(1000) for \r   D5W 1000cc.", "type": "typed-literal"}}, {"index": "C", "name": "type_", "description": {"datatype": "http://www.w3.org/1999/02/22-rdf-syntax-ns#XMLLiteral", "fmType": "5", "fmId": "-1", "value": "This field stores the IV solution type.", "type": "typed-literal"}, "number": "1", "flags": "RS", "location": "0;2", "type": "3", "details": "H:HYPERAL;P:PIGGYBACK;A:ADMIXTURE;B:BLOOD/BLOOD PRODUCTS;I:INTRALIPIDS;"}, {"description": {"datatype": "http://www.w3.org/1999/02/22-rdf-syntax-ns#XMLLiteral", "fmType": "5", "fmId": "-1", "value": "This field contains the volume of the IV solution pack.", "type": "typed-literal"}, "number": "2", "flags": "NJ4,0X", "location": "0;3", "type": "2", "name": "volume"}], "fmql": {"TYPELABEL": "GMRY NUR IV SOLUTION", "TYPE": "126_9", "OP": "DESCRIBE TYPE"}, "number": "126.9", "location": "^GMRD(126.9,", "name": "GMRY NUR IV SOLUTION"}