{"fields": [{"description": {"datatype": "http://www.w3.org/1999/02/22-rdf-syntax-ns#XMLLiteral", "fmType": "5", "fmId": "-1", "value": " Date/time of the modification of this selection.", "type": "typed-literal"}, "number": ".01", "flags": "RDI", "location": "0;1", "type": "1", "name": "audit_trail_date_time"}, {"name": "modification", "description": {"datatype": "http://www.w3.org/1999/02/22-rdf-syntax-ns#XMLLiteral", "fmType": "5", "fmId": "-1", "value": "The type of modification that was made.", "type": "typed-literal"}, "number": "1", "flags": "R*SIX", "details": "0:DELETE;1:CREATE;2:EDIT;", "type": "3", "location": "0;2"}, {"name": "user_who_modified", "description": {"datatype": "http://www.w3.org/1999/02/22-rdf-syntax-ns#XMLLiteral", "fmType": "5", "fmId": "-1", "value": "User who made this modification.", "type": "typed-literal"}, "number": "2", "flags": "RP200'I", "details": "200", "type": "7", "location": "0;3"}, {"description": {"datatype": "http://www.w3.org/1999/02/22-rdf-syntax-ns#XMLLiteral", "fmType": "5", "fmId": "-1", "value": "This is the appended/internal text that existed at this date/time for this\rcare plan.", "type": "typed-literal"}, "number": "3", "flags": "FXI", "location": "0;4", "type": "4", "name": "appended_internal_text"}, {"description": {"datatype": "http://www.w3.org/1999/02/22-rdf-syntax-ns#XMLLiteral", "fmType": "5", "fmId": "-1", "value": "The additional text for a term at this point in time.", "type": "typed-literal"}, "number": "4", "flags": "FXI", "location": "ADD;1", "type": "4", "name": "additional_text"}], "fmql": {"TYPELABEL": "AUDIT TRAIL", "TYPE": "124_313", "OP": "DESCRIBE TYPE"}, "name": "AUDIT TRAIL", "parent": "124.31", "number": "124.313"}