{"count": "0", "description": {"datatype": "http://www.w3.org/1999/02/22-rdf-syntax-ns#XMLLiteral", "fmType": "5", "fmId": "-1", "value": "File that stores the selected patient data for a prime document.", "type": "typed-literal"}, "fields": [{"index": "B", "name": "text_block", "description": {"datatype": "http://www.w3.org/1999/02/22-rdf-syntax-ns#XMLLiteral", "fmType": "5", "fmId": "-1", "value": "The topic/lead frame associated with the information.", "type": "typed-literal"}, "number": ".01", "flags": "R*P124.2'", "location": "0;1", "type": "7", "details": "124.2"}, {"index": "C", "name": "patient", "description": {"datatype": "http://www.w3.org/1999/02/22-rdf-syntax-ns#XMLLiteral", "fmType": "5", "fmId": "-1", "value": "The patient associated with the filed information.", "type": "typed-literal"}, "number": ".02", "flags": "RP2'", "location": "0;2", "type": "7", "details": "2"}, {"index": "D", "name": "date_created", "number": ".03", "flags": "RD", "location": "0;3", "type": "1", "description": {"datatype": "http://www.w3.org/1999/02/22-rdf-syntax-ns#XMLLiteral", "fmType": "5", "fmId": "-1", "value": "The date/time this text was created.", "type": "typed-literal"}}, {"name": "selection", "description": {"datatype": "http://www.w3.org/1999/02/22-rdf-syntax-ns#XMLLiteral", "fmType": "5", "fmId": "-1", "value": "A record of all AGGREGATE TERMs selected, and any FREE TEXT entered for this TEXT BLOCK.", "type": "typed-literal"}, "number": "1", "flags": "124.31PA", "details": "124.31", "type": "9", "location": "1;0"}, {"name": "author", "description": {"datatype": "http://www.w3.org/1999/02/22-rdf-syntax-ns#XMLLiteral", "fmType": "5", "fmId": "-1", "value": "User who created the text.", "type": "typed-literal"}, "number": "3", "flags": "RP200'", "details": "200", "type": "7", "location": "0;5"}, {"name": "entered_in_error", "description": {"datatype": "http://www.w3.org/1999/02/22-rdf-syntax-ns#XMLLiteral", "fmType": "5", "fmId": "-1", "value": "Flag to designate if a text block has been entered in error.", "type": "typed-literal"}, "number": "5", "flags": "S", "details": "1:YES;", "type": "3", "location": "5;1"}, {"description": {"datatype": "http://www.w3.org/1999/02/22-rdf-syntax-ns#XMLLiteral", "fmType": "5", "fmId": "-1", "value": "Date that this text was flagged as being in error.", "type": "typed-literal"}, "number": "5.1", "flags": "DI", "location": "5;2", "type": "1", "name": "date_entered_in_error"}, {"name": "user_entering_in_error", "description": {"datatype": "http://www.w3.org/1999/02/22-rdf-syntax-ns#XMLLiteral", "fmType": "5", "fmId": "-1", "value": "User that flagged the text as entered in error.", "type": "typed-literal"}, "number": "5.2", "flags": "P200'I", "details": "200", "type": "7", "location": "5;3"}, {"index": "AUPDT", "name": "date_last_updated", "number": "6", "flags": "RD", "location": "0;6", "type": "1", "description": {"datatype": "http://www.w3.org/1999/02/22-rdf-syntax-ns#XMLLiteral", "fmType": "5", "fmId": "-1", "value": "This field contains the date/time this GMR Text entry was last updated.\rThe data in this field is triggered from the Audit Trail multiple and\rDate Created field and cannot be changed via FileMan.", "type": "typed-literal"}}], "fmql": {"TYPELABEL": "GMR TEXT", "TYPE": "124_3", "OP": "DESCRIBE TYPE"}, "number": "124.3", "location": "^GMR(124.3,", "name": "GMR TEXT"}