{"count": "0", "description": {"datatype": "http://www.w3.org/1999/02/22-rdf-syntax-ns#XMLLiteral", "fmType": "5", "fmId": "-1", "value": "This is the file of storage locations where ingredients are\rstored by the dietetic service. It is primarily used to sort\rvarious ingredient pull lists.", "type": "typed-literal"}, "fields": [{"index": "B", "name": "name", "number": ".01", "flags": "RF", "location": "0;1", "type": "4", "description": {"datatype": "http://www.w3.org/1999/02/22-rdf-syntax-ns#XMLLiteral", "fmType": "5", "fmId": "-1", "value": "This is the name of a storage location where ingredients are\rstored (e.g., particular freezers, dry goods rooms, etc.). It\ris used by the Ingredient file to indicate where the\ringredient is stocked.", "type": "typed-literal"}}, {"index": "C", "name": "code", "number": "1", "flags": "RF", "location": "0;2", "type": "4", "description": {"datatype": "http://www.w3.org/1999/02/22-rdf-syntax-ns#XMLLiteral", "fmType": "5", "fmId": "-1", "value": "This is a short abbreviation used on various print-outs in lieu\rof the longer full name. It should be unique.", "type": "typed-literal"}}, {"description": {"datatype": "http://www.w3.org/1999/02/22-rdf-syntax-ns#XMLLiteral", "fmType": "5", "fmId": "-1", "value": "When ingredient pull lists are generated and sorted by storage\rlocation, this field contains the print order of the various\rstorage locations. It is numeric and will print from low to\rhigh.", "type": "typed-literal"}, "number": "2", "flags": "RNJ2,0", "location": "0;3", "type": "2", "name": "print_order"}, {"name": "inactive", "description": {"datatype": "http://www.w3.org/1999/02/22-rdf-syntax-ns#XMLLiteral", "fmType": "5", "fmId": "-1", "value": "This field, if answered YES, will prohibit\rfurther selection of this entry.", "type": "typed-literal"}, "number": "99", "flags": "S", "details": "Y:YES;N:NO;", "type": "3", "location": "I;1"}], "fmql": {"TYPELABEL": "STORAGE LOCATION", "TYPE": "113_1", "OP": "DESCRIBE TYPE"}, "number": "113.1", "location": "^FH(113.1,", "name": "STORAGE LOCATION"}