{"fields": [{"index": "B", "name": "included_locations", "description": {"datatype": "http://www.w3.org/1999/02/22-rdf-syntax-ns#XMLLiteral", "fmType": "5", "fmId": "-1", "value": "This is a ward location that can satisfy this event; if defined, then\rthe patient's new location must match one in this list for any delayed\rorders to be released.  A location may only be included in one active\rdelay event at a time.\r \rIf this event also has treating specialties defined then both the\rlocation and the treating specialty must match for orders to be\rreleased.", "type": "typed-literal"}, "number": ".01", "flags": "M*P42'", "location": "0;1", "type": "7", "details": "42"}], "fmql": {"TYPELABEL": "INCLUDED LOCATIONS", "TYPE": "100_511", "OP": "DESCRIBE TYPE"}, "name": "INCLUDED LOCATIONS", "parent": "100.5", "number": "100.511"}