{"fields": [{"index": "B", "name": "excluded_bact_rpt_remark", "number": ".01", "flags": "MF", "location": "0;1", "type": "4", "description": {"datatype": "http://www.w3.org/1999/02/22-rdf-syntax-ns#XMLLiteral", "fmType": "5", "fmId": "-1", "value": "For MI-subscripted tests, this determines what comments must not be\rcontained in the report remarks.\r \rThis field only needs to be used in cases where the comments used to \rdenote a positive are also contained in the comments used to denote a \rnegative. For example, if your site uses 'No MRSA DNA detected' to denote \ra MRSA negative, and 'MRSA DNA detected' to denote a MRSA positive. You \rwould enter 'MRSA DNA detected' in the field Included Bact rpt remark, and\r'No MRSA DNA detected' in this field.", "type": "typed-literal"}}], "fmql": {"TYPELABEL": "EXCLUDED BACT RPT REMARKS", "TYPE": "104_108", "OP": "DESCRIBE TYPE"}, "name": "EXCLUDED BACT RPT REMARKS", "parent": "104.1", "number": "104.108"}