{"count": "0", "description": {"datatype": "http://www.w3.org/1999/02/22-rdf-syntax-ns#XMLLiteral", "fmType": "5", "fmId": "-1", "value": "This file contains the final procedure (CPT) codes and diagnosis (ICD9)\rcodes for each completed case in the SURGERY file (#130).", "type": "typed-literal"}, "fields": [{"index": "B", "name": "surgery_case", "description": {"datatype": "http://www.w3.org/1999/02/22-rdf-syntax-ns#XMLLiteral", "fmType": "5", "fmId": "-1", "value": "This is the case in the SURGERY file associated with this file entry.", "type": "typed-literal"}, "number": ".01", "flags": "RP130'X", "location": "0;1", "type": "7", "details": "130"}, {"name": "principal_procedure_code", "description": {"datatype": "http://www.w3.org/1999/02/22-rdf-syntax-ns#XMLLiteral", "fmType": "5", "fmId": "-1", "value": "This is the Current Procedural Terminology (CPT) code corresponding\rwith the principal procedure. ", "type": "typed-literal"}, "number": ".02", "flags": "*P81'OX", "details": "81", "type": "7", "location": "0;2"}, {"name": "prin_postop_diagnosis_code", "description": {"datatype": "http://www.w3.org/1999/02/22-rdf-syntax-ns#XMLLiteral", "fmType": "5", "fmId": "-1", "value": "This is the principal postoperative ICD9 diagnosis code.", "type": "typed-literal"}, "number": ".03", "flags": "*P80'X", "details": "80", "type": "7", "location": "0;3"}, {"name": "service_connected_prin", "description": {"datatype": "http://www.w3.org/1999/02/22-rdf-syntax-ns#XMLLiteral", "fmType": "5", "fmId": "-1", "value": "This field indicates if the principal diagnosis is a service connected \rproblem. This information may be passed to the VISIT file (#9000010) \rfor use by PCE.", "type": "typed-literal"}, "number": ".04", "flags": "S", "details": "1:YES;0:NO;", "type": "3", "location": "0;4"}, {"name": "agent_orange_exposure_prin", "description": {"datatype": "http://www.w3.org/1999/02/22-rdf-syntax-ns#XMLLiteral", "fmType": "5", "fmId": "-1", "value": "This field indicates if the principal diagnosis is an agent orange \rexposure problem. This information may be passed to the VISIT file\r(#9000010) for use by PCE.", "type": "typed-literal"}, "number": ".05", "flags": "S", "details": "1:YES;0:NO;", "type": "3", "location": "0;5"}, {"name": "ionizing_rad_exposure_prin", "description": {"datatype": "http://www.w3.org/1999/02/22-rdf-syntax-ns#XMLLiteral", "fmType": "5", "fmId": "-1", "value": "This field indicates if the principal diagnosis is an ionizing \rradiation exposure problem. This information may be passed to the VISIT\rfile (#9000010) for use by PCE.", "type": "typed-literal"}, "number": ".06", "flags": "S", "details": "1:YES;0:NO;", "type": "3", "location": "0;6"}, {"name": "southwest_asia_conditions_pr", "description": {"datatype": "http://www.w3.org/1999/02/22-rdf-syntax-ns#XMLLiteral", "fmType": "5", "fmId": "-1", "value": "This field indicates if the principal diagnosis is related to service in \rSW Asia. This information may be passed to the VISIT file (#9000010) for \ruse by PCE.", "type": "typed-literal"}, "number": ".07", "flags": "S", "details": "1:YES;0:NO;", "type": "3", "location": "0;7"}, {"name": "military_sexual_trauma_prin", "description": {"datatype": "http://www.w3.org/1999/02/22-rdf-syntax-ns#XMLLiteral", "fmType": "5", "fmId": "-1", "value": "This field indicates if the principal diagnosis is a military sexual \rtrauma problem. This information may be passed to the VISIT file\r(#9000010) for use by PCE.", "type": "typed-literal"}, "number": ".08", "flags": "S", "details": "1:YES;0:NO;", "type": "3", "location": "0;8"}, {"name": "head_and_or_neck_cancer_prin", "description": {"datatype": "http://www.w3.org/1999/02/22-rdf-syntax-ns#XMLLiteral", "fmType": "5", "fmId": "-1", "value": "This field indicates if the principal diagnosis is a head and/or neck \rcancer problem. This information may be passed to the VISIT file\r(#9000010) for use by PCE.", "type": "typed-literal"}, "number": ".09", "flags": "S", "details": "1:YES;0:NO;", "type": "3", "location": "0;9"}, {"name": "combat_vet_prin", "description": {"datatype": "http://www.w3.org/1999/02/22-rdf-syntax-ns#XMLLiteral", "fmType": "5", "fmId": "-1", "value": "This field indicates if the principal diagnosis is a combat related\rproblem. This information may be passed to the VISIT file (#9000010)\rfor use by PCE.", "type": "typed-literal"}, "number": ".1", "flags": "S", "details": "1:YES;0:NO;", "type": "3", "location": "0;10"}, {"name": "proj_112_shad_prin", "description": {"datatype": "http://www.w3.org/1999/02/22-rdf-syntax-ns#XMLLiteral", "fmType": "5", "fmId": "-1", "value": "This field indicates if the principal diagnosis is a PROJ 112/SHAD \rrelated problem. This information may be passed to the VISIT file \r(#9000010) for use by PCE.", "type": "typed-literal"}, "number": ".11", "flags": "S", "details": "1:YES;0:NO;", "type": "3", "location": "0;11"}, {"name": "prin_procedure_cpt_modifiers", "number": "1", "flags": "136.01P", "details": "136.01", "type": "9", "location": "1;0"}, {"name": "prin_associated_diagnoses", "number": "2", "flags": "136.02P", "details": "136.02", "type": "9", "location": "2;0"}, {"name": "other_procedure_codes", "number": "3", "flags": "136.03PA", "details": "136.03", "type": "9", "location": "3;0"}, {"name": "other_postop_diagnosis_codes", "number": "4", "flags": "136.04P", "details": "136.04", "type": "9", "location": "4;0"}, {"name": "coding_complete", "description": {"datatype": "http://www.w3.org/1999/02/22-rdf-syntax-ns#XMLLiteral", "fmType": "5", "fmId": "-1", "value": "This field indicates if the coding record is complete for this case and \ris ready to send to PCE.", "type": "typed-literal"}, "number": "10", "flags": "S", "details": "1:YES;0:NO;", "type": "3", "location": "10;1"}, {"name": "coding_completed_by", "number": "11", "flags": "136.011PA", "details": "136.011", "type": "9", "location": "11;0"}], "fmql": {"TYPELABEL": "SURGERY PROCEDURE/DIAGNOSIS CODES", "TYPE": "136", "OP": "DESCRIBE TYPE"}, "number": "136", "location": "^SRO(136,", "name": "SURGERY PROCEDURE/DIAGNOSIS CODES"}