{"count": "0", "description": {"datatype": "http://www.w3.org/1999/02/22-rdf-syntax-ns#XMLLiteral", "fmType": "5", "fmId": "-1", "value": "This file contains information regarding the operating rooms.  It\rincludes a number of fields that cannot be edited using fileman.\rThose fields include the PATTERN, BLOCK SCHEDULE DATE and SERVICE\rBLOCKOUT.", "type": "typed-literal"}, "fields": [{"index": "B", "name": "name", "description": {"datatype": "http://www.w3.org/1999/02/22-rdf-syntax-ns#XMLLiteral", "fmType": "5", "fmId": "-1", "value": "This is the name of the operating room.\r ", "type": "typed-literal"}, "number": ".01", "flags": "R*P44'", "location": "0;1", "type": "7", "details": "44"}, {"description": {"datatype": "http://www.w3.org/1999/02/22-rdf-syntax-ns#XMLLiteral", "fmType": "5", "fmId": "-1", "value": "This is the physical location of the operating room.\r ", "type": "typed-literal"}, "number": "1", "flags": "F", "location": "0;2", "type": "4", "name": "location"}, {"name": "person_resp", "description": {"datatype": "http://www.w3.org/1999/02/22-rdf-syntax-ns#XMLLiteral", "fmType": "5", "fmId": "-1", "value": "This is the name of the person responsible for this operating room.\r ", "type": "typed-literal"}, "number": "2", "flags": "P200'", "details": "200", "type": "7", "location": "0;3"}, {"description": {"datatype": "http://www.w3.org/1999/02/22-rdf-syntax-ns#XMLLiteral", "fmType": "5", "fmId": "-1", "value": "This is the telephone number of the operating room.\r ", "type": "typed-literal"}, "number": "3", "flags": "F", "location": "0;4", "type": "4", "name": "telephone"}, {"description": {"datatype": "http://www.w3.org/1999/02/22-rdf-syntax-ns#XMLLiteral", "fmType": "5", "fmId": "-1", "value": "These are comments relating specifically to this operating room.\r ", "type": "typed-literal"}, "number": "4", "flags": "F", "location": "0;5", "type": "4", "name": "remarks"}, {"name": "schedule_date", "description": {"datatype": "http://www.w3.org/1999/02/22-rdf-syntax-ns#XMLLiteral", "fmType": "5", "fmId": "-1", "value": "This is information about the Schedule date.\r ", "type": "typed-literal"}, "number": "6", "flags": "131.701DA", "details": "131.701", "type": "9", "location": "S;0"}, {"name": "block_schedule_date", "description": {"datatype": "http://www.w3.org/1999/02/22-rdf-syntax-ns#XMLLiteral", "fmType": "5", "fmId": "-1", "value": "This is the block schedule date.  This field should not be modified\rthrough Fileman.\r ", "type": "typed-literal"}, "number": "7", "flags": "131.702DA", "details": "131.702", "type": "9", "location": "SS;0"}, {"name": "service_blockout", "description": {"datatype": "http://www.w3.org/1999/02/22-rdf-syntax-ns#XMLLiteral", "fmType": "5", "fmId": "-1", "value": "This is information related to service blockouts.\r ", "type": "typed-literal"}, "number": "8", "flags": "131.703A", "details": "131.703", "type": "9", "location": "1;0"}, {"name": "type", "description": {"datatype": "http://www.w3.org/1999/02/22-rdf-syntax-ns#XMLLiteral", "fmType": "5", "fmId": "-1", "value": "This is the operating room type.\r ", "type": "typed-literal"}, "number": "9", "flags": "RP134'", "details": "134", "type": "7", "location": "2;1"}, {"description": {"datatype": "http://www.w3.org/1999/02/22-rdf-syntax-ns#XMLLiteral", "fmType": "5", "fmId": "-1", "value": "This is the average number of minutes required to clean this operating\rroom after completion of a case.  It will be used in determining operating\rroom utilization.\r ", "type": "typed-literal"}, "number": "10", "flags": "RNJ3,0", "location": "3;1", "type": "2", "name": "cleaning_time"}, {"name": "normal_daily_schedule", "description": {"datatype": "http://www.w3.org/1999/02/22-rdf-syntax-ns#XMLLiteral", "fmType": "5", "fmId": "-1", "value": "This is the normal daily schedule for each operating room.\r ", "type": "typed-literal"}, "number": "11", "flags": "131.711S", "details": "131.711", "type": "9", "location": "4;0"}, {"name": "inactive", "description": {"datatype": "http://www.w3.org/1999/02/22-rdf-syntax-ns#XMLLiteral", "fmType": "5", "fmId": "-1", "value": "Enter 'YES' to make this operating room inactive and to prevent its\rselection and use by users of the Surgery package.  A 'YES' in this\rfield indicates that this operating room is not in service.", "type": "typed-literal"}, "number": "99", "flags": "S", "details": "1:YES;", "type": "3", "location": "0;6"}], "fmql": {"TYPELABEL": "OPERATING ROOM", "TYPE": "131_7", "OP": "DESCRIBE TYPE"}, "number": "131.7", "location": "^SRS(", "name": "OPERATING ROOM"}