{"fields": [{"description": {"datatype": "http://www.w3.org/1999/02/22-rdf-syntax-ns#XMLLiteral", "fmType": "5", "fmId": "-1", "value": "This is the internal entry number of the prompt in the Item multiple\rby which this response was obtained.", "type": "typed-literal"}, "number": ".01", "flags": "MNJ7,0", "location": "0;1", "type": "2", "name": "item_entry"}, {"index": "D", "name": "dialog", "description": {"datatype": "http://www.w3.org/1999/02/22-rdf-syntax-ns#XMLLiteral", "fmType": "5", "fmId": "-1", "value": "This is a pointer to the dialog prompt, which is in the Order Dialog file\ras type prompt.", "type": "typed-literal"}, "number": ".02", "flags": "P101.41'", "location": "0;2", "type": "7", "details": "101.41"}, {"description": {"datatype": "http://www.w3.org/1999/02/22-rdf-syntax-ns#XMLLiteral", "fmType": "5", "fmId": "-1", "value": "In the case of multiple answers for the same item, this identifies the\rindividual instance.", "type": "typed-literal"}, "number": ".03", "flags": "NJ7,0", "location": "0;3", "type": "2", "name": "instance"}, {"description": {"datatype": "http://www.w3.org/1999/02/22-rdf-syntax-ns#XMLLiteral", "fmType": "5", "fmId": "-1", "value": "This contains the actual response, unless the value is a word processing\rtype.", "type": "typed-literal"}, "number": "1", "flags": "FO", "location": "1;1", "type": "4", "name": "value"}, {"description": {"datatype": "http://www.w3.org/1999/02/22-rdf-syntax-ns#XMLLiteral", "fmType": "5", "fmId": "-1", "value": "This contains the actual response, for word-processing type prompts.", "type": "typed-literal"}, "number": "2", "flags": "101.4162", "location": "2;0", "type": "5", "name": "text"}], "fmql": {"TYPELABEL": "RESPONSES", "TYPE": "101_416", "OP": "DESCRIBE TYPE"}, "name": "RESPONSES", "parent": "101.41", "number": "101.416"}