{"fields": [{"index": "B", "name": "returned_to_surgery", "description": {"datatype": "http://www.w3.org/1999/02/22-rdf-syntax-ns#XMLLiteral", "fmType": "5", "fmId": "-1", "value": "This indicates the case number if the patient has been returned to\rsurgery within 30 days.\r ", "type": "typed-literal"}, "number": ".01", "flags": "*P130'X", "location": "0;1", "type": "7", "details": "130"}, {"name": "reason", "description": {"datatype": "http://www.w3.org/1999/02/22-rdf-syntax-ns#XMLLiteral", "fmType": "5", "fmId": "-1", "value": "This is the reason that the patient was returned to surgery.\r ", "type": "typed-literal"}, "number": "1", "flags": "S", "details": "R:RETREATMENT;C:COMPLICATION;N:NEW PROBLEM;", "type": "3", "location": "0;2"}, {"description": {"datatype": "http://www.w3.org/1999/02/22-rdf-syntax-ns#XMLLiteral", "fmType": "5", "fmId": "-1", "value": "These are comments about the return to surgery which may be helpful\rin documentation of this case.\r ", "type": "typed-literal"}, "number": "2", "flags": "130.44", "location": "1;0", "type": "5", "name": "ret_to_surgery_comments"}, {"name": "related_unrelated", "description": {"datatype": "http://www.w3.org/1999/02/22-rdf-syntax-ns#XMLLiteral", "fmType": "5", "fmId": "-1", "value": "This determines whether the return within 30 days is related to any\rof the operations performed in this case.  If so, enter 'R' for\r'RELATED'.  Otherwise, enter 'U' for 'UNRELATED'.\r ", "type": "typed-literal"}, "number": "3", "flags": "S", "details": "U:UNRELATED TO THIS CASE;R:RELATED TO THIS CASE;", "type": "3", "location": "0;3"}], "fmql": {"TYPELABEL": "RETURNED TO SURGERY", "TYPE": "130_43", "OP": "DESCRIBE TYPE"}, "name": "RETURNED TO SURGERY", "parent": "130", "number": "130.43"}