{"count": "0", "description": {"datatype": "http://www.w3.org/1999/02/22-rdf-syntax-ns#XMLLiteral", "fmType": "5", "fmId": "-1", "value": "This file holds Taskman SnapShot data.\rThis is a snapshot of the counts in the taskman ^%ZTSCH global.\rThere should be no user entry of this data.\rIt is just for reporting.", "type": "typed-literal"}, "fields": [{"index": "B", "name": "date", "number": ".01", "flags": "RD", "location": "0;1", "type": "1"}, {"name": "taskman_current", "description": {"datatype": "http://www.w3.org/1999/02/22-rdf-syntax-ns#XMLLiteral", "fmType": "5", "fmId": "-1", "value": "This hold the value returned by $$TM^%ZTLOAD.", "type": "typed-literal"}, "number": "2", "flags": "S", "details": "0:NO;1:Yes;", "type": "3", "location": "0;2"}, {"description": {"datatype": "http://www.w3.org/1999/02/22-rdf-syntax-ns#XMLLiteral", "fmType": "5", "fmId": "-1", "value": "This is the count of the number of entries in the ^%ZTSCH(\"STATUS\") \rglobal.", "type": "typed-literal"}, "number": "3", "flags": "NJ2,0", "location": "0;3", "type": "2", "name": "taskman_count"}, {"description": {"datatype": "http://www.w3.org/1999/02/22-rdf-syntax-ns#XMLLiteral", "fmType": "5", "fmId": "-1", "value": "This is what node is the current run node if taskman is doing load \rbalancing.", "type": "typed-literal"}, "number": "4", "flags": "F", "location": "0;4", "type": "4", "name": "taskman_balance"}, {"description": {"datatype": "http://www.w3.org/1999/02/22-rdf-syntax-ns#XMLLiteral", "fmType": "5", "fmId": "-1", "value": "This field holds the Balance Weight of the current Task Manager.", "type": "typed-literal"}, "number": "5", "flags": "NJ4,0", "location": "0;5", "type": "2", "name": "balance_weight"}, {"description": {"datatype": "http://www.w3.org/1999/02/22-rdf-syntax-ns#XMLLiteral", "fmType": "5", "fmId": "-1", "value": "This is the number of tasks in the schedule list.", "type": "typed-literal"}, "number": "7", "flags": "NJ6,0", "location": "0;7", "type": "2", "name": "schedule_count"}, {"description": {"datatype": "http://www.w3.org/1999/02/22-rdf-syntax-ns#XMLLiteral", "fmType": "5", "fmId": "-1", "value": "The number of seconds the first task in the schedule list is late.", "type": "typed-literal"}, "number": "8", "flags": "NJ5,0", "location": "0;8", "type": "2", "name": "sch_late_by"}, {"description": {"datatype": "http://www.w3.org/1999/02/22-rdf-syntax-ns#XMLLiteral", "fmType": "5", "fmId": "-1", "value": "This field holds a count of the number of late tasks in the schedule list.", "type": "typed-literal"}, "number": "9", "flags": "NJ5,0", "location": "0;9", "type": "2", "name": "sch_late_cnt"}, {"description": {"datatype": "http://www.w3.org/1999/02/22-rdf-syntax-ns#XMLLiteral", "fmType": "5", "fmId": "-1", "value": "This is the number of IO WAIT queues.", "type": "typed-literal"}, "number": "10", "flags": "NJ6,0", "location": "0;10", "type": "2", "name": "io_device_cnt"}, {"description": {"datatype": "http://www.w3.org/1999/02/22-rdf-syntax-ns#XMLLiteral", "fmType": "5", "fmId": "-1", "value": "This is the number of tasks in IO WAIT queues.", "type": "typed-literal"}, "number": "11", "flags": "NJ6,0", "location": "0;11", "type": "2", "name": "io_task_count"}, {"description": {"datatype": "http://www.w3.org/1999/02/22-rdf-syntax-ns#XMLLiteral", "fmType": "5", "fmId": "-1", "value": "This is the number of seconds the first task is late.\rWill have to see if it has any value.", "type": "typed-literal"}, "number": "12", "flags": "NJ6,0", "location": "0;12", "type": "2", "name": "io_late"}, {"description": {"datatype": "http://www.w3.org/1999/02/22-rdf-syntax-ns#XMLLiteral", "fmType": "5", "fmId": "-1", "value": "This is the number of tasks in the JOB and C lists waiting to run.", "type": "typed-literal"}, "number": "15", "flags": "NJ6,0", "location": "0;15", "type": "2", "name": "jobq"}, {"description": {"datatype": "http://www.w3.org/1999/02/22-rdf-syntax-ns#XMLLiteral", "fmType": "5", "fmId": "-1", "value": "This is the number of seconds the first task in the JOB list is late.", "type": "typed-literal"}, "number": "16", "flags": "NJ6,0", "location": "0;16", "type": "2", "name": "jobq_late"}, {"description": {"datatype": "http://www.w3.org/1999/02/22-rdf-syntax-ns#XMLLiteral", "fmType": "5", "fmId": "-1", "value": "This is the total number of submanagers running.", "type": "typed-literal"}, "number": "19", "flags": "NJ6,0", "location": "0;19", "type": "2", "name": "submanager_count"}, {"description": {"datatype": "http://www.w3.org/1999/02/22-rdf-syntax-ns#XMLLiteral", "fmType": "5", "fmId": "-1", "value": "This is the number of running tasks.", "type": "typed-literal"}, "number": "20", "flags": "NJ6,0", "location": "0;20", "type": "2", "name": "running_tasks"}, {"description": {"datatype": "http://www.w3.org/1999/02/22-rdf-syntax-ns#XMLLiteral", "fmType": "5", "fmId": "-1", "value": "This field holds the total number of running jobs as reported by \r$$ACTJ^%ZOSV.", "type": "typed-literal"}, "number": "22", "flags": "NJ4,0", "location": "0;22", "type": "2", "name": "total_jobs"}, {"name": "managers", "number": "101", "flags": "14.72101", "details": "14.72101", "type": "9", "location": "1;0"}, {"name": "submanagers", "number": "201", "flags": "14.72201", "details": "14.72201", "type": "9", "location": "2;0"}], "fmql": {"TYPELABEL": "TASKMAN SNAPSHOT", "TYPE": "14_72", "OP": "DESCRIBE TYPE"}, "number": "14.72", "location": "^%ZIS(14.72,", "name": "TASKMAN SNAPSHOT"}