{"fields": [{"index": "B", "name": "ifc_sending_facility", "description": {"datatype": "http://www.w3.org/1999/02/22-rdf-syntax-ns#XMLLiteral", "fmType": "5", "fmId": "-1", "value": "This field contains the VA facilities that may send inter-facility \rrequests for this procedure. Only active, primary VA facilities\rshould be entered in this field.", "type": "typed-literal"}, "number": ".01", "flags": "M*P4'", "location": "0;1", "type": "7", "details": "4"}], "fmql": {"TYPELABEL": "IFC SENDING FACILITY", "TYPE": "123_3128", "OP": "DESCRIBE TYPE"}, "name": "IFC SENDING FACILITY", "parent": "123.3", "number": "123.3128"}