{"fields": [{"index": "B", "name": "test_name", "number": ".01", "flags": "MF", "location": "0;1", "type": "4", "description": {"datatype": "http://www.w3.org/1999/02/22-rdf-syntax-ns#XMLLiteral", "fmType": "5", "fmId": "-1", "value": "This field contains the name of the lab test.", "type": "typed-literal"}}, {"name": "lab_test", "description": {"datatype": "http://www.w3.org/1999/02/22-rdf-syntax-ns#XMLLiteral", "fmType": "5", "fmId": "-1", "value": "This field contains a pointer to the Lab Test file (60)\rcorresponding to this lab test.", "type": "typed-literal"}, "number": "1", "flags": "P60'", "details": "60", "type": "7", "location": "0;2"}, {"description": {"datatype": "http://www.w3.org/1999/02/22-rdf-syntax-ns#XMLLiteral", "fmType": "5", "fmId": "-1", "value": "This field contains a pointer to the specimen type used\rfor the lab test.", "type": "typed-literal"}, "number": "2", "flags": "NJ4,0", "location": "0;3", "type": "2", "name": "specimen"}, {"description": {"datatype": "http://www.w3.org/1999/02/22-rdf-syntax-ns#XMLLiteral", "fmType": "5", "fmId": "-1", "value": "This field indicates the units in which the result is expressed.", "type": "typed-literal"}, "number": "3", "flags": "F", "location": "0;4", "type": "4", "name": "units"}, {"description": {"datatype": "http://www.w3.org/1999/02/22-rdf-syntax-ns#XMLLiteral", "fmType": "5", "fmId": "-1", "value": "This field provides the low-high reference (or normal) range\rfor the lab test.", "type": "typed-literal"}, "number": "4", "flags": "F", "location": "0;5", "type": "4", "name": "ref_range"}, {"description": {"datatype": "http://www.w3.org/1999/02/22-rdf-syntax-ns#XMLLiteral", "fmType": "5", "fmId": "-1", "value": "This field contains the lab test result.", "type": "typed-literal"}, "number": "5", "flags": "F", "location": "0;6", "type": "4", "name": "result"}, {"description": {"datatype": "http://www.w3.org/1999/02/22-rdf-syntax-ns#XMLLiteral", "fmType": "5", "fmId": "-1", "value": "This field contains the date the lab test was performed.", "type": "typed-literal"}, "number": "6", "flags": "D", "location": "0;7", "type": "1", "name": "date_performed"}], "fmql": {"TYPELABEL": "LAB DATA", "TYPE": "115_021", "OP": "DESCRIBE TYPE"}, "name": "LAB DATA", "parent": "115.011", "number": "115.021"}