{"count": "0", "description": {"datatype": "http://www.w3.org/1999/02/22-rdf-syntax-ns#XMLLiteral", "fmType": "5", "fmId": "-1", "value": "This file contains the possible statuses that may be associated with\ran order in OE/RR.\r \rPer VHA Directive 2005-044, this file has been \"locked down\" by Data \rStandardization (DS).  The file definition (i.e. data dictionary) shall \rnot be modified.  All additions, changes and deletions to entries in the \rfile shall be done by Enterprise Reference Terminology (ERT) using the \rMaster File Server (MFS), provided by Common Services (CS).   Creating \rand/or editing locally defined fields in the file are not permitted.  Use \rof locally defined fields that were created prior to VHA Directive \r2005-044 shall not be supported.", "type": "typed-literal"}, "fields": [{"description": {"datatype": "http://www.w3.org/1999/02/22-rdf-syntax-ns#XMLLiteral", "fmType": "5", "fmId": "-1", "value": "This is the number of the status entry.\rAll entries are reserved.", "type": "typed-literal"}, "number": ".001", "flags": "NJ7,0X", "location": " ", "type": "2", "name": "number"}, {"index": "B", "name": "name", "number": ".01", "flags": "RF", "location": "0;1", "type": "4", "description": {"datatype": "http://www.w3.org/1999/02/22-rdf-syntax-ns#XMLLiteral", "fmType": "5", "fmId": "-1", "value": "This is the name of the status.", "type": "typed-literal"}}, {"description": {"datatype": "http://www.w3.org/1999/02/22-rdf-syntax-ns#XMLLiteral", "fmType": "5", "fmId": "-1", "value": "This is a shorter version of the status name to be displayed on the\rOrders tab of the CPRS Chart.", "type": "typed-literal"}, "number": ".02", "flags": "F", "location": "0;2", "type": "4", "name": "short_name"}, {"description": {"datatype": "http://www.w3.org/1999/02/22-rdf-syntax-ns#XMLLiteral", "fmType": "5", "fmId": "-1", "value": "This is the abbreviation of the status to be displayed on order\rreviews and printouts.\rThe abbreviation is placed in its own node of the global and the entire\rnode is reserved.  This allows for the possibility of an abbreviation\rwhich contains an up arrow.", "type": "typed-literal"}, "number": ".1", "flags": "F", "location": ".1;E1,245", "type": "4", "name": "abbreviation"}, {"description": {"datatype": "http://www.w3.org/1999/02/22-rdf-syntax-ns#XMLLiteral", "fmType": "5", "fmId": "-1", "value": "This is the description of the status.", "type": "typed-literal"}, "number": "2", "flags": "100.12", "location": "1;0", "type": "5", "name": "description"}, {"name": "master_entry_for_vuid", "description": {"datatype": "http://www.w3.org/1999/02/22-rdf-syntax-ns#XMLLiteral", "fmType": "5", "fmId": "-1", "value": "This field identifies the Master entry for a VUID associated with a \rTerm/Concept.", "type": "typed-literal"}, "number": "99.98", "flags": "RSI", "details": "1:YES;0:NO;", "type": "3", "location": "VUID;2"}, {"index": "AVUID", "name": "vuid", "number": "99.99", "flags": "RFXI", "location": "VUID;1", "type": "4", "description": {"datatype": "http://www.w3.org/1999/02/22-rdf-syntax-ns#XMLLiteral", "fmType": "5", "fmId": "-1", "value": "VHA Unique ID (VUID). A unique meaningless integer assigned to reference\rterms VHA wide.", "type": "typed-literal"}}, {"name": "effective_date_time", "description": {"datatype": "http://www.w3.org/1999/02/22-rdf-syntax-ns#XMLLiteral", "fmType": "5", "fmId": "-1", "value": "Describes the pair Status and Effective Date/Time for each reference term.", "type": "typed-literal"}, "number": "99.991", "flags": "100.0199DA", "details": "100.0199", "type": "9", "location": "TERMSTATUS;0"}], "fmql": {"TYPELABEL": "ORDER STATUS", "TYPE": "100_01", "OP": "DESCRIBE TYPE"}, "number": "100.01", "location": "^ORD(100.01,", "name": "ORDER STATUS"}