{"fields": [{"index": "B", "name": "diet_restriction", "description": {"datatype": "http://www.w3.org/1999/02/22-rdf-syntax-ns#XMLLiteral", "fmType": "5", "fmId": "-1", "value": "This is the dislike food preference from the file (115.2).", "type": "typed-literal"}, "number": ".01", "flags": "M*P115.2'", "location": "0;1", "type": "7", "details": "115.2"}, {"description": {"datatype": "http://www.w3.org/1999/02/22-rdf-syntax-ns#XMLLiteral", "fmType": "5", "fmId": "-1", "value": "This field contains the meals (B N and E) for which this diet\rrestriction is applicable.", "type": "typed-literal"}, "number": "1", "flags": "RFX", "location": "0;2", "type": "4", "name": "meals"}], "fmql": {"TYPELABEL": "DIET RESTRICTION", "TYPE": "111_119", "OP": "DESCRIBE TYPE"}, "name": "DIET RESTRICTION", "parent": "111.1", "number": "111.119"}