{"count": "0", "description": {"datatype": "http://www.w3.org/1999/02/22-rdf-syntax-ns#XMLLiteral", "fmType": "5", "fmId": "-1", "value": "Contains patient allergy/adverse reaction information.", "type": "typed-literal"}, "fields": [{"index": "B", "name": "patient", "description": {"datatype": "http://www.w3.org/1999/02/22-rdf-syntax-ns#XMLLiteral", "fmType": "5", "fmId": "-1", "value": "This is the patient to whom this allergy/adverse reaction pertains.", "type": "typed-literal"}, "number": ".01", "flags": "RP2'", "location": "0;1", "type": "7", "details": "2"}, {"index": "C", "name": "reactant", "number": ".02", "flags": "RFX", "location": "0;2", "type": "4", "description": {"datatype": "http://www.w3.org/1999/02/22-rdf-syntax-ns#XMLLiteral", "fmType": "5", "fmId": "-1", "value": "This is the agent to which the patient had this reaction.  This is the \rname of the reactant and will be the result of a look up on either the GMR\rAllergies (120.82), National Drug (50.6), Drug Ingredients (50.416), \rLocal Drug (50) or VA Drug Class (50.605) files.", "type": "typed-literal"}}, {"name": "gmr_allergy", "description": {"datatype": "http://www.w3.org/1999/02/22-rdf-syntax-ns#XMLLiteral", "fmType": "5", "fmId": "-1", "value": "This field is a variable pointer to help relate this allergy to some\rrecord in one of the files to which this field points.  The files that are\rpointed to are the GMR Allergies (120.82) file, National Drug (50.6) file,\rDrug (50) file, Drug Ingredients (50.416) file and VA Drug Class\r(50.605) file.", "type": "typed-literal"}, "number": "1", "flags": "V", "details": "120.82;50.6;50;50.416;50.605", "type": "8", "location": "0;3"}, {"name": "drug_ingredients", "description": {"datatype": "http://www.w3.org/1999/02/22-rdf-syntax-ns#XMLLiteral", "fmType": "5", "fmId": "-1", "value": "List of drug ingredients to which patient had reaction for this\rallergy/adverse reaction.", "type": "typed-literal"}, "number": "2", "flags": "120.802PA", "details": "120.802", "type": "9", "location": "2;0"}, {"name": "drug_classes", "description": {"datatype": "http://www.w3.org/1999/02/22-rdf-syntax-ns#XMLLiteral", "fmType": "5", "fmId": "-1", "value": "List of VA drug classes to which patient had reaction for this\rallergy/adverse reaction.", "type": "typed-literal"}, "number": "3", "flags": "120.803PA", "details": "120.803", "type": "9", "location": "3;0"}, {"description": {"datatype": "http://www.w3.org/1999/02/22-rdf-syntax-ns#XMLLiteral", "fmType": "5", "fmId": "-1", "value": "This field contains the type(s) for this causative agent.  The user can\renter the type(s) separated by commas, or the following codes:  D=Drug,\rF=Food, O=Other.  If codes are used, do not use commas to separate multiple\rcodes.  Examples of valid entries are:  DRUG or DRUG, FOOD or D or DF or\rOTHER.", "type": "typed-literal"}, "number": "3.1", "flags": "RFXO", "location": "0;20", "type": "4", "name": "allergy_type"}, {"index": "AODT", "name": "origination_date_time", "number": "4", "flags": "RDX", "location": "0;4", "type": "1", "description": {"datatype": "http://www.w3.org/1999/02/22-rdf-syntax-ns#XMLLiteral", "fmType": "5", "fmId": "-1", "value": "Date/time this allergy/adverse reaction was entered into the system.", "type": "typed-literal"}}, {"name": "originator", "description": {"datatype": "http://www.w3.org/1999/02/22-rdf-syntax-ns#XMLLiteral", "fmType": "5", "fmId": "-1", "value": "Person who entered this allergy/adverse reaction into the system.", "type": "typed-literal"}, "number": "5", "flags": "RP200'", "details": "200", "type": "7", "location": "0;5"}, {"name": "observed_historical", "description": {"datatype": "http://www.w3.org/1999/02/22-rdf-syntax-ns#XMLLiteral", "fmType": "5", "fmId": "-1", "value": "Indicates whether this allergy/adverse reaction has been observed by some\rpersonnel, or if it is historical data gathered about the patient.", "type": "typed-literal"}, "number": "6", "flags": "RS", "details": "o:OBSERVED;h:HISTORICAL;", "type": "3", "location": "0;6"}, {"name": "reportable", "description": {"datatype": "http://www.w3.org/1999/02/22-rdf-syntax-ns#XMLLiteral", "fmType": "5", "fmId": "-1", "value": "This field will allow the data in this file to be unreportable to other\rpackages.  Examples of this include drug-drug interactions which do not\rhave to be shown as allergies/adverse reactions.\r   \rNote: This field is no longer supported.", "type": "typed-literal"}, "number": "7", "flags": "S", "details": "y:YES;n:NO;", "type": "3", "location": "0;21"}, {"name": "reactions", "description": {"datatype": "http://www.w3.org/1999/02/22-rdf-syntax-ns#XMLLiteral", "fmType": "5", "fmId": "-1", "value": "These are the reactions observed for this allergy/adverse reaction.", "type": "typed-literal"}, "number": "10", "flags": "120.81P", "details": "120.81", "type": "9", "location": "10;0"}, {"name": "chart_marked", "description": {"datatype": "http://www.w3.org/1999/02/22-rdf-syntax-ns#XMLLiteral", "fmType": "5", "fmId": "-1", "value": "A list of those people who indicate that the patient's chart has been\rmarked for this reactant.", "type": "typed-literal"}, "number": "13", "flags": "120.813DA", "details": "120.813", "type": "9", "location": "13;0"}, {"name": "id_band_marked", "description": {"datatype": "http://www.w3.org/1999/02/22-rdf-syntax-ns#XMLLiteral", "fmType": "5", "fmId": "-1", "value": "A list of those people who indicated that the patient's ID band has been\rmarked for this reactant.", "type": "typed-literal"}, "number": "14", "flags": "120.814DA", "details": "120.814", "type": "9", "location": "14;0"}, {"name": "originator_sign_off", "description": {"datatype": "http://www.w3.org/1999/02/22-rdf-syntax-ns#XMLLiteral", "fmType": "5", "fmId": "-1", "value": "Indicates whether the originator of this allergy/adverse reaction signed off on it, so\rthat it may be verified.  An allergy/adverse reaction that is not signed\roff is not part of the patient's reportable reactions.", "type": "typed-literal"}, "number": "15", "flags": "S", "details": "1:YES;0:NO;", "type": "3", "location": "0;12"}, {"name": "mechanism", "description": {"datatype": "http://www.w3.org/1999/02/22-rdf-syntax-ns#XMLLiteral", "fmType": "5", "fmId": "-1", "value": "This field indicates the mechanism of the reaction.\r  ", "type": "typed-literal"}, "number": "17", "flags": "S", "details": "A:ALLERGY;P:PHARMACOLOGIC;U:UNKNOWN;", "type": "3", "location": "0;14"}, {"name": "verified", "description": {"datatype": "http://www.w3.org/1999/02/22-rdf-syntax-ns#XMLLiteral", "fmType": "5", "fmId": "-1", "value": "Indicates whether this allergy has been verified by a verifier.  The data in this field\rwill only get put in place if the verifier has signed off using the\relectronic signature.", "type": "typed-literal"}, "number": "19", "flags": "S", "details": "1:YES;0:NO;", "type": "3", "location": "0;16"}, {"index": "V", "name": "verification_date_time", "number": "20", "flags": "DX", "location": "0;17", "type": "1", "description": {"datatype": "http://www.w3.org/1999/02/22-rdf-syntax-ns#XMLLiteral", "fmType": "5", "fmId": "-1", "value": "The date/time this allergy/adverse reaction has been verified.", "type": "typed-literal"}}, {"name": "verifier", "description": {"datatype": "http://www.w3.org/1999/02/22-rdf-syntax-ns#XMLLiteral", "fmType": "5", "fmId": "-1", "value": "The verifier of the allergy/adverse reaction.", "type": "typed-literal"}, "number": "21", "flags": "P200'", "details": "200", "type": "7", "location": "0;18"}, {"name": "entered_in_error", "description": {"datatype": "http://www.w3.org/1999/02/22-rdf-syntax-ns#XMLLiteral", "fmType": "5", "fmId": "-1", "value": "Indicates if this allergy was entered in error.", "type": "typed-literal"}, "number": "22", "flags": "S", "details": "1:YES;", "type": "3", "location": "ER;1"}, {"description": {"datatype": "http://www.w3.org/1999/02/22-rdf-syntax-ns#XMLLiteral", "fmType": "5", "fmId": "-1", "value": "The date/time the allergy/adverse reaction was entered in error.", "type": "typed-literal"}, "number": "23", "flags": "DX", "location": "ER;2", "type": "1", "name": "date_time_entered_in_error"}, {"name": "user_entering_in_error", "description": {"datatype": "http://www.w3.org/1999/02/22-rdf-syntax-ns#XMLLiteral", "fmType": "5", "fmId": "-1", "value": "The person who entered this allergy/adverse reaction in error.", "type": "typed-literal"}, "number": "24", "flags": "P200'", "details": "200", "type": "7", "location": "ER;3"}, {"name": "comments", "description": {"datatype": "http://www.w3.org/1999/02/22-rdf-syntax-ns#XMLLiteral", "fmType": "5", "fmId": "-1", "value": "List of comments entered about this reaction.", "type": "typed-literal"}, "number": "26", "flags": "120.826D", "details": "120.826", "type": "9", "location": "26;0"}], "fmql": {"TYPELABEL": "PATIENT ALLERGIES", "TYPE": "120_8", "OP": "DESCRIBE TYPE"}, "number": "120.8", "location": "^GMR(120.8,", "name": "PATIENT ALLERGIES"}