{"count": "0", "applicationGroups": "VA", "description": {"datatype": "http://www.w3.org/1999/02/22-rdf-syntax-ns#XMLLiteral", "fmType": "5", "fmId": "-1", "value": "This file contains the list of valid ethnicities.  The allowable entries\rare maintained by VA Central Office and, as such, alteration and/or\raddition of entries is not allowed.", "type": "typed-literal"}, "fields": [{"index": "B", "name": "name", "number": ".01", "flags": "RF", "location": "0;1", "type": "4", "description": {"datatype": "http://www.w3.org/1999/02/22-rdf-syntax-ns#XMLLiteral", "fmType": "5", "fmId": "-1", "value": "This field contains the name of an ethnicity as selectable during\renter/edit of patient data information.\r \rThese entries are maintained by VA Central Office and entry/edit of \rentries is not allowed.", "type": "typed-literal"}}, {"index": "C", "name": "abbreviation", "number": "2", "flags": "F", "location": "0;2", "type": "4", "description": {"datatype": "http://www.w3.org/1999/02/22-rdf-syntax-ns#XMLLiteral", "fmType": "5", "fmId": "-1", "value": "This field contains the abbreviation for this ethnicity entry.  This may\rappear on various outputs where there is insufficient room to print the\rentire name of the ethnicity.", "type": "typed-literal"}}, {"index": "AHL7", "name": "hl7_value", "number": "3", "flags": "RF", "location": "0;3", "type": "4", "description": {"datatype": "http://www.w3.org/1999/02/22-rdf-syntax-ns#XMLLiteral", "fmType": "5", "fmId": "-1", "value": "The HL7 representation of this ethnicity", "type": "typed-literal"}}, {"description": {"datatype": "http://www.w3.org/1999/02/22-rdf-syntax-ns#XMLLiteral", "fmType": "5", "fmId": "-1", "value": "CDC representation of this ethnicity", "type": "typed-literal"}, "number": "4", "flags": "F", "location": "0;4", "type": "4", "name": "cdc_value"}, {"description": {"datatype": "http://www.w3.org/1999/02/22-rdf-syntax-ns#XMLLiteral", "fmType": "5", "fmId": "-1", "value": "PTF representation of this ethnicity", "type": "typed-literal"}, "number": "5", "flags": "RF", "location": "0;5", "type": "4", "name": "ptf_value"}, {"name": "synonym", "number": "100", "flags": "10.21", "details": "10.21", "type": "9", "location": ".01;0"}, {"name": "inactive", "description": {"datatype": "http://www.w3.org/1999/02/22-rdf-syntax-ns#XMLLiteral", "fmType": "5", "fmId": "-1", "value": "This field is used to denote that this ethnicity value is no longer \ractive.", "type": "typed-literal"}, "number": "200", "flags": "S", "details": "1:YES;", "type": "3", "location": ".02;1"}, {"description": {"datatype": "http://www.w3.org/1999/02/22-rdf-syntax-ns#XMLLiteral", "fmType": "5", "fmId": "-1", "value": "Date that this ethnicity became inactive", "type": "typed-literal"}, "number": "202", "flags": "D", "location": ".02;2", "type": "1", "name": "inactivation_date"}], "fmql": {"TYPELABEL": "ETHNICITY", "TYPE": "10_2", "OP": "DESCRIBE TYPE"}, "number": "10.2", "location": "^DIC(10.2,", "name": "ETHNICITY"}