{"fields": [{"name": "released_order", "description": {"datatype": "http://www.w3.org/1999/02/22-rdf-syntax-ns#XMLLiteral", "fmType": "5", "fmId": "-1", "value": "This field is a pointer to the Orders file #100 of an order that was \rreleased as a result of the event occurring.", "type": "typed-literal"}, "number": ".01", "flags": "MP100'X", "details": "100", "type": "7", "location": "0;1"}, {"name": "by_action", "description": {"datatype": "http://www.w3.org/1999/02/22-rdf-syntax-ns#XMLLiteral", "fmType": "5", "fmId": "-1", "value": "This is the CPRS action that released this order to the service, instead\rof the specified OE/RR RELEASE EVENT.  These orders are tracked here so\rthat they can all be displayed in the \"Auto-DC/Release Events\" view,\rincluding the complete movement data in the Detailed Display.", "type": "typed-literal"}, "number": "2", "flags": "S", "details": "MN:MANUAL RELEASE;ES:SIGNATURE;", "type": "3", "location": "0;2"}], "fmql": {"TYPELABEL": "RELEASED ORDERS", "TYPE": "100_26", "OP": "DESCRIBE TYPE"}, "name": "RELEASED ORDERS", "parent": "100.2", "number": "100.26"}