{"fields": [{"description": {"datatype": "http://www.w3.org/1999/02/22-rdf-syntax-ns#XMLLiteral", "fmType": "5", "fmId": "-1", "value": "This is reserved for future use.  The numeric values of this field\rcurrently correspond to OE/RR actions.", "type": "typed-literal"}, "number": ".01", "flags": "MNJ2,0X", "location": "0;1", "type": "2", "name": "method"}, {"description": {"datatype": "http://www.w3.org/1999/02/22-rdf-syntax-ns#XMLLiteral", "fmType": "5", "fmId": "-1", "value": "This is the code necessary to implement the method.", "type": "typed-literal"}, "number": ".02", "flags": "K", "location": "1;E1,245", "type": "10", "name": "method_action"}], "fmql": {"TYPELABEL": "METHOD", "TYPE": "101_05", "OP": "DESCRIBE TYPE"}, "name": "METHOD", "parent": "101", "number": "101.05"}