{"count": "0", "description": {"datatype": "http://www.w3.org/1999/02/22-rdf-syntax-ns#XMLLiteral", "fmType": "5", "fmId": "-1", "value": "Per VHA Directive {pending directive #}, this file has been \"locked down\" \rby Data Standardization (DS). The file definition (i.e. data dictionary) \rshall not be modified. All additions, changes and deletions to entries in\rthe file shall be done by Enterprise Reference Terminology (ERT) using the\rMaster File Server (MFS), provided by Common Services (CS). Creating\rand/or editing locally defined fields in the file are not permitted. Use\rof locally defined fields that were created prior to VHA Directive\r{pending directive #} shall not be supported.\r \rThis file contains a list of qualities or characteristics that can be \raffixed to a vital measurement.", "type": "typed-literal"}, "fields": [{"index": "B", "name": "category", "number": ".01", "flags": "RF", "location": "0;1", "type": "4", "description": {"datatype": "http://www.w3.org/1999/02/22-rdf-syntax-ns#XMLLiteral", "fmType": "5", "fmId": "-1", "value": "This field provides a list of qualities that could be assigned to a given \rvital measurement record.", "type": "typed-literal"}}, {"name": "vital_type", "description": {"datatype": "http://www.w3.org/1999/02/22-rdf-syntax-ns#XMLLiteral", "fmType": "5", "fmId": "-1", "value": "This multiple screens the possible quality entries for a given vital \rmeasurement record.", "type": "typed-literal"}, "number": "1", "flags": "120.531P", "details": "120.531", "type": "9", "location": "1;0"}, {"name": "master_entry_for_vuid", "description": {"datatype": "http://www.w3.org/1999/02/22-rdf-syntax-ns#XMLLiteral", "fmType": "5", "fmId": "-1", "value": "This field identifies the Master entry for a VUID associated with a \rTerm/Concept.", "type": "typed-literal"}, "number": "99.98", "flags": "RSI", "details": "0:NO;1:YES;", "type": "3", "location": "VUID;2"}, {"index": "AVUID", "name": "vuid", "number": "99.99", "flags": "RFXI", "location": "VUID;1", "type": "4", "description": {"datatype": "http://www.w3.org/1999/02/22-rdf-syntax-ns#XMLLiteral", "fmType": "5", "fmId": "-1", "value": "VHA Unique ID (VUID). A unique meaningless integer assigned to reference\rterms VHA wide.", "type": "typed-literal"}}, {"name": "effective_date_time", "description": {"datatype": "http://www.w3.org/1999/02/22-rdf-syntax-ns#XMLLiteral", "fmType": "5", "fmId": "-1", "value": "Describes the pair Status and Effective Date/Time for each reference term.", "type": "typed-literal"}, "number": "99.991", "flags": "120.5399DA", "details": "120.5399", "type": "9", "location": "TERMSTATUS;0"}], "fmql": {"TYPELABEL": "GMRV VITAL CATEGORY", "TYPE": "120_53", "OP": "DESCRIBE TYPE"}, "number": "120.53", "location": "^GMRD(120.53,", "name": "GMRV VITAL CATEGORY"}