{"fields": [{"index": "B", "name": "subscribers", "description": {"datatype": "http://www.w3.org/1999/02/22-rdf-syntax-ns#XMLLiteral", "fmType": "5", "fmId": "-1", "value": "This contains Protocols of Type, Subscribers, who are subscribing to this Event\rDrivers.", "type": "typed-literal"}, "number": ".01", "flags": "M*P101", "location": "0;1", "type": "7", "details": "101"}], "fmql": {"TYPELABEL": "SUBSCRIBERS", "TYPE": "101_0775", "OP": "DESCRIBE TYPE"}, "name": "SUBSCRIBERS", "parent": "101", "number": "101.0775"}