{"count": "0", "description": {"datatype": "http://www.w3.org/1999/02/22-rdf-syntax-ns#XMLLiteral", "fmType": "5", "fmId": "-1", "value": "This file is used to define the possible reasons for DC'ing/cancelling\ran order.  The entries are identified by package so that each package\rcan have their own set of reasons.  Sites may wish to modify the\rentries in this file to fit their needs.  It is important to maintain\rthe correct links to the Radiology Reason file if modifications are\rmade.  These links are maintained in the CODE field.  For Radiology\rreasons, the code field is the internal # of the radiology reason file\rfollowed by the characters RA.\r \rThis file points the the Nature of Order file.  This relationship\ris what identifies the appropriate actions to take for any DC Reason.", "type": "typed-literal"}, "fields": [{"index": "B", "name": "name", "number": ".01", "flags": "RF", "location": "0;1", "type": "4", "description": {"datatype": "http://www.w3.org/1999/02/22-rdf-syntax-ns#XMLLiteral", "fmType": "5", "fmId": "-1", "value": "This is the name of the DC Reason.", "type": "typed-literal"}}, {"index": "S", "name": "synonym", "number": ".03", "flags": "F", "location": "0;3", "type": "4", "description": {"datatype": "http://www.w3.org/1999/02/22-rdf-syntax-ns#XMLLiteral", "fmType": "5", "fmId": "-1", "value": "This is the synonym for this reason and is used on a file lookup.", "type": "typed-literal"}}, {"name": "inactive", "description": {"datatype": "http://www.w3.org/1999/02/22-rdf-syntax-ns#XMLLiteral", "fmType": "5", "fmId": "-1", "value": "This field is used to inactivate a DC Reason.", "type": "typed-literal"}, "number": ".04", "flags": "S", "details": "0:ACTIVE;1:INACTIVE;", "type": "3", "location": "0;4"}, {"name": "package", "description": {"datatype": "http://www.w3.org/1999/02/22-rdf-syntax-ns#XMLLiteral", "fmType": "5", "fmId": "-1", "value": "This is the package that this reason applies to.", "type": "typed-literal"}, "number": ".05", "flags": "P9.4'", "details": "9.4", "type": "7", "location": "0;5"}, {"index": "C", "name": "code", "number": ".06", "flags": "F", "location": "0;6", "type": "4", "description": {"datatype": "http://www.w3.org/1999/02/22-rdf-syntax-ns#XMLLiteral", "fmType": "5", "fmId": "-1", "value": "This is a code that is used to identify this DC Reason.\rThis field is not manditory.  If a code is not defined, then the internal\rnumber of the file entry is used to identify this reason.  Radiology\ruses this field for it's reasons to identify the entry with it's\rcorresponding entry in the Radiology Reasons file.", "type": "typed-literal"}}, {"name": "nature_of_activity", "description": {"datatype": "http://www.w3.org/1999/02/22-rdf-syntax-ns#XMLLiteral", "fmType": "5", "fmId": "-1", "value": "This field is used to categorize DC reasons into types that OE/RR\rcan take action on.  The actions and types are defined in the\rNature of order file.", "type": "typed-literal"}, "number": ".07", "flags": "RP100.02'", "details": "100.02", "type": "7", "location": "0;7"}, {"name": "message_status", "description": {"datatype": "http://www.w3.org/1999/02/22-rdf-syntax-ns#XMLLiteral", "fmType": "5", "fmId": "-1", "value": "This field is used to identify the status an order will be set to\rwhen this order reason is selected.  This is currently used by\rbackdoor lab options when orders/accessions are canceled.  If the field\ris blank, lab sends the HL7 status update message with a status of DC\r(the default); otherwise it will use the status in this field.", "type": "typed-literal"}, "number": ".08", "flags": "P100.01'", "details": "100.01", "type": "7", "location": "0;8"}], "fmql": {"TYPELABEL": "ORDER REASON", "TYPE": "100_03", "OP": "DESCRIBE TYPE"}, "number": "100.03", "location": "^ORD(100.03,", "name": "ORDER REASON"}