{"fields": [{"index": "B", "name": "va_drug_classes", "description": {"datatype": "http://www.w3.org/1999/02/22-rdf-syntax-ns#XMLLiteral", "fmType": "5", "fmId": "-1", "value": "One of the VA Drug Classes that make up this reactant.", "type": "typed-literal"}, "number": ".01", "flags": "MP50.605'", "location": "0;1", "type": "7", "details": "50.605"}], "fmql": {"TYPELABEL": "VA DRUG CLASSES", "TYPE": "120_8205", "OP": "DESCRIBE TYPE"}, "name": "VA DRUG CLASSES", "parent": "120.82", "number": "120.8205"}