{"count": "0", "applicationGroups": "VA", "description": {"datatype": "http://www.w3.org/1999/02/22-rdf-syntax-ns#XMLLiteral", "fmType": "5", "fmId": "-1", "value": "The MARTIAL STATUS file currently consists of six entries which\rare distributed by the MAS development team.  Alteration of any of\rthe six entries or addition of entries to this file which are not\rdistributed by the MAS developers may have a negative impact on\rthe performance of the MAS module as well as other modules.", "type": "typed-literal"}, "fields": [{"index": "B", "name": "name", "number": ".01", "flags": "RF", "location": "0;1", "type": "4", "description": {"datatype": "http://www.w3.org/1999/02/22-rdf-syntax-ns#XMLLiteral", "fmType": "5", "fmId": "-1", "value": "This field contains the name of the acceptable marital status as distributed\rby the MAS package.  These entries should not be altered in any way nor\rshould entries be added or removed.  Editing of this data can have negative\raffects on the performance of the MAS module as well as other DHCP modules.", "type": "typed-literal"}}, {"index": "C", "name": "abbreviation", "number": "1", "flags": "F", "location": "0;2", "type": "4", "description": {"datatype": "http://www.w3.org/1999/02/22-rdf-syntax-ns#XMLLiteral", "fmType": "5", "fmId": "-1", "value": "This field contains an abbreviation for this marital status.  Outputs\rthroughout DHCP may use this abbreviation if there is insufficient room\rto display the entire marital status name.", "type": "typed-literal"}}, {"name": "marital_status_code", "description": {"datatype": "http://www.w3.org/1999/02/22-rdf-syntax-ns#XMLLiteral", "fmType": "5", "fmId": "-1", "value": "This field contains the code for the marital status.  It must NOT be\redited unless through a software upgrade!  This field is used widely\rthroughout DHCP to determine programming flow.  It will be displayed\ron the patient's data card as well as many other places throughout\rDHCP.", "type": "typed-literal"}, "number": "2", "flags": "S", "details": "D:DIVORCED;M:MARRIED;N:NEVER MARRIED;S:SEPARATED;W:WIDOWED;U:UNKNOWN;", "type": "3", "location": "0;3"}], "fmql": {"TYPELABEL": "MARITAL STATUS", "TYPE": "11", "OP": "DESCRIBE TYPE"}, "number": "11", "location": "^DIC(11,", "name": "MARITAL STATUS"}