{"fields": [{"index": "B", "name": "excluded_recipes", "description": {"datatype": "http://www.w3.org/1999/02/22-rdf-syntax-ns#XMLLiteral", "fmType": "5", "fmId": "-1", "value": "This field is a pointer to the Recipe file (114) and is a recipe\rwhich should NOT be served to patients expressing this food\rpreference.", "type": "typed-literal"}, "number": ".01", "flags": "MP114'", "location": "0;1", "type": "7", "details": "114"}], "fmql": {"TYPELABEL": "EXCLUDED RECIPES", "TYPE": "115_21", "OP": "DESCRIBE TYPE"}, "name": "EXCLUDED RECIPES", "parent": "115.2", "number": "115.21"}