{"count": "0", "name": "ORDER STATISTICS", "fields": [{"index": "B", "name": "name", "description": {"datatype": "http://www.w3.org/1999/02/22-rdf-syntax-ns#XMLLiteral", "fmType": "5", "fmId": "-1", "value": "This is the name of an item.", "type": "typed-literal"}, "number": ".01", "flags": "RV", "location": "0;1", "type": "8", "details": "101;60;50;19;71"}, {"description": {"datatype": "http://www.w3.org/1999/02/22-rdf-syntax-ns#XMLLiteral", "fmType": "5", "fmId": "-1", "value": "This is the count of items ordered.", "type": "typed-literal"}, "number": "1", "flags": "NJ7,0", "location": "0;2", "type": "2", "name": "count"}, {"name": "package", "description": {"datatype": "http://www.w3.org/1999/02/22-rdf-syntax-ns#XMLLiteral", "fmType": "5", "fmId": "-1", "value": "This is the package that the item was ordered from.", "type": "typed-literal"}, "number": "2", "flags": "P9.4'", "details": "9.4", "type": "7", "location": "0;3"}], "fmql": {"TYPELABEL": "ORDER STATISTICS", "TYPE": "100_1", "OP": "DESCRIBE TYPE"}, "number": "100.1", "location": "^OR(100.1,"}