{"count": "0", "description": {"datatype": "http://www.w3.org/1999/02/22-rdf-syntax-ns#XMLLiteral", "fmType": "5", "fmId": "-1", "value": "This file contains the names of IV catheters in different types and sizes.\rThe ADP coordinator is allowed to enter/edit the file entries.", "type": "typed-literal"}, "fields": [{"index": "B", "name": "iv_catheter_type_size", "number": ".01", "flags": "RF", "location": "0;1", "type": "4", "description": {"datatype": "http://www.w3.org/1999/02/22-rdf-syntax-ns#XMLLiteral", "fmType": "5", "fmId": "-1", "value": "This field contains the type and size of the IV catheter used to start \rintravenous lines.", "type": "typed-literal"}}, {"name": "port", "description": {"datatype": "http://www.w3.org/1999/02/22-rdf-syntax-ns#XMLLiteral", "fmType": "5", "fmId": "-1", "value": "This field contains the name of lumen if the catheter has more than one\rlumen.", "type": "typed-literal"}, "number": "1", "flags": "126.741", "details": "126.741", "type": "9", "location": "1;0"}], "fmql": {"TYPELABEL": "GMRY IV CATHETER", "TYPE": "126_74", "OP": "DESCRIBE TYPE"}, "number": "126.74", "location": "^GMRD(126.74,", "name": "GMRY IV CATHETER"}