{"count": "0", "description": {"datatype": "http://www.w3.org/1999/02/22-rdf-syntax-ns#XMLLiteral", "fmType": "5", "fmId": "-1", "value": "This file contains entries regarding the assessment of the patient's\rconsciousness before and after the operative procedure.  The file\ris distributed with pre-supplied entries.  The sites may wish to\rmake additions to it.", "type": "typed-literal"}, "fields": [{"index": "B", "name": "name", "number": ".01", "flags": "RF", "location": "0;1", "type": "4", "description": {"datatype": "http://www.w3.org/1999/02/22-rdf-syntax-ns#XMLLiteral", "fmType": "5", "fmId": "-1", "value": "This is the assessment of the patient's consciousness.\r ", "type": "typed-literal"}}, {"index": "C", "name": "code", "number": "1", "flags": "RF", "location": "0;2", "type": "4", "description": {"datatype": "http://www.w3.org/1999/02/22-rdf-syntax-ns#XMLLiteral", "fmType": "5", "fmId": "-1", "value": "This is the code corresponding to the patient's level of consciousness.\r ", "type": "typed-literal"}}, {"name": "inactive", "description": {"datatype": "http://www.w3.org/1999/02/22-rdf-syntax-ns#XMLLiteral", "fmType": "5", "fmId": "-1", "value": "Enter 'YES' to inactivate this entry to prevent it selection by Surgery\rusers.", "type": "typed-literal"}, "number": "10", "flags": "S", "details": "1:YES;", "type": "3", "location": "0;3"}], "fmql": {"TYPELABEL": "PATIENT CONSCIOUSNESS", "TYPE": "135_4", "OP": "DESCRIBE TYPE"}, "number": "135.4", "location": "^SRO(135.4,", "name": "PATIENT CONSCIOUSNESS"}