{"count": "0", "description": {"datatype": "http://www.w3.org/1999/02/22-rdf-syntax-ns#XMLLiteral", "fmType": "5", "fmId": "-1", "value": "This file contains NON-IV intake items such as tea, coffee, etc.  The ADP\rcoordinator is allowed to configure the file.", "type": "typed-literal"}, "fields": [{"index": "B", "name": "name", "number": ".01", "flags": "RF", "location": "0;1", "type": "4", "description": {"datatype": "http://www.w3.org/1999/02/22-rdf-syntax-ns#XMLLiteral", "fmType": "5", "fmId": "-1", "value": "This field contains the name of intake item (excluding the IV related\ritems) such as tea, coffee, etc.", "type": "typed-literal"}}, {"description": {"datatype": "http://www.w3.org/1999/02/22-rdf-syntax-ns#XMLLiteral", "fmType": "5", "fmId": "-1", "value": "This field stores the volume of the food container.\rFor example:\r  large glass .. 240 ml  small glass .. 125 ml\r  cup .......... 150 ml  milk carton .. 240 ml\r  soup/cereal .. 120 ml  jello ........  75 ml\r  ice cream ....  50 ml", "type": "typed-literal"}, "number": "1", "flags": "NJ3,0X", "location": "0;2", "type": "2", "name": "volume"}, {"name": "input_type", "description": {"datatype": "http://www.w3.org/1999/02/22-rdf-syntax-ns#XMLLiteral", "fmType": "5", "fmId": "-1", "value": "This multiple screens the possible input items for a given NON-IV input type.", "type": "typed-literal"}, "number": "2", "flags": "126.82P", "details": "126.82", "type": "9", "location": "1;0"}], "fmql": {"TYPELABEL": "GMRY INTAKE ITEMS", "TYPE": "126_8", "OP": "DESCRIBE TYPE"}, "number": "126.8", "location": "^GMRD(126.8,", "name": "GMRY INTAKE ITEMS"}