{"fields": [{"index": "B", "name": "submanager", "number": ".01", "flags": "NJ9,0", "location": "0;1", "type": "2", "description": {"datatype": "http://www.w3.org/1999/02/22-rdf-syntax-ns#XMLLiteral", "fmType": "5", "fmId": "-1", "value": "This field holds info about the sub-managers.", "type": "typed-literal"}}, {"description": {"datatype": "http://www.w3.org/1999/02/22-rdf-syntax-ns#XMLLiteral", "fmType": "5", "fmId": "-1", "value": "This is the $H time that this sub-manager updated the node.", "type": "typed-literal"}, "number": "2", "flags": "FO", "location": "0;2", "type": "4", "name": "datetime"}, {"description": {"datatype": "http://www.w3.org/1999/02/22-rdf-syntax-ns#XMLLiteral", "fmType": "5", "fmId": "-1", "value": "This is the sub-managers status.", "type": "typed-literal"}, "number": "3", "flags": "F", "location": "0;3", "type": "4", "name": "status"}, {"name": "balance", "description": {"datatype": "http://www.w3.org/1999/02/22-rdf-syntax-ns#XMLLiteral", "fmType": "5", "fmId": "-1", "value": "Is the sub-manager in Balance mode.", "type": "typed-literal"}, "number": "4", "flags": "S", "details": "0:NO;1:YES;", "type": "3", "location": "0;4"}, {"description": {"datatype": "http://www.w3.org/1999/02/22-rdf-syntax-ns#XMLLiteral", "fmType": "5", "fmId": "-1", "value": "This field hold the Box-Volume pair that the submanagers is running on.", "type": "typed-literal"}, "number": "5", "flags": "F", "location": "0;5", "type": "4", "name": "pair"}], "fmql": {"TYPELABEL": "SUBMANAGERS", "TYPE": "14_72201", "OP": "DESCRIBE TYPE"}, "name": "SUBMANAGERS", "parent": "14.72", "number": "14.72201"}