{"fields": [{"index": "B", "name": "protocol", "description": {"datatype": "http://www.w3.org/1999/02/22-rdf-syntax-ns#XMLLiteral", "fmType": "5", "fmId": "-1", "value": "This is a protocol for which an entry in the Order Dialog file has been\rsuccessfully created.", "type": "typed-literal"}, "number": ".01", "flags": "MP101'X", "location": "0;1", "type": "7", "details": "101"}, {"description": {"datatype": "http://www.w3.org/1999/02/22-rdf-syntax-ns#XMLLiteral", "fmType": "5", "fmId": "-1", "value": "This field contains the sequence number of the last item converted for\rprotocols of type menu, protocol menu, and extended action; when all\rthe items under this protocol have been converted, this value will be\rset to -1.", "type": "typed-literal"}, "number": "1", "flags": "NJ6,2", "location": "0;2", "type": "2", "name": "last_item_converted"}], "fmql": {"TYPELABEL": "CONVERTED PROTOCOLS", "TYPE": "100_99101", "OP": "DESCRIBE TYPE"}, "name": "CONVERTED PROTOCOLS", "parent": "100.99", "number": "100.99101"}