{"fields": [{"index": "B", "name": "laboratory_data_name", "description": {"datatype": "http://www.w3.org/1999/02/22-rdf-syntax-ns#XMLLiteral", "fmType": "5", "fmId": "-1", "value": "This is the local Data Name in file 63 pointed to by this lab test.", "type": "typed-literal"}, "number": ".01", "flags": "M*P63'X", "location": "0;1", "type": "7", "details": "63"}], "fmql": {"TYPELABEL": "LABORATORY DATA NAME", "TYPE": "139_21", "OP": "DESCRIBE TYPE"}, "name": "LABORATORY DATA NAME", "parent": "139.2", "number": "139.21"}