{"count": "0", "description": {"datatype": "http://www.w3.org/1999/02/22-rdf-syntax-ns#XMLLiteral", "fmType": "5", "fmId": "-1", "value": "This file contains prosthetic devices used by the Surgery package.  This\rfile is distributed with no pre-supplied entries.  Sites must add entries\ras needed.", "type": "typed-literal"}, "fields": [{"index": "B", "name": "name", "number": ".01", "flags": "RF", "location": "0;1", "type": "4", "description": {"datatype": "http://www.w3.org/1999/02/22-rdf-syntax-ns#XMLLiteral", "fmType": "5", "fmId": "-1", "value": "This is the name of the Prosthesis.", "type": "typed-literal"}}, {"description": {"datatype": "http://www.w3.org/1999/02/22-rdf-syntax-ns#XMLLiteral", "fmType": "5", "fmId": "-1", "value": "This is the name of the manufacturer of the implanted prosthetic device.\r ", "type": "typed-literal"}, "number": "1", "flags": "F", "location": "0;2", "type": "4", "name": "vendor"}, {"description": {"datatype": "http://www.w3.org/1999/02/22-rdf-syntax-ns#XMLLiteral", "fmType": "5", "fmId": "-1", "value": "This is the model of the implanted prosthetic device.\r ", "type": "typed-literal"}, "number": "2", "flags": "F", "location": "0;3", "type": "4", "name": "model"}, {"description": {"datatype": "http://www.w3.org/1999/02/22-rdf-syntax-ns#XMLLiteral", "fmType": "5", "fmId": "-1", "value": "This is the Sterilization Number/Code identifying the implanted\rprosthetic device.\r ", "type": "typed-literal"}, "number": "3", "flags": "F", "location": "0;4", "type": "4", "name": "sterile_code"}, {"description": {"datatype": "http://www.w3.org/1999/02/22-rdf-syntax-ns#XMLLiteral", "fmType": "5", "fmId": "-1", "value": "This is the Lot/Serial Number of the implanted prosthetic device.\r ", "type": "typed-literal"}, "number": "4", "flags": "F", "location": "0;5", "type": "4", "name": "lot_serial_no"}, {"name": "sterile_resp", "description": {"datatype": "http://www.w3.org/1999/02/22-rdf-syntax-ns#XMLLiteral", "fmType": "5", "fmId": "-1", "value": "This is the code corresponding to the party responsible for the\rsterilization of the implanted device.\r ", "type": "typed-literal"}, "number": "5", "flags": "S", "details": "M:MANUFACTURER;SPD:SPD;SUR:SURGERY;", "type": "3", "location": "0;7"}, {"description": {"datatype": "http://www.w3.org/1999/02/22-rdf-syntax-ns#XMLLiteral", "fmType": "5", "fmId": "-1", "value": "This is the size of the implanted prosthetic device.\r ", "type": "typed-literal"}, "number": "6", "flags": "F", "location": "1;1", "type": "4", "name": "size"}, {"description": {"datatype": "http://www.w3.org/1999/02/22-rdf-syntax-ns#XMLLiteral", "fmType": "5", "fmId": "-1", "value": "This is quantity of the prosthetic device used for the procedure.\r ", "type": "typed-literal"}, "number": "7", "flags": "NJ5,0", "location": "1;2", "type": "2", "name": "quantity"}, {"name": "inactive", "description": {"datatype": "http://www.w3.org/1999/02/22-rdf-syntax-ns#XMLLiteral", "fmType": "5", "fmId": "-1", "value": "Enter 'YES' to make this entry inactive and to prevent its selection and\ruse by users of the Surgery Package.", "type": "typed-literal"}, "number": "10", "flags": "S", "details": "1:YES;", "type": "3", "location": "0;6"}], "fmql": {"TYPELABEL": "PROSTHESIS", "TYPE": "131_9", "OP": "DESCRIBE TYPE"}, "number": "131.9", "location": "^SRO(131.9,", "name": "PROSTHESIS"}