{"count": "0", "description": {"datatype": "http://www.w3.org/1999/02/22-rdf-syntax-ns#XMLLiteral", "fmType": "5", "fmId": "-1", "value": "This file contains all acknowledgments for order results captured via\rthe Care Management dashboards.  A stub is created here for the ordering\rprovider when new results become available for an order that s/he placed;\rthe entry is then updated when the order is actually acknowledged via\rthe CM application.  An order's results may also be acknowledged by\rother users as well, such as the nursing staff caring for the patient.", "type": "typed-literal"}, "fields": [{"index": "B", "name": "order", "description": {"datatype": "http://www.w3.org/1999/02/22-rdf-syntax-ns#XMLLiteral", "fmType": "5", "fmId": "-1", "value": "This field contains the number of an order with results from the Orders\rfile #100.", "type": "typed-literal"}, "number": ".01", "flags": "RP100'", "location": "0;1", "type": "7", "details": "100"}, {"name": "provider", "description": {"datatype": "http://www.w3.org/1999/02/22-rdf-syntax-ns#XMLLiteral", "fmType": "5", "fmId": "-1", "value": "This field contains the provider from the New Person file #200 who placed\rthis order; this order will be presented to this user in the Care \rManagement dashboard to view and acknowledge the results.", "type": "typed-literal"}, "number": "2", "flags": "P200'", "details": "200", "type": "7", "location": "0;2"}, {"description": {"datatype": "http://www.w3.org/1999/02/22-rdf-syntax-ns#XMLLiteral", "fmType": "5", "fmId": "-1", "value": "This field is the date/time that the results of this order were viewed\rand acknowledged in the Care Management dashboard.", "type": "typed-literal"}, "number": "3", "flags": "D", "location": "0;3", "type": "1", "name": "acknowledged"}], "fmql": {"TYPELABEL": "ORDER ACKNOWLEDGEMENT", "TYPE": "102_4", "OP": "DESCRIBE TYPE"}, "number": "102.4", "location": "^ORA(102.4,", "name": "ORDER ACKNOWLEDGEMENT"}