{"fields": [{"index": "B", "name": "status_date_time", "number": ".01", "flags": "DX", "location": "0;1", "type": "1", "description": {"datatype": "http://www.w3.org/1999/02/22-rdf-syntax-ns#XMLLiteral", "fmType": "5", "fmId": "-1", "value": "This field contains the date/time that a nutrition status\rassessment was entered.", "type": "typed-literal"}}, {"name": "status", "description": {"datatype": "http://www.w3.org/1999/02/22-rdf-syntax-ns#XMLLiteral", "fmType": "5", "fmId": "-1", "value": "This is a pointer to the Nutrition Status file (115.4) indicating\rthe current status of this patient.", "type": "typed-literal"}, "number": "1", "flags": "RP115.4'", "details": "115.4", "type": "7", "location": "0;2"}, {"name": "entry_clerk", "description": {"datatype": "http://www.w3.org/1999/02/22-rdf-syntax-ns#XMLLiteral", "fmType": "5", "fmId": "-1", "value": "This is a pointer indicating the person actually making the entry\rof the status.", "type": "typed-literal"}, "number": "2", "flags": "RP200'", "details": "200", "type": "7", "location": "0;3"}, {"description": {"datatype": "http://www.w3.org/1999/02/22-rdf-syntax-ns#XMLLiteral", "fmType": "5", "fmId": "-1", "value": "This is the date/time that this Nutrition Status was last reviewed.\rFurther reviews are based upon this last review date/time.", "type": "typed-literal"}, "number": "3", "flags": "D", "location": "0;4", "type": "1", "name": "last_review_date_time"}, {"name": "review_clerk", "description": {"datatype": "http://www.w3.org/1999/02/22-rdf-syntax-ns#XMLLiteral", "fmType": "5", "fmId": "-1", "value": "This is a pointer to File 200 of the person entering the review.", "type": "typed-literal"}, "number": "4", "flags": "P200'", "details": "200", "type": "7", "location": "0;5"}, {"name": "dietetic_ward", "description": {"datatype": "http://www.w3.org/1999/02/22-rdf-syntax-ns#XMLLiteral", "fmType": "5", "fmId": "-1", "value": "This field is a pointer to the Dietetic Ward on which the patient\rresided when the Nutrition Status was entered.", "type": "typed-literal"}, "number": "5", "flags": "P119.6'", "details": "119.6", "type": "7", "location": "0;6"}], "fmql": {"TYPELABEL": "NUTRITION STATUS", "TYPE": "115_012", "OP": "DESCRIBE TYPE"}, "name": "NUTRITION STATUS", "parent": "115", "number": "115.012"}