{"count": "0", "description": {"datatype": "http://www.w3.org/1999/02/22-rdf-syntax-ns#XMLLiteral", "fmType": "5", "fmId": "-1", "value": "This file contains patient tasks for the Care Management dashboards;\rall supporting attributes are stored here, as well as tracking of each\rone's cancellation or fulfillment.", "type": "typed-literal"}, "fields": [{"index": "B", "name": "created", "number": ".01", "flags": "RD", "location": "0;1", "type": "1", "description": {"datatype": "http://www.w3.org/1999/02/22-rdf-syntax-ns#XMLLiteral", "fmType": "5", "fmId": "-1", "value": "This is the date and time the task was created.", "type": "typed-literal"}}, {"description": {"datatype": "http://www.w3.org/1999/02/22-rdf-syntax-ns#XMLLiteral", "fmType": "5", "fmId": "-1", "value": "This is a description of the task.", "type": "typed-literal"}, "number": "1", "flags": "RF", "location": "1;1", "type": "4", "name": "subject"}, {"name": "user", "description": {"datatype": "http://www.w3.org/1999/02/22-rdf-syntax-ns#XMLLiteral", "fmType": "5", "fmId": "-1", "value": "This is the user who created the task for this patient.", "type": "typed-literal"}, "number": "2", "flags": "P200'", "details": "200", "type": "7", "location": "0;2"}, {"index": "C", "name": "patient", "description": {"datatype": "http://www.w3.org/1999/02/22-rdf-syntax-ns#XMLLiteral", "fmType": "5", "fmId": "-1", "value": "This is the patient that this task applies to.", "type": "typed-literal"}, "number": "3", "flags": "RP2'", "location": "0;3", "type": "7", "details": "2"}, {"name": "priority", "description": {"datatype": "http://www.w3.org/1999/02/22-rdf-syntax-ns#XMLLiteral", "fmType": "5", "fmId": "-1", "value": "This is the priority for accomplishing this task.", "type": "typed-literal"}, "number": "4", "flags": "S", "details": "L:LOW;M:MEDIUM;H:HIGH;", "type": "3", "location": "0;4"}, {"description": {"datatype": "http://www.w3.org/1999/02/22-rdf-syntax-ns#XMLLiteral", "fmType": "5", "fmId": "-1", "value": "This is the date [and time] by which this task should be completed.", "type": "typed-literal"}, "number": "5", "flags": "D", "location": "0;5", "type": "1", "name": "due_date"}, {"description": {"datatype": "http://www.w3.org/1999/02/22-rdf-syntax-ns#XMLLiteral", "fmType": "5", "fmId": "-1", "value": "This field indicates when this task was completed.", "type": "typed-literal"}, "number": "6", "flags": "D", "location": "0;6", "type": "1", "name": "completed"}, {"name": "completed_by", "description": {"datatype": "http://www.w3.org/1999/02/22-rdf-syntax-ns#XMLLiteral", "fmType": "5", "fmId": "-1", "value": "This is the user who marked this task as complete.", "type": "typed-literal"}, "number": "7", "flags": "P200'", "details": "200", "type": "7", "location": "0;7"}, {"description": {"datatype": "http://www.w3.org/1999/02/22-rdf-syntax-ns#XMLLiteral", "fmType": "5", "fmId": "-1", "value": "This field indicates when this task was canceled.", "type": "typed-literal"}, "number": "8", "flags": "D", "location": "0;8", "type": "1", "name": "canceled"}, {"name": "canceled_by", "description": {"datatype": "http://www.w3.org/1999/02/22-rdf-syntax-ns#XMLLiteral", "fmType": "5", "fmId": "-1", "value": "This is the user who marked this task as canceled.", "type": "typed-literal"}, "number": "9", "flags": "P200'", "details": "200", "type": "7", "location": "0;9"}, {"name": "linked_items", "description": {"datatype": "http://www.w3.org/1999/02/22-rdf-syntax-ns#XMLLiteral", "fmType": "5", "fmId": "-1", "value": "This multiple contains identifiers for items that have been linked to\rthis task.", "type": "typed-literal"}, "number": "10", "flags": "102.31A", "details": "102.31", "type": "9", "location": "2;0"}], "fmql": {"TYPELABEL": "PATIENT TASK", "TYPE": "102_3", "OP": "DESCRIBE TYPE"}, "number": "102.3", "location": "^ORRT(102.3,", "name": "PATIENT TASK"}