{"fields": [{"index": "B", "name": "column", "number": ".01", "flags": "MNJ10,2", "location": "0;1", "type": "2", "description": {"datatype": "http://www.w3.org/1999/02/22-rdf-syntax-ns#XMLLiteral", "fmType": "5", "fmId": "-1", "value": "This is the sequence number for the column.", "type": "typed-literal"}}, {"name": "display_field", "description": {"datatype": "http://www.w3.org/1999/02/22-rdf-syntax-ns#XMLLiteral", "fmType": "5", "fmId": "-1", "value": "This specifies which field should be displayed in this column of the\rreport.", "type": "typed-literal"}, "number": "2", "flags": "P102.24'", "details": "102.24", "type": "7", "location": "0;2"}, {"description": {"datatype": "http://www.w3.org/1999/02/22-rdf-syntax-ns#XMLLiteral", "fmType": "5", "fmId": "-1", "value": "This specifies the initial width of the column in pixels.", "type": "typed-literal"}, "number": "3", "flags": "NJ8,0", "location": "0;3", "type": "2", "name": "pixel_width"}], "fmql": {"TYPELABEL": "FORMAT", "TYPE": "102_212", "OP": "DESCRIBE TYPE"}, "name": "FORMAT", "parent": "102.21", "number": "102.212"}