{"count": "0", "applicationGroups": "ZT", "description": {"datatype": "http://www.w3.org/1999/02/22-rdf-syntax-ns#XMLLiteral", "fmType": "5", "fmId": "-1", "value": "This file describes the volume sets available in the current multiprocessor\rnetwork.  The information pertaining to each volume set is primarily\rused by the Kernel, especially TaskMan.  The ucis that make up each\rvolume set can be determined by using the cross-references in the UCI\rAssociation Table file.", "type": "typed-literal"}, "fields": [{"index": "B", "name": "volume_set", "number": ".01", "flags": "RFX", "location": "0;1", "type": "4", "description": {"datatype": "http://www.w3.org/1999/02/22-rdf-syntax-ns#XMLLiteral", "fmType": "5", "fmId": "-1", "value": "Answer should be the name of a volume set.\rWhen each cpu can have only one volume set, this is also the cpu name.\rAnswer will be used in extended global references to reach this volume.", "type": "typed-literal"}}, {"name": "type", "description": {"datatype": "http://www.w3.org/1999/02/22-rdf-syntax-ns#XMLLiteral", "fmType": "5", "fmId": "-1", "value": "This field describes how TaskMan should treat the volume set.  It takes\rover many of the 486 configuration functions handled by the Out of Order\rand Replacement Volume Set fields in versions 6.5 and 7.0.\r \rGeneral Purpose Volume Set:  The Manager on a G type will usually send\rtasks back to the volume set where they were created, except that tasks\rthat explicitly request a different volume set will be sent where they\rask.  (Explicit volume set requests are made by using 1) the ZTCPU\rinput variable to the %ZTLOAD entry point, 2) the CPU (VOL SET)\rfield of the Device file, or 3) the Queued to What Volume Set field\rof the Option file.)  To transfer tasks TO a G type, TaskMan will\ruse extended global references to copy the task to the destination\rTask and Schedule files, and will then remove the task from this side.\r \rPrint Server:  On a P type, the Manager will run any task it finds\runless the task explicitly requests a different volume set.  Tasks\rare transferred TO a P type the same as to a G type, and Submanagers\rbehave the same.\r \rCompute Server:  Tasks are transferred to a C type by placing the tasks in\rthe Link Waiting List and jobbing a Submanager across to that volume set.\rSubmanagers started on a C type will only process tasks in the Link\rWaiting List for their volume set.\r \rFile Server and Other Non-TaskMan Volume Set: Tasks sent from or to a F or\rO type will be rejected.\r \rBecause of the field's crucial role in guiding TaskMan's behavior, the\rfield is required.", "type": "typed-literal"}, "number": ".1", "flags": "RS", "details": "G:GENERAL PURPOSE VOLUME SET;P:PRINT SERVER;C:COMPUTE SERVER;O:OTHER NON-TASKMAN VOLUME SET;", "type": "3", "location": "0;10"}, {"name": "inhibit_logons", "description": {"datatype": "http://www.w3.org/1999/02/22-rdf-syntax-ns#XMLLiteral", "fmType": "5", "fmId": "-1", "value": "Answering YES will cause TaskMan to notify Sign-on that logons are now\rprohibited, and to stop processing tasks until logons are allowed again.\r \rIf set to SYSTEM SHUTDOWN then taskman set this because of a pending\rshutdown. Taskman will clear this flag when restarted.", "type": "typed-literal"}, "number": "1", "flags": "S", "details": "Y:YES;N:NO;S:SYSTEM SHUTDOWN;", "type": "3", "location": "0;2"}, {"name": "link_access", "description": {"datatype": "http://www.w3.org/1999/02/22-rdf-syntax-ns#XMLLiteral", "fmType": "5", "fmId": "-1", "value": "Answer NO to tell TaskMan that this volume set cannot be accessed by\rother volume sets using the local network links.\r \rTasks that request a volume set without link access are rejected by\rTaskMan.  Such volume sets are usually PC workstations linked into the\rlarger network.  They can access the core computers, but cannot be accessed\rthemselves.", "type": "typed-literal"}, "number": "2", "flags": "*S", "details": "Y:YES;N:NO;", "type": "3", "location": "0;3"}, {"name": "out_of_service", "description": {"datatype": "http://www.w3.org/1999/02/22-rdf-syntax-ns#XMLLiteral", "fmType": "5", "fmId": "-1", "value": "Answer YES to temporarily prevent tasks from being sent to this volume set.\r \rWhile a volume set is out of service, tasks that would normally be sent\racross the local links to that volume set are either saved until the volume\rset is back in service, or sent to a replacement volume set if one is\rspecified.", "type": "typed-literal"}, "number": "3", "flags": "S", "details": "Y:YES;N:NO;", "type": "3", "location": "0;4"}, {"name": "required_volume_set", "description": {"datatype": "http://www.w3.org/1999/02/22-rdf-syntax-ns#XMLLiteral", "fmType": "5", "fmId": "-1", "value": "Answer YES if TaskMan cannot run without this volume set being accessible.\r \rIf a volume set serves the files that the rest of the system needs, it\rshould be a required volume set.  So long as a volume set is required, the\rnormal mechanisms of handling links that are out of service or dropped are\rbypassed for that volume set.  Instead, TaskMan waits until the link is\rrestored before processing any more tasks.", "type": "typed-literal"}, "number": "4", "flags": "*S", "details": "Y:YES;N:NO;", "type": "3", "location": "0;5"}, {"description": {"datatype": "http://www.w3.org/1999/02/22-rdf-syntax-ns#XMLLiteral", "fmType": "5", "fmId": "-1", "value": "Answer should be the uci that holds the ^%ZTSK and ^%ZTSCH globals.\rThat uci will usually be the library uci, which is usually the manager uci.\rAnswer should not contain a comma and volume set name--just the uci name.", "type": "typed-literal"}, "number": "5", "flags": "RF", "location": "0;6", "type": "4", "name": "taskman_files_uci"}, {"name": "taskman_files_volume_set", "description": {"datatype": "http://www.w3.org/1999/02/22-rdf-syntax-ns#XMLLiteral", "fmType": "5", "fmId": "-1", "value": "Answer should be the name of the volume set that holds ^%ZTSK and ^%ZTSCH.\rIf that is the current volume set, you may leave this field blank.\r \rThis field will usually be used for mounted volume sets that lack library\rucis of their own, and for VAX sites set up according to the VA cookbook.", "type": "typed-literal"}, "number": "6", "flags": "P14.5", "details": "14.5", "type": "7", "location": "0;7"}, {"name": "replacement_volume_set", "description": {"datatype": "http://www.w3.org/1999/02/22-rdf-syntax-ns#XMLLiteral", "fmType": "5", "fmId": "-1", "value": "Answer should be a volume set to which tasks can be sent if this\rvolume set is unavailable.\rIf tasks that need this volume set should wait, leave the field blank.\r \rA replacement volume set should be essentially equivalent in features to\rthe current one, since tasks that would normally run on this one will be\rrunning on that one instead.  For many volume sets, no other volume set is\requivalent, and tasks should wait for the link to be restored rather than\rrun elsewhere.", "type": "typed-literal"}, "number": "7", "flags": "P14.5", "details": "14.5", "type": "7", "location": "0;8"}, {"description": {"datatype": "http://www.w3.org/1999/02/22-rdf-syntax-ns#XMLLiteral", "fmType": "5", "fmId": "-1", "value": "Answer will be used by ZTMQCLEAN option to decide which tasks to delete.\r \rIf no answer is given, ZTMQCLEAN will keep the last seven days' tasks.", "type": "typed-literal"}, "number": "8", "flags": "NJ2,0", "location": "0;9", "type": "2", "name": "days_to_keep_old_tasks"}, {"name": "signon_production_volume_set", "description": {"datatype": "http://www.w3.org/1999/02/22-rdf-syntax-ns#XMLLiteral", "fmType": "5", "fmId": "-1", "value": "Enter Yes if this Volume Set has the following properties:\r 1. Users can sign-on into the Kernel Menu system or the RPC Broker Server\r    routine is running there.\r 2. Has a productions UCI which contains application routines.\r 3. The ^XTMP global is translated.\r\rIf you enter Yes the Kernel Installation and Distribution System will be able\rto move routines to this Volume Set.  The Kernel Menu system will be able to\rrun the Menu Microsurgery and keep menus updated.\r", "type": "typed-literal"}, "number": "9", "flags": "S", "details": "0:No;1:Yes;", "type": "3", "location": "0;11"}, {"description": {"datatype": "http://www.w3.org/1999/02/22-rdf-syntax-ns#XMLLiteral", "fmType": "5", "fmId": "-1", "value": "This field holds the number of times that a task to a HFS or SPOOL device \rwill be re-queued for a 5 minute delay before it is un-scheduled.\rThe routine XUTMHR does this work once an hour.  It will send an alert to\rthe user that queued the task.\rA value of 12 would be an hour and 288 would be a day.", "type": "typed-literal"}, "number": "10", "flags": "NJ5,0", "location": "0;12", "type": "2", "name": "requeues_before_unschedule"}], "fmql": {"TYPELABEL": "VOLUME SET", "TYPE": "14_5", "OP": "DESCRIBE TYPE"}, "number": "14.5", "location": "^%ZIS(14.5,", "name": "VOLUME SET"}