{"fields": [{"index": "B", "name": "drug_classifications", "description": {"datatype": "http://www.w3.org/1999/02/22-rdf-syntax-ns#XMLLiteral", "fmType": "5", "fmId": "-1", "value": "This field is a pointer to File 50.605, VA Drug Classification\rand is a classification of interest to clinicians.", "type": "typed-literal"}, "number": ".01", "flags": "MP50.605'", "location": "0;1", "type": "7", "details": "50.605"}, {"name": "print_on_assessment", "description": {"datatype": "http://www.w3.org/1999/02/22-rdf-syntax-ns#XMLLiteral", "fmType": "5", "fmId": "-1", "value": "If answer Yes and patient has a drug under this classification, \rinformation will be printed in the Nutrition report.", "type": "typed-literal"}, "number": "3", "flags": "S", "details": "Y:YES;N:NO;", "type": "3", "location": "0;3"}, {"name": "print_on_screening_profile", "description": {"datatype": "http://www.w3.org/1999/02/22-rdf-syntax-ns#XMLLiteral", "fmType": "5", "fmId": "-1", "value": "If set to YES and patient is taking this type of drug, it will be printed \rin Print Screening report.", "type": "typed-literal"}, "number": "4", "flags": "S", "details": "Y:YES;N:NO;", "type": "3", "location": "0;4"}, {"description": {"datatype": "http://www.w3.org/1999/02/22-rdf-syntax-ns#XMLLiteral", "fmType": "5", "fmId": "-1", "value": "This is a print order of a specific Drug Classification.", "type": "typed-literal"}, "number": "5", "flags": "NJ3,0", "location": "0;5", "type": "2", "name": "print_order"}, {"name": "create_alert", "description": {"datatype": "http://www.w3.org/1999/02/22-rdf-syntax-ns#XMLLiteral", "fmType": "5", "fmId": "-1", "value": "If set to YES, alert will be created for patient that is taking \rmedication with this type of Drug.", "type": "typed-literal"}, "number": "6", "flags": "S", "details": "Y:YES;N:NO;", "type": "3", "location": "0;6"}], "fmql": {"TYPELABEL": "DRUG CLASSIFICATIONS", "TYPE": "119_985", "OP": "DESCRIBE TYPE"}, "name": "DRUG CLASSIFICATIONS", "parent": "119.9", "number": "119.985"}