{"fields": [{"index": "B", "name": "isolation_order", "description": {"datatype": "http://www.w3.org/1999/02/22-rdf-syntax-ns#XMLLiteral", "fmType": "5", "fmId": "-1", "value": "The orderable item that is used at your facility for isolation purposes.", "type": "typed-literal"}, "number": ".01", "flags": "MRP101.43'", "location": "0;1", "type": "7", "details": "101.43"}, {"name": "expanded_precaution_type", "description": {"datatype": "http://www.w3.org/1999/02/22-rdf-syntax-ns#XMLLiteral", "fmType": "5", "fmId": "-1", "value": "The expanded precaution type this order is used for.", "type": "typed-literal"}, "number": "1", "flags": "S", "details": "1:CONTACT PRECAUTIONS;2:CONTACT PRECAUTIONS SPECIAL;3:AIRBORNE INFECTION;4:DROPLET;5:PROTECTIVE ENVIRONMENT;6:ISOLATION ORDER;", "type": "3", "location": "0;2"}], "fmql": {"TYPELABEL": "ISOLATION ORDERS", "TYPE": "104_05", "OP": "DESCRIBE TYPE"}, "name": "ISOLATION ORDERS", "parent": "104", "number": "104.05"}