{"fields": [{"index": "B", "name": "label_printers", "description": {"datatype": "http://www.w3.org/1999/02/22-rdf-syntax-ns#XMLLiteral", "fmType": "5", "fmId": "-1", "value": "This field is a pointer to the Device File and indicates a printer used\rfor printing diet labels, tubefeeding labels, supplemental feeding labels\ror other labels.", "type": "typed-literal"}, "number": ".01", "flags": "MP3.5'X", "location": "0;1", "type": "7", "details": "3.5"}, {"name": "size_of_labels", "description": {"datatype": "http://www.w3.org/1999/02/22-rdf-syntax-ns#XMLLiteral", "fmType": "5", "fmId": "-1", "value": "This field indicates the size and type of label stock on the printer.\rYou may choose from the following selections:\r\r1)  3-1/2 x 15/16 - Single strip track-fed labels.\r2)  4 x 1-7/16    - Single strip track-fed labels.\r3)  2-5/8 x 1 - Laser label sheets, ie AVERY 5160, 30 labels per sheet.\r4)  4 x 1-1/3 - Laser label sheets, ie AVERY 5162, 14 labels per sheet.", "type": "typed-literal"}, "number": "1", "flags": "S", "details": "1:3-1/2 x 15/16 (Single strip labels);2:4 x 1-7/16 (Single strip labels);3:2-5/8 x 1 (Laser labels - 30 labels per sheet);4:4 x 1-1/3 (Laser labels - 14 labels per sheet);", "type": "3", "location": "0;2"}], "fmql": {"TYPELABEL": "LABEL PRINTERS", "TYPE": "119_93", "OP": "DESCRIBE TYPE"}, "name": "LABEL PRINTERS", "parent": "119.9", "number": "119.93"}