{"fields": [{"name": "prin_associated_diagnosis", "description": {"datatype": "http://www.w3.org/1999/02/22-rdf-syntax-ns#XMLLiteral", "fmType": "5", "fmId": "-1", "value": "This is a diagnosis associated with the principal procedure. ", "type": "typed-literal"}, "number": ".01", "flags": "MP80'", "details": "80", "type": "7", "location": "0;1"}], "fmql": {"TYPELABEL": "PRIN ASSOCIATED DIAGNOSES", "TYPE": "136_02", "OP": "DESCRIBE TYPE"}, "name": "PRIN ASSOCIATED DIAGNOSES", "parent": "136", "number": "136.02"}