{"count": "0", "description": {"datatype": "http://www.w3.org/1999/02/22-rdf-syntax-ns#XMLLiteral", "fmType": "5", "fmId": "-1", "value": "This file is a list of Service Points and associated parameters.\rA Service Point is a tray assembly line or cafeteria where bulk\rfood from a Production Facility is served.", "type": "typed-literal"}, "fields": [{"index": "B", "name": "name", "number": ".01", "flags": "RF", "location": "0;1", "type": "4", "description": {"datatype": "http://www.w3.org/1999/02/22-rdf-syntax-ns#XMLLiteral", "fmType": "5", "fmId": "-1", "value": "This is the name of the Service Point. It is either a tray assembly\rline or a cafeteria. It provides food to a group of wards.", "type": "typed-literal"}}, {"index": "C", "name": "short_name", "number": ".5", "flags": "RF", "location": "0;4", "type": "4", "description": {"datatype": "http://www.w3.org/1999/02/22-rdf-syntax-ns#XMLLiteral", "fmType": "5", "fmId": "-1", "value": "This is a 6-character short-name to be used on various production\rreports.", "type": "typed-literal"}}, {"name": "type", "description": {"datatype": "http://www.w3.org/1999/02/22-rdf-syntax-ns#XMLLiteral", "fmType": "5", "fmId": "-1", "value": "This indicates whether the Service Point is a Tray assembly point or\ra Cafeteria.", "type": "typed-literal"}, "number": "1", "flags": "RS", "details": "C:CAFETERIA;T:TRAY LINE;", "type": "3", "location": "0;2"}, {"name": "production_facility", "description": {"datatype": "http://www.w3.org/1999/02/22-rdf-syntax-ns#XMLLiteral", "fmType": "5", "fmId": "-1", "value": "This field indicates the Production Facility responsible for preparing\rthe food served by this Service Point.", "type": "typed-literal"}, "number": "2", "flags": "RP119.71'", "details": "119.71", "type": "7", "location": "0;3"}, {"name": "additional_meals", "description": {"datatype": "http://www.w3.org/1999/02/22-rdf-syntax-ns#XMLLiteral", "fmType": "5", "fmId": "-1", "value": "This multiple represents the number of additional meals, over\rand above the forecast or inpatient census, which are to be\rproduced for each meal for each day of the week.", "type": "typed-literal"}, "number": "10", "flags": "119.721P", "details": "119.721", "type": "9", "location": "B;0"}, {"name": "production_diet_percentage", "description": {"datatype": "http://www.w3.org/1999/02/22-rdf-syntax-ns#XMLLiteral", "fmType": "5", "fmId": "-1", "value": "This multiple contains the percentage of the total census\rrepresented by each production diet for each day of the\rweek.", "type": "typed-literal"}, "number": "11", "flags": "119.7211P", "details": "119.7211", "type": "9", "location": "A;0"}, {"name": "inactive", "description": {"datatype": "http://www.w3.org/1999/02/22-rdf-syntax-ns#XMLLiteral", "fmType": "5", "fmId": "-1", "value": "This field, if answered YES, will prohibit\rfurther selection of this entry.", "type": "typed-literal"}, "number": "99", "flags": "S", "details": "Y:YES;N:NO;", "type": "3", "location": "I;1"}, {"name": "census_date", "description": {"datatype": "http://www.w3.org/1999/02/22-rdf-syntax-ns#XMLLiteral", "fmType": "5", "fmId": "-1", "value": "This field contains the date for which various census forecast data\ris available.", "type": "typed-literal"}, "number": "200", "flags": "119.722DA", "details": "119.722", "type": "9", "location": "C;0"}], "fmql": {"TYPELABEL": "SERVICE POINT", "TYPE": "119_72", "OP": "DESCRIBE TYPE"}, "number": "119.72", "location": "^FH(119.72,", "name": "SERVICE POINT"}