{"fields": [{"description": {"datatype": "http://www.w3.org/1999/02/22-rdf-syntax-ns#XMLLiteral", "fmType": "5", "fmId": "-1", "value": "This is the blood product required during this operative procedure.\rMore than one type of blood product may be ordered for a procedure.\r ", "type": "typed-literal"}, "number": ".01", "flags": "MFX", "location": "0;1", "type": "4", "name": "req_blood_kind"}, {"description": {"datatype": "http://www.w3.org/1999/02/22-rdf-syntax-ns#XMLLiteral", "fmType": "5", "fmId": "-1", "value": "This is the number of units of this blood product type estimated to\rbe required for this procedure.\r ", "type": "typed-literal"}, "number": "1", "flags": "NJ3,0", "location": "0;2", "type": "2", "name": "units_req"}, {"name": "screen_crossmatch_autologous", "description": {"datatype": "http://www.w3.org/1999/02/22-rdf-syntax-ns#XMLLiteral", "fmType": "5", "fmId": "-1", "value": "This indicates whether the blood product is screened, crossmatched, or\rautologous.\r ", "type": "typed-literal"}, "number": "2", "flags": "S", "details": "C:CROSSMATCH;S:SCREEN;A:AUTOLOGOUS;", "type": "3", "location": "0;3"}, {"description": {"datatype": "http://www.w3.org/1999/02/22-rdf-syntax-ns#XMLLiteral", "fmType": "5", "fmId": "-1", "value": "This indicates why the standard unit of this blood product was not used.\r ", "type": "typed-literal"}, "number": "3", "flags": "130.27", "location": "1;0", "type": "5", "name": "reason_not_use_std"}], "fmql": {"TYPELABEL": "REQ BLOOD KIND", "TYPE": "130_14", "OP": "DESCRIBE TYPE"}, "name": "REQ BLOOD KIND", "parent": "130", "number": "130.14"}