{"fields": [{"index": "B", "name": "iv_start_date_time", "number": ".01", "flags": "RDX", "location": "0;1", "type": "1", "description": {"datatype": "http://www.w3.org/1999/02/22-rdf-syntax-ns#XMLLiteral", "fmType": "5", "fmId": "-1", "value": "This field contains the DATE and TIME this IV solution was added or hung.", "type": "typed-literal"}}, {"description": {"datatype": "http://www.w3.org/1999/02/22-rdf-syntax-ns#XMLLiteral", "fmType": "5", "fmId": "-1", "value": "This field contains the IV's location such as LEFT HAND, RIGHT HAND and LEFT\rARM, etc.  The user is allowed to select from the IV SITE file (#126.7) by\rentering a number or a combination of numbers.  The software then transforms\rthe number(s) into text.", "type": "typed-literal"}, "number": "1", "flags": "RFX", "location": "0;2", "type": "4", "name": "infusion_site"}, {"description": {"datatype": "http://www.w3.org/1999/02/22-rdf-syntax-ns#XMLLiteral", "fmType": "5", "fmId": "-1", "value": "This field contains the name of the IV solution or heparin/saline lock.  \rThe user can select the active IV orders for this patient from the PHARMACY\rPATIENT file (#55) or from the NUR IV SOLUTION file (#126.9).  If the user\rselects a heparin/saline lock, the software inserts the data into the IV\rrecord.", "type": "typed-literal"}, "number": "2", "flags": "RF", "location": "0;3", "type": "4", "name": "solution"}, {"name": "type_of_iv", "description": {"datatype": "http://www.w3.org/1999/02/22-rdf-syntax-ns#XMLLiteral", "fmType": "5", "fmId": "-1", "value": "This field describes the type of IV: 'H' for hyperal, 'P' for piggyback, \r'A' for admixture, 'B' for blood/blood product, 'I' for intralipid, and\r'L' for heparin/saline lock.", "type": "typed-literal"}, "number": "3", "flags": "RS", "details": "A:ADMIXTURE;P:PIGGYBACK;H:HYPERAL;B:BLOOD/BLOOD PRODUCTS;I:INTRALIPIDS;L:HEPARIN/SALINE LOCK;", "type": "3", "location": "0;4"}, {"description": {"datatype": "http://www.w3.org/1999/02/22-rdf-syntax-ns#XMLLiteral", "fmType": "5", "fmId": "-1", "value": "This field identifies the total amount of solution in milliliters (ml) \rin the IV container.", "type": "typed-literal"}, "number": "4", "flags": "RF", "location": "0;5", "type": "4", "name": "volume"}, {"description": {"datatype": "http://www.w3.org/1999/02/22-rdf-syntax-ns#XMLLiteral", "fmType": "5", "fmId": "-1", "value": "This field stores the name and size of the IV catheter(s).", "type": "typed-literal"}, "number": "5", "flags": "F", "location": "0;6", "type": "4", "name": "iv_catheter_type_size"}, {"name": "iv_started_by", "description": {"datatype": "http://www.w3.org/1999/02/22-rdf-syntax-ns#XMLLiteral", "fmType": "5", "fmId": "-1", "value": "This field holds the name of the user who entered the data.  Pointer to the\rNEW PERSON file (#200).", "type": "typed-literal"}, "number": "6", "flags": "RP200'", "details": "200", "type": "7", "location": "0;7"}, {"name": "hospital_location", "description": {"datatype": "http://www.w3.org/1999/02/22-rdf-syntax-ns#XMLLiteral", "fmType": "5", "fmId": "-1", "value": "This field identifies the hospital location of the patient.  Pointer to the\rHospital Location file (#44).", "type": "typed-literal"}, "number": "7", "flags": "R*P44'", "details": "44", "type": "7", "location": "0;8"}, {"description": {"datatype": "http://www.w3.org/1999/02/22-rdf-syntax-ns#XMLLiteral", "fmType": "5", "fmId": "-1", "value": "This field holds the DATE/TIME when the IV was discontinued.", "type": "typed-literal"}, "number": "8", "flags": "DX", "location": "0;9", "type": "1", "name": "date_time_dced"}, {"name": "dced_by", "description": {"datatype": "http://www.w3.org/1999/02/22-rdf-syntax-ns#XMLLiteral", "fmType": "5", "fmId": "-1", "value": "This field stores the name of the person who removes the IV from the\rpatient.  Pointer to NEW PERSON file (#200).", "type": "typed-literal"}, "number": "9", "flags": "P200'", "details": "200", "type": "7", "location": "0;10"}, {"description": {"datatype": "http://www.w3.org/1999/02/22-rdf-syntax-ns#XMLLiteral", "fmType": "5", "fmId": "-1", "value": "This field identifies the reason for discontinuing the IV infusion.\rText from IV DC'ED REASON file (#126.76).", "type": "typed-literal"}, "number": "10", "flags": "F", "location": "0;11", "type": "4", "name": "reason_for_dc"}, {"description": {"datatype": "http://www.w3.org/1999/02/22-rdf-syntax-ns#XMLLiteral", "fmType": "5", "fmId": "-1", "value": "This field contains the rate at which the infusion is to take place.\rExample: 125 = 125 ml/hr.", "type": "typed-literal"}, "number": "11", "flags": "NJ3,0", "location": "0;12", "type": "2", "name": "infusion_rate"}, {"description": {"datatype": "http://www.w3.org/1999/02/22-rdf-syntax-ns#XMLLiteral", "fmType": "5", "fmId": "-1", "value": "This field stores the date/time when a discontinued IV is restarted.", "type": "typed-literal"}, "number": "12", "flags": "D", "location": "1;1", "type": "1", "name": "restart_date_time"}, {"name": "iv_intake", "description": {"datatype": "http://www.w3.org/1999/02/22-rdf-syntax-ns#XMLLiteral", "fmType": "5", "fmId": "-1", "value": "This multiple contains the parenteral IV fluid intake records for this\rpatient.  NO FUTURE DATE/TIME ALLOWED !!!", "type": "typed-literal"}, "number": "13", "flags": "126.313DA", "details": "126.313", "type": "9", "location": "IN;0"}, {"description": {"datatype": "http://www.w3.org/1999/02/22-rdf-syntax-ns#XMLLiteral", "fmType": "5", "fmId": "-1", "value": "This field stores the new IEN for this IV fluid if it is discontinued\rbefore infused.", "type": "typed-literal"}, "number": "14", "flags": "NJ6,0", "location": "1;2", "type": "2", "name": "restarted_iv"}, {"type": "6", "description": {"datatype": "http://www.w3.org/1999/02/22-rdf-syntax-ns#XMLLiteral", "fmType": "5", "fmId": "-1", "value": "This computed field sets the IV LINE # to the D1 value.", "type": "typed-literal"}, "flags": "CJ8,0", "number": "15", "name": "iv_line_"}, {"name": "d_t_titer_adjusted", "description": {"datatype": "http://www.w3.org/1999/02/22-rdf-syntax-ns#XMLLiteral", "fmType": "5", "fmId": "-1", "value": "This field documents the date/time when the rate of intravenous infusion\ris adjusted.", "type": "typed-literal"}, "number": "16", "flags": "126.316DA", "details": "126.316", "type": "9", "location": "TITR;0"}, {"description": {"datatype": "http://www.w3.org/1999/02/22-rdf-syntax-ns#XMLLiteral", "fmType": "5", "fmId": "-1", "value": "This field contains the name of the lumen associated with the IV catheter\rfor this IV line.", "type": "typed-literal"}, "number": "17", "flags": "F", "location": "3;1", "type": "4", "name": "port"}], "fmql": {"TYPELABEL": "IV", "TYPE": "126_03", "OP": "DESCRIBE TYPE"}, "name": "IV", "parent": "126", "number": "126.03"}