{"count": "0", "description": {"datatype": "http://www.w3.org/1999/02/22-rdf-syntax-ns#XMLLiteral", "fmType": "5", "fmId": "-1", "value": "Various site configurable parameters for the Text Generator package.", "type": "typed-literal"}, "fields": [{"index": "B", "name": "name", "number": ".01", "flags": "RFX", "location": "0;1", "type": "4", "description": {"datatype": "http://www.w3.org/1999/02/22-rdf-syntax-ns#XMLLiteral", "fmType": "5", "fmId": "-1", "value": "The entry in this field can only be 'HOSPITAL', and there can only be one\rentry in this file.", "type": "typed-literal"}}, {"name": "package_parameters", "description": {"datatype": "http://www.w3.org/1999/02/22-rdf-syntax-ns#XMLLiteral", "fmType": "5", "fmId": "-1", "value": "Package configurable parts of the GMRG package.", "type": "typed-literal"}, "number": "1", "flags": "124.11", "details": "124.11", "type": "9", "location": "1;0"}, {"description": {"datatype": "http://www.w3.org/1999/02/22-rdf-syntax-ns#XMLLiteral", "fmType": "5", "fmId": "-1", "value": "If there is data in this field, it contains the task number of the job\rcurrently running the GMR Text file purge.", "type": "typed-literal"}, "number": "2", "flags": "NJ7,0", "location": "PURGE;1", "type": "2", "name": "gmr_text_file_purge_task"}], "fmql": {"TYPELABEL": "GMRG PARAMETERS", "TYPE": "124_1", "OP": "DESCRIBE TYPE"}, "number": "124.1", "location": "^GMRD(124.1,", "name": "GMRG PARAMETERS"}