{"count": "0", "description": {"datatype": "http://www.w3.org/1999/02/22-rdf-syntax-ns#XMLLiteral", "fmType": "5", "fmId": "-1", "value": "This is the local registry file for SCD.  It contains the main data\rfor a SCD patient.  Once a patient is entered in this file, the\rpatient can not be removed.  This file points to the patient file \rbecause a patient must exist in the patient file in order for an entry \rto be made in this file.  The IEN for a patient in this file will be \rthe same as the IEN in the patient file because the pointer number \ris used as the IEN in the this file.", "type": "typed-literal"}, "fields": [{"index": "B", "name": "patient", "description": {"datatype": "http://www.w3.org/1999/02/22-rdf-syntax-ns#XMLLiteral", "fmType": "5", "fmId": "-1", "value": "This field points to the Patient file. A patient must exist in the\rpatient file before an entry can be made in this file.", "type": "typed-literal"}, "number": ".01", "flags": "R*P2'X", "location": "0;1", "type": "7", "details": "2"}, {"index": "C", "name": "registration_date", "number": ".02", "flags": "D", "location": "0;2", "type": "1", "description": {"datatype": "http://www.w3.org/1999/02/22-rdf-syntax-ns#XMLLiteral", "fmType": "5", "fmId": "-1", "value": "This date is automatically entered when a patient is added to this file.\rThis field may not be changed.", "type": "typed-literal"}}, {"index": "AD", "name": "registration_status", "description": {"datatype": "http://www.w3.org/1999/02/22-rdf-syntax-ns#XMLLiteral", "fmType": "5", "fmId": "-1", "value": "SCD - CURRENTLY SERVED designates a patient to be a true SCD patient who\ris seen at the facility on a continuing basis.  SCD - NOT CURRENTLY SERVED\rdesignates a patient to be a true SCD patient who is not being seen at the\rfacility on a continuing basis.  NOT SCD designates a patient who is not a\rtrue SCD patient.", "type": "typed-literal"}, "number": ".03", "flags": "RS", "location": "0;3", "type": "3", "details": "0:NOT SCD;1:SCD - CURRENTLY SERVED;2:SCD - NOT CURRENTLY SERVED;X:EXPIRED;"}, {"description": {"datatype": "http://www.w3.org/1999/02/22-rdf-syntax-ns#XMLLiteral", "fmType": "5", "fmId": "-1", "value": "This is the date this file was last edited.", "type": "typed-literal"}, "number": ".05", "flags": "D", "location": "0;5", "type": "1", "name": "date_of_last_review"}, {"name": "last_updated_by", "description": {"datatype": "http://www.w3.org/1999/02/22-rdf-syntax-ns#XMLLiteral", "fmType": "5", "fmId": "-1", "value": "This field contains the name of the last user to edit this record.  This\rfield is automatically updated whenever an edit is performed.", "type": "typed-literal"}, "number": ".06", "flags": "P200'", "details": "200", "type": "7", "location": "0;6"}, {"name": "sci_network", "description": {"datatype": "http://www.w3.org/1999/02/22-rdf-syntax-ns#XMLLiteral", "fmType": "5", "fmId": "-1", "value": "When SCI NETWORK is Yes, the patient is (or was, if expired) being\rclinically treated and followed for an SCD condition within the SCI Hub\rand Spoke system and is either being offered or referred for annual rehab\revaluations.", "type": "typed-literal"}, "number": "1.1", "flags": "S", "details": "1:YES;0:NO;", "type": "3", "location": "1;1"}, {"name": "sci_level", "description": {"datatype": "http://www.w3.org/1999/02/22-rdf-syntax-ns#XMLLiteral", "fmType": "5", "fmId": "-1", "value": "This is a pointer to the SCD NLOI Category file.", "type": "typed-literal"}, "number": "2.1", "flags": "P154.01'X", "details": "154.01", "type": "7", "location": "2;1"}, {"name": "ms_subtype", "description": {"datatype": "http://www.w3.org/1999/02/22-rdf-syntax-ns#XMLLiteral", "fmType": "5", "fmId": "-1", "value": "MS Subtype field.", "type": "typed-literal"}, "number": "2.2", "flags": "S", "details": "UN:UNKNOWN;RR:RELAPSING-REMITTING;PP:PRIMARY PROGRESSIVE;SP:SECONDARY PROGRESSIVE;PR:PROGRESSIVE RELAPSING;", "type": "3", "location": "2;2"}, {"description": {"datatype": "http://www.w3.org/1999/02/22-rdf-syntax-ns#XMLLiteral", "fmType": "5", "fmId": "-1", "value": "If the cause of injury is listed as 'other', you may enter a description\rof the cause here.", "type": "typed-literal"}, "number": "2.4", "flags": "F", "location": "2;4", "type": "4", "name": "describe_cause_other"}, {"description": {"datatype": "http://www.w3.org/1999/02/22-rdf-syntax-ns#XMLLiteral", "fmType": "5", "fmId": "-1", "value": "If other body part affected is answered 'yes', you may enter a description\rof the part of the body affected here.", "type": "typed-literal"}, "number": "2.5", "flags": "F", "location": "2;5", "type": "4", "name": "describe_other_body_part"}, {"name": "va_sci_status", "description": {"datatype": "http://www.w3.org/1999/02/22-rdf-syntax-ns#XMLLiteral", "fmType": "5", "fmId": "-1", "value": "This field is used to describe the patient's level and type of injury.", "type": "typed-literal"}, "number": "2.6", "flags": "S", "details": "1:PARAPLEGIA-TRAUMATIC;2:QUADRIPLEGIA-TRAUMATIC;3:PARAPLEGIA-NONTRAUMATIC;4:QUADRIPLEGIA-NONTRAUMATIC;X:NOT APPLICABLE;", "type": "3", "location": "2;6"}, {"name": "received_most_medical_care", "description": {"datatype": "http://www.w3.org/1999/02/22-rdf-syntax-ns#XMLLiteral", "fmType": "5", "fmId": "-1", "value": "Where does the patient receive most of his medical care?\rIs most of the care at a VA or Non-VA facility?", "type": "typed-literal"}, "number": "3.1", "flags": "S", "details": "1:VA ONLY;2:MOSTLY VA/SOME NON-VA;3:HALF VA/HALF NON-VA;4:SOME VA/MOSTLY NON-VA;5:NON-VA ONLY;6:DID NOT SEE DOCTOR/NURSE LAST 5 YRS;", "type": "3", "location": "3;1"}, {"name": "primary_care_vamc", "description": {"datatype": "http://www.w3.org/1999/02/22-rdf-syntax-ns#XMLLiteral", "fmType": "5", "fmId": "-1", "value": "Where does the patient receive most of his medical care?", "type": "typed-literal"}, "number": "3.2", "flags": "P4'", "details": "4", "type": "7", "location": "3;2"}, {"name": "annual_rehab_vamc", "description": {"datatype": "http://www.w3.org/1999/02/22-rdf-syntax-ns#XMLLiteral", "fmType": "5", "fmId": "-1", "value": "At what facility did the patient receive his annual rehab eval?", "type": "typed-literal"}, "number": "3.3", "flags": "P4'", "details": "4", "type": "7", "location": "3;3"}, {"name": "additional_care_vamc", "description": {"datatype": "http://www.w3.org/1999/02/22-rdf-syntax-ns#XMLLiteral", "fmType": "5", "fmId": "-1", "value": "Where did the patient receive additional care?", "type": "typed-literal"}, "number": "3.4", "flags": "P4'", "details": "4", "type": "7", "location": "3;4"}, {"description": {"datatype": "http://www.w3.org/1999/02/22-rdf-syntax-ns#XMLLiteral", "fmType": "5", "fmId": "-1", "value": "The Non-VA site that gave the patient care.", "type": "typed-literal"}, "number": "3.5", "flags": "F", "location": "3;5", "type": "4", "name": "nonva_care"}, {"name": "etiology", "number": "4", "flags": "154.004P", "details": "154.004", "type": "9", "location": "E;0"}, {"name": "cause_of_injury", "description": {"datatype": "http://www.w3.org/1999/02/22-rdf-syntax-ns#XMLLiteral", "fmType": "5", "fmId": "-1", "value": "If the patient has a spinal cord injury, enter the patient's cause of\rinjury.", "type": "typed-literal"}, "number": "5.01", "flags": "*P154.03'", "details": "154.03", "type": "7", "location": "5;1"}, {"name": "had_brain_injury", "description": {"datatype": "http://www.w3.org/1999/02/22-rdf-syntax-ns#XMLLiteral", "fmType": "5", "fmId": "-1", "value": "If the patient had a spinal cord injury, did he also have a head injury at\rthe same time?", "type": "typed-literal"}, "number": "5.02", "flags": "S", "details": "0:NO;1:YES;", "type": "3", "location": "5;2"}, {"name": "had_amputation", "description": {"datatype": "http://www.w3.org/1999/02/22-rdf-syntax-ns#XMLLiteral", "fmType": "5", "fmId": "-1", "value": "Has the patient ever had an amputation.", "type": "typed-literal"}, "number": "5.03", "flags": "S", "details": "0:NO;1:YES;", "type": "3", "location": "5;3"}, {"name": "memory_thinking_affected", "description": {"datatype": "http://www.w3.org/1999/02/22-rdf-syntax-ns#XMLLiteral", "fmType": "5", "fmId": "-1", "value": "Spinal cord injury or disease can affect different areas of the body.\rAnswer yes if the patient's memory/thinking are affected.", "type": "typed-literal"}, "number": "5.04", "flags": "S", "details": "0:NO;1:YES;", "type": "3", "location": "5;4"}, {"name": "eyes_affected", "description": {"datatype": "http://www.w3.org/1999/02/22-rdf-syntax-ns#XMLLiteral", "fmType": "5", "fmId": "-1", "value": "Spinal cord injury or disease can affect different areas of the body.\rAnswer yes if the patient's eyes are affected.", "type": "typed-literal"}, "number": "5.05", "flags": "S", "details": "0:NO;1:YES;", "type": "3", "location": "5;5"}, {"name": "one_arm_affected", "description": {"datatype": "http://www.w3.org/1999/02/22-rdf-syntax-ns#XMLLiteral", "fmType": "5", "fmId": "-1", "value": "Spinal cord injury or disease can affect different areas of the body.\rAnswer yes if one of the patient's arms is affected.", "type": "typed-literal"}, "number": "5.06", "flags": "S", "details": "0:NO;1:YES;", "type": "3", "location": "5;6"}, {"name": "one_leg_affected", "description": {"datatype": "http://www.w3.org/1999/02/22-rdf-syntax-ns#XMLLiteral", "fmType": "5", "fmId": "-1", "value": "Spinal cord injury or disease can affect different areas of the body.\rAnswer yes if one of the patient's legs is affected.            ", "type": "typed-literal"}, "number": "5.07", "flags": "S", "details": "0:NO;1:YES;", "type": "3", "location": "5;7"}, {"name": "both_arms_affected", "description": {"datatype": "http://www.w3.org/1999/02/22-rdf-syntax-ns#XMLLiteral", "fmType": "5", "fmId": "-1", "value": "Spinal cord injury or disease can affect different areas of the body.\rAnswer yes if both of the patient's arms are affected.            ", "type": "typed-literal"}, "number": "5.08", "flags": "S", "details": "0:NO;1:YES;", "type": "3", "location": "5;8"}, {"name": "both_legs_affected", "description": {"datatype": "http://www.w3.org/1999/02/22-rdf-syntax-ns#XMLLiteral", "fmType": "5", "fmId": "-1", "value": "Spinal cord injury or disease can affect different areas of the body.\rAnswer yes if both of the patient's legs are affected.            ", "type": "typed-literal"}, "number": "5.09", "flags": "S", "details": "0:NO;1:YES;", "type": "3", "location": "5;9"}, {"name": "other_body_part_affected", "description": {"datatype": "http://www.w3.org/1999/02/22-rdf-syntax-ns#XMLLiteral", "fmType": "5", "fmId": "-1", "value": "Spinal cord injury or disease can affect different areas of the body.\rAnswer yes if another part of the patient's body is affected.  If you\ranswer yes, a free text description may be entered.", "type": "typed-literal"}, "number": "5.1", "flags": "S", "details": "0:NO;1:YES;", "type": "3", "location": "5;10"}, {"name": "extent_of_movement", "description": {"datatype": "http://www.w3.org/1999/02/22-rdf-syntax-ns#XMLLiteral", "fmType": "5", "fmId": "-1", "value": "Sometimes spinal cord injury or disease causes loss of movement in the\rarms or legs.  If the patient has any loss of movement in the body part\raffected, enter it here.", "type": "typed-literal"}, "number": "5.11", "flags": "S", "details": "1:FULL USEFUL MOVEMENT;2:SOME USEFUL MOVEMENT;3:NO USEFUL MOVEMENT;", "type": "3", "location": "5;11"}, {"name": "extent_of_feeling", "description": {"datatype": "http://www.w3.org/1999/02/22-rdf-syntax-ns#XMLLiteral", "fmType": "5", "fmId": "-1", "value": "Sometimes spinal cord injury or disease causes loss of feeling in the\rarms or legs.  If the patient has any loss of feeling in the body parts\raffected, enter it here.", "type": "typed-literal"}, "number": "5.12", "flags": "S", "details": "1:FULL FEELING;2:SOME FEELING;3:NO FEELING;", "type": "3", "location": "5;12"}, {"name": "bowel_affected", "number": "5.13", "flags": "S", "details": "0:NO;1:YES;", "type": "3", "location": "5;13"}, {"name": "bladder_affected", "number": "5.14", "flags": "S", "details": "0:NO;1:YES;", "type": "3", "location": "5;14"}, {"name": "extent_of_sci", "description": {"datatype": "http://www.w3.org/1999/02/22-rdf-syntax-ns#XMLLiteral", "fmType": "5", "fmId": "-1", "value": "C (complete) means that the neurological level of injury is complete and I\r(incomplete) means that the neurological level of injury is not complete.", "type": "typed-literal"}, "number": "6.09", "flags": "S", "details": "C:COMPLETE;I:INCOMPLETE;", "type": "3", "location": "6;9"}, {"name": "annual_rehab_eval_offered", "number": "7", "flags": "154.07D", "details": "154.07", "type": "9", "location": "REHAB;0"}, {"name": "primary_care_provider", "description": {"datatype": "http://www.w3.org/1999/02/22-rdf-syntax-ns#XMLLiteral", "fmType": "5", "fmId": "-1", "value": "ENTER THE VA PRIMARY CARE PROVIDER FOR THIS PATIENT.", "type": "typed-literal"}, "number": "8.1", "flags": "P200'", "details": "200", "type": "7", "location": "CARE;1"}, {"name": "sci_scd_coordinator", "description": {"datatype": "http://www.w3.org/1999/02/22-rdf-syntax-ns#XMLLiteral", "fmType": "5", "fmId": "-1", "value": "Enter the SCD-Registry Coordinator at your site.", "type": "typed-literal"}, "number": "8.2", "flags": "P200'", "details": "200", "type": "7", "location": "CARE;2"}, {"name": "referral_source", "number": "8.3", "flags": "S", "details": "1:OTHER VA;2:COMMUNITY HOSPITAL;3:NURSING HOME;4:PVA;5:SELF;6:DEPARTMENT OF DEFENSE;7:NON-VA CARE;8:OTHER;", "type": "3", "location": "CARE;3"}, {"name": "referral_va", "description": {"datatype": "http://www.w3.org/1999/02/22-rdf-syntax-ns#XMLLiteral", "fmType": "5", "fmId": "-1", "value": "Enter the referring VA Medical Center.", "type": "typed-literal"}, "number": "8.4", "flags": "P4'", "details": "4", "type": "7", "location": "CARE;4"}, {"name": "initial_rehab_site", "number": "8.6", "flags": "S", "details": "1:COMMUNITY HOSPITAL;2:VA FACILITY WITH SCI CENTER;3:VA FACILITY WITHOUT SCI CENTER;4:OTHER;", "type": "3", "location": "CARE;6"}, {"description": {"datatype": "http://www.w3.org/1999/02/22-rdf-syntax-ns#XMLLiteral", "fmType": "5", "fmId": "-1", "value": "Enter the date that the patient was discharged from the inital rehab center.", "type": "typed-literal"}, "number": "8.8", "flags": "D", "location": "CARE;8", "type": "1", "name": "init_rehab_discharge_date"}, {"name": "bowel_care_reimbursment", "description": {"datatype": "http://www.w3.org/1999/02/22-rdf-syntax-ns#XMLLiteral", "fmType": "5", "fmId": "-1", "value": "Is patient in Bowel Care Reimbursment program.", "type": "typed-literal"}, "number": "10.1", "flags": "S", "details": "1:YES;0:NO;", "type": "3", "location": "BCR;1"}, {"description": {"datatype": "http://www.w3.org/1999/02/22-rdf-syntax-ns#XMLLiteral", "fmType": "5", "fmId": "-1", "value": "Enter the date of Bowel Care Reimbursment Certification. ", "type": "typed-literal"}, "number": "10.2", "flags": "D", "location": "BCR;2", "type": "1", "name": "bcr_date_certified"}, {"description": {"datatype": "http://www.w3.org/1999/02/22-rdf-syntax-ns#XMLLiteral", "fmType": "5", "fmId": "-1", "value": "Enter the certified provider Bowel Care Reimbursment.", "type": "typed-literal"}, "number": "10.3", "flags": "F", "location": "BCR;3", "type": "4", "name": "bcr_provider"}, {"type": "4", "location": "REM;1", "flags": "F", "number": "11", "name": "remarks"}, {"name": "division", "number": "12", "flags": "154.012PA", "details": "154.012", "type": "9", "location": "4;0"}, {"type": "6", "description": {"datatype": "http://www.w3.org/1999/02/22-rdf-syntax-ns#XMLLiteral", "fmType": "5", "fmId": "-1", "value": "This is the patient's SSN from the Patient file (#2).", "type": "typed-literal"}, "flags": "CJ10", "number": "999.01", "name": "ssn"}, {"type": "1", "description": {"datatype": "http://www.w3.org/1999/02/22-rdf-syntax-ns#XMLLiteral", "fmType": "5", "fmId": "-1", "value": "This is the patient's date of birth from the Patient file (#2).", "type": "typed-literal"}, "flags": "DC", "number": "999.02", "name": "dob"}, {"type": "6", "flags": "CJ3", "number": "999.025", "name": "age"}, {"type": "6", "description": {"datatype": "http://www.w3.org/1999/02/22-rdf-syntax-ns#XMLLiteral", "fmType": "5", "fmId": "-1", "value": "The 'Loss of Movement' and 'Loss of Feeling' fields are used to compute\rthe patient's Completeness of Injury.  The possible values for this field\rare shown below.\r \r DON'T KNOW                           \r NONE                                 \r INCOMPLETE MOTOR\r INCOMPLETE SENSORY\r COMPLETE MOTOR\r COMPLETE SENSORY\r INCOMPLETE SENSORY AND MOTOR\r COMPLETE SENSORY AND INCOMPLETE MOTOR\r INCOMPLETE SENSORY AND COMPLETE MOTOR\r COMPLETE SENSORY AND MOTOR", "type": "typed-literal"}, "flags": "CJ40", "number": "999.03", "name": "sensory_motor_loss"}, {"type": "6", "description": {"datatype": "http://www.w3.org/1999/02/22-rdf-syntax-ns#XMLLiteral", "fmType": "5", "fmId": "-1", "value": "The 'One Arm Affected', 'One Leg Affected', 'Both Arms Affected', and\r'Both Legs Affected' fields are used to compute the patient's Extent of\rParalysis.  The possible values for this field are shown below.\r \r DON'T KNOW \r MONOPLEGIA\r HEMIPLEGIA\r PARAPLEGIA\r TETRAPLEGIA", "type": "typed-literal"}, "flags": "CJ15", "number": "999.04", "name": "classification_of_paralysis"}, {"type": "6", "description": {"datatype": "http://www.w3.org/1999/02/22-rdf-syntax-ns#XMLLiteral", "fmType": "5", "fmId": "-1", "value": "This computed field uses the data in the Date of Onset multiple to\rdetermine the patient's type of injury.  Possible values returned by this\rfield are: 'TRAUMATIC', 'NON-TRAUMATIC', 'UNKNOWN', and 'INDETERMINATE'.\rCombinations of these values may also be returned for patients with more\rthan one type of injury, e.g., 'TRAUMATIC, NON-TRAUMATIC'.", "type": "typed-literal"}, "flags": "CJ33", "number": "999.05", "name": "type_of_injury"}, {"type": "1", "flags": "CD", "number": "999.06", "name": "last_annual_rehab_eval_offered"}, {"type": "1", "flags": "CD", "number": "999.07", "name": "last_annual_rehab_eval_rcd"}, {"type": "1", "flags": "CD", "number": "999.08", "name": "last_annual_rehab_eval_due"}, {"type": "1", "flags": "CD", "number": "999.09", "name": "date_of_death"}, {"type": "6", "flags": "CJ8", "number": "999.095", "name": "enrollment_priority"}, {"name": "on_fly_admissions", "number": "1000", "flags": "154.02A", "details": "154.02", "type": "9", "location": "1000;0"}], "fmql": {"TYPELABEL": "SCD (SPINAL CORD) REGISTRY", "TYPE": "154", "OP": "DESCRIBE TYPE"}, "number": "154", "location": "^SPNL(154,", "name": "SCD (SPINAL CORD) REGISTRY"}