{"count": "0", "description": {"datatype": "http://www.w3.org/1999/02/22-rdf-syntax-ns#XMLLiteral", "fmType": "5", "fmId": "-1", "value": "This file contains basic data on the various vendors supplying\ringredients to the Dietetic Service. It contains address, telephone\rnumbers and name of contacts.", "type": "typed-literal"}, "fields": [{"index": "B", "name": "name", "number": ".01", "flags": "RF", "location": "0;1", "type": "4", "description": {"datatype": "http://www.w3.org/1999/02/22-rdf-syntax-ns#XMLLiteral", "fmType": "5", "fmId": "-1", "value": "This is the name of a vendor from whom ingredients are ordered.", "type": "typed-literal"}}, {"description": {"datatype": "http://www.w3.org/1999/02/22-rdf-syntax-ns#XMLLiteral", "fmType": "5", "fmId": "-1", "value": "This field contains the first address line following the\rvendor's name.", "type": "typed-literal"}, "number": "1", "flags": "F", "location": "0;2", "type": "4", "name": "1st_address_line"}, {"description": {"datatype": "http://www.w3.org/1999/02/22-rdf-syntax-ns#XMLLiteral", "fmType": "5", "fmId": "-1", "value": "This field may contain a second address line if necessary.", "type": "typed-literal"}, "number": "2", "flags": "F", "location": "0;3", "type": "4", "name": "2nd_address_line"}, {"description": {"datatype": "http://www.w3.org/1999/02/22-rdf-syntax-ns#XMLLiteral", "fmType": "5", "fmId": "-1", "value": "This field may contain a third address line if necessary.", "type": "typed-literal"}, "number": "3", "flags": "F", "location": "0;4", "type": "4", "name": "3rd_address_line"}, {"description": {"datatype": "http://www.w3.org/1999/02/22-rdf-syntax-ns#XMLLiteral", "fmType": "5", "fmId": "-1", "value": "This field contains the last address line showing city, state\rand zip code.", "type": "typed-literal"}, "number": "4", "flags": "F", "location": "0;5", "type": "4", "name": "city_state_zip"}, {"description": {"datatype": "http://www.w3.org/1999/02/22-rdf-syntax-ns#XMLLiteral", "fmType": "5", "fmId": "-1", "value": "This is the name of person who is the usual contact person\rwith the vendor.", "type": "typed-literal"}, "number": "6", "flags": "F", "location": "0;6", "type": "4", "name": "contact"}, {"description": {"datatype": "http://www.w3.org/1999/02/22-rdf-syntax-ns#XMLLiteral", "fmType": "5", "fmId": "-1", "value": "This field contains the telephone number of the vendor contact\rperson.", "type": "typed-literal"}, "number": "7", "flags": "F", "location": "0;7", "type": "4", "name": "telephone"}, {"name": "inactive", "description": {"datatype": "http://www.w3.org/1999/02/22-rdf-syntax-ns#XMLLiteral", "fmType": "5", "fmId": "-1", "value": "This field, if answered YES, will prohibit\rfurther selection of this entry.", "type": "typed-literal"}, "number": "99", "flags": "S", "details": "Y:YES;N:NO;", "type": "3", "location": "I;1"}], "fmql": {"TYPELABEL": "FH VENDOR", "TYPE": "113_2", "OP": "DESCRIBE TYPE"}, "number": "113.2", "location": "^FH(113.2,", "name": "FH VENDOR"}