{"fields": [{"name": "reason_entered_in_error", "description": {"datatype": "http://www.w3.org/1999/02/22-rdf-syntax-ns#XMLLiteral", "fmType": "5", "fmId": "-1", "value": "This field records the reason for entering the data in error.", "type": "typed-literal"}, "number": ".01", "flags": "MS", "details": "1:INCORRECT DATE/TIME;2:INCORRECT READING;3:INCORRECT PATIENT;4:INVALID RECORD;", "type": "3", "location": "0;1"}], "fmql": {"TYPELABEL": "REASON ENTERED IN ERROR", "TYPE": "120_506", "OP": "DESCRIBE TYPE"}, "name": "REASON ENTERED IN ERROR", "parent": "120.5", "number": "120.506"}