{"count": "0", "description": {"datatype": "http://www.w3.org/1999/02/22-rdf-syntax-ns#XMLLiteral", "fmType": "5", "fmId": "-1", "value": "This file contains a single entry, the number '1', which contains the\rsite configurable parameters for the visit tracking package.", "type": "typed-literal"}, "fields": [{"index": "B", "name": "name", "number": ".01", "flags": "RNJ1,0", "location": "0;1", "type": "2", "description": {"datatype": "http://www.w3.org/1999/02/22-rdf-syntax-ns#XMLLiteral", "fmType": "5", "fmId": "-1", "value": "A single entry, the number '1', which represents this site.", "type": "typed-literal"}}, {"name": "mobil_clinic_flag", "description": {"datatype": "http://www.w3.org/1999/02/22-rdf-syntax-ns#XMLLiteral", "fmType": "5", "fmId": "-1", "value": "Flag which was named \"full DHCP\", this did not function as a master switch.\rIt is left for compatability to mobil clinic code. Packages need to use the package switch for turning on visit tracking for their application.", "type": "typed-literal"}, "number": ".02", "flags": "S", "details": "1:FULL DHCP;2:MOBILE CLINIC;12:BOTH '1' & '2';", "type": "3", "location": "0;2"}, {"name": "default_type", "description": {"datatype": "http://www.w3.org/1999/02/22-rdf-syntax-ns#XMLLiteral", "fmType": "5", "fmId": "-1", "value": "If the visit TYPE is not given or the users' agency code is not\rknown, then the value given here will be used as a last resort.\rOtherwise an error condition will occur, as this is a required field\rin the VISIT file [9000010,.03].", "type": "typed-literal"}, "number": ".03", "flags": "RS", "details": "I:IHS;C:CONTRACT;T:TRIBAL;O:OTHER;6:638;V:VA;", "type": "3", "location": "0;3"}, {"name": "default_institution", "description": {"datatype": "http://www.w3.org/1999/02/22-rdf-syntax-ns#XMLLiteral", "fmType": "5", "fmId": "-1", "value": "If the visit INS is not given or the users' DUZ(2) is not known, then\rthe value given here will be used as the last resort.  Otherwise an\rerror condition will occur, as this is a required field in the\rVISIT file [9000010.07].", "type": "typed-literal"}, "number": ".04", "flags": "RP9999999.06'", "details": "9999999.06", "type": "7", "location": "0;4"}, {"name": "package", "description": {"datatype": "http://www.w3.org/1999/02/22-rdf-syntax-ns#XMLLiteral", "fmType": "5", "fmId": "-1", "value": "The Visit Tracking Parameter file has the Package field\rwhich is used as a table.  The table will provide hospitals\rthe capability of turning the visit creation on and off for\rthe packages listed in this multiple.", "type": "typed-literal"}, "number": "3", "flags": "150.93P", "details": "150.93", "type": "9", "location": "3;0"}, {"description": {"datatype": "http://www.w3.org/1999/02/22-rdf-syntax-ns#XMLLiteral", "fmType": "5", "fmId": "-1", "value": "This is the last sequence used in a visit id used.  Do not change this\rfield or you can cause problems in reporting you work load.  This is a\rbase 27 number with each digit form 0123456789BCDFGHJKMNPQRTVWX in order.", "type": "typed-literal"}, "number": "401", "flags": "FI", "location": "4;1", "type": "4", "name": "last_used_sequence_of_visit_id"}, {"name": "site_part_of_visit_id", "description": {"datatype": "http://www.w3.org/1999/02/22-rdf-syntax-ns#XMLLiteral", "fmType": "5", "fmId": "-1", "value": "This is a three letter identifier for this computer system that is unique\rin the VA, or \"TEST\" of a test account.  This is appended after a \"-\" on\rto the sequence number to form the unique Visit Id in the VA system.  It is \rimportant that this is set to the correct value and not changed.", "type": "typed-literal"}, "number": "402", "flags": "R*P150.2'I", "details": "150.2", "type": "7", "location": "4;2"}], "fmql": {"TYPELABEL": "VISIT TRACKING PARAMETERS", "TYPE": "150_9", "OP": "DESCRIBE TYPE"}, "number": "150.9", "location": "^DIC(150.9,", "name": "VISIT TRACKING PARAMETERS"}