{"count": "0", "description": {"datatype": "http://www.w3.org/1999/02/22-rdf-syntax-ns#XMLLiteral", "fmType": "5", "fmId": "-1", "value": "This file contains the order checks which are used within OE/RR-CPRS to\rperform real-time order checking within the OE/RR-CPRS ordering dialogs.", "type": "typed-literal"}, "fields": [{"index": "B", "name": "name", "number": ".01", "flags": "RF", "location": "0;1", "type": "4", "description": {"datatype": "http://www.w3.org/1999/02/22-rdf-syntax-ns#XMLLiteral", "fmType": "5", "fmId": "-1", "value": "This is the name of the order check.", "type": "typed-literal"}}, {"description": {"datatype": "http://www.w3.org/1999/02/22-rdf-syntax-ns#XMLLiteral", "fmType": "5", "fmId": "-1", "value": "This field describes the order check.", "type": "typed-literal"}, "number": "2", "flags": "100.82", "location": "1;0", "type": "5", "name": "description"}], "fmql": {"TYPELABEL": "ORDER CHECKS", "TYPE": "100_8", "OP": "DESCRIBE TYPE"}, "number": "100.8", "location": "^ORD(100.8,", "name": "ORDER CHECKS"}