{"count": "0", "description": {"datatype": "http://www.w3.org/1999/02/22-rdf-syntax-ns#XMLLiteral", "fmType": "5", "fmId": "-1", "value": "This file contains the various site configurable parameters for the\rVitals/Measurements application.", "type": "typed-literal"}, "fields": [{"index": "B", "name": "name", "number": ".01", "flags": "RFX", "location": "0;1", "type": "4", "description": {"datatype": "http://www.w3.org/1999/02/22-rdf-syntax-ns#XMLLiteral", "fmType": "5", "fmId": "-1", "value": "This field provides an arbitrary name for the single entry in this file.", "type": "typed-literal"}}, {"description": {"datatype": "http://www.w3.org/1999/02/22-rdf-syntax-ns#XMLLiteral", "fmType": "5", "fmId": "-1", "value": "This field contains a counter which is appended to the end of each\rquick order protocol.", "type": "typed-literal"}, "number": "1", "flags": "NJ4,0", "location": "Q0;1", "type": "2", "name": "quick_order_protocol_counter"}, {"description": {"datatype": "http://www.w3.org/1999/02/22-rdf-syntax-ns#XMLLiteral", "fmType": "5", "fmId": "-1", "value": "This field contains a switch used by the GMRVINIT's ONLY.  NO EDITING ALLOWED!!!", "type": "typed-literal"}, "number": "1.3", "flags": "NJ7,3", "location": "INIT;1", "type": "2", "name": "gmrv_initialization_switch"}, {"description": {"datatype": "http://www.w3.org/1999/02/22-rdf-syntax-ns#XMLLiteral", "fmType": "5", "fmId": "-1", "value": "This field stores the number of days allotted in between the start date of a\rvitals order and the stop date.", "type": "typed-literal"}, "number": "2", "flags": "NJ3,0", "location": "0;2", "type": "2", "name": "stop_date_default"}, {"name": "cancel_on_ward_transfer", "description": {"datatype": "http://www.w3.org/1999/02/22-rdf-syntax-ns#XMLLiteral", "fmType": "5", "fmId": "-1", "value": "This field indicates that a flag is present to cancel vital measurement \rorders when a patient transfers between wards.", "type": "typed-literal"}, "number": "3", "flags": "S", "details": "1:YES;0:NO;", "type": "3", "location": "0;3"}, {"name": "cancel_on_service_transfer", "description": {"datatype": "http://www.w3.org/1999/02/22-rdf-syntax-ns#XMLLiteral", "fmType": "5", "fmId": "-1", "value": "This field indicates that a flag is present to cancel vital measurement \rorders when a patient transfers between services.", "type": "typed-literal"}, "number": "4", "flags": "S", "details": "1:YES;0:NO;", "type": "3", "location": "0;4"}, {"description": {"datatype": "http://www.w3.org/1999/02/22-rdf-syntax-ns#XMLLiteral", "fmType": "5", "fmId": "-1", "value": "This field indicates the upper limit for an acceptable range of patient \rtemperatures. The abnormal high is equal to or greater than the value \rentered.", "type": "typed-literal"}, "number": "5.1", "flags": "RNJ5,1", "location": "1;1", "type": "2", "name": "abnormal_temperature__high"}, {"description": {"datatype": "http://www.w3.org/1999/02/22-rdf-syntax-ns#XMLLiteral", "fmType": "5", "fmId": "-1", "value": "This field sets the lower limit for an acceptable range of patient \rtemperatures. The abnormal low is equal to or below that of the value \rentered.", "type": "typed-literal"}, "number": "5.2", "flags": "RNJ5,1", "location": "1;2", "type": "2", "name": "abnormal_temperature__low"}, {"description": {"datatype": "http://www.w3.org/1999/02/22-rdf-syntax-ns#XMLLiteral", "fmType": "5", "fmId": "-1", "value": "This field sets the upper limit of an acceptable pulse rate. The abnormal \rhigh is equal to or greater than the value entered.", "type": "typed-literal"}, "number": "5.3", "flags": "RNJ3,0", "location": "1;3", "type": "2", "name": "abnormal_pulse__high"}, {"description": {"datatype": "http://www.w3.org/1999/02/22-rdf-syntax-ns#XMLLiteral", "fmType": "5", "fmId": "-1", "value": "This field sets the lower limit of an acceptable pulse rate. The abnormal \rlow is equal to or lower than the value entered.", "type": "typed-literal"}, "number": "5.4", "flags": "NJ3,0", "location": "1;4", "type": "2", "name": "abnormal_pulse__low"}, {"description": {"datatype": "http://www.w3.org/1999/02/22-rdf-syntax-ns#XMLLiteral", "fmType": "5", "fmId": "-1", "value": "This field sets the upper limit of an acceptable respiration rate. The \rabnormal high is equal to or greater than the value entered.", "type": "typed-literal"}, "number": "5.5", "flags": "NJ3,0", "location": "1;5", "type": "2", "name": "abnormal_respiration__high"}, {"description": {"datatype": "http://www.w3.org/1999/02/22-rdf-syntax-ns#XMLLiteral", "fmType": "5", "fmId": "-1", "value": "This field sets the lower limit of an acceptable respiration rate. The \rabnormal low is equal to or lower than the value entered.", "type": "typed-literal"}, "number": "5.6", "flags": "NJ3,0", "location": "1;6", "type": "2", "name": "abnormal_respiration__low"}, {"description": {"datatype": "http://www.w3.org/1999/02/22-rdf-syntax-ns#XMLLiteral", "fmType": "5", "fmId": "-1", "value": "This field sets the upper limit for an acceptable systolic blood pressure.  \rThe abnormal high is equal to or greater than the value entered.", "type": "typed-literal"}, "number": "5.7", "flags": "NJ3,0", "location": "1;7", "type": "2", "name": "abnormal_systolic__high"}, {"description": {"datatype": "http://www.w3.org/1999/02/22-rdf-syntax-ns#XMLLiteral", "fmType": "5", "fmId": "-1", "value": "This field sets the upper limit for an acceptable diastolic blood pressure. \rThe abnormal high is equal to or greater than the value entered.", "type": "typed-literal"}, "number": "5.71", "flags": "NJ3,0", "location": "1;8", "type": "2", "name": "abnormal_diastolic__high"}, {"description": {"datatype": "http://www.w3.org/1999/02/22-rdf-syntax-ns#XMLLiteral", "fmType": "5", "fmId": "-1", "value": "This field sets the lower limit for an acceptable systolic blood pressure.  \rThe abnormal low is equal to or lower than the value entered.", "type": "typed-literal"}, "number": "5.8", "flags": "NJ3,0", "location": "1;9", "type": "2", "name": "abnormal_systolic__low"}, {"description": {"datatype": "http://www.w3.org/1999/02/22-rdf-syntax-ns#XMLLiteral", "fmType": "5", "fmId": "-1", "value": "This field sets the lower limit for an acceptable diastolic blood pressure. \rThe abnormal low is equal to or lower than the value entered.", "type": "typed-literal"}, "number": "5.81", "flags": "NJ3,0", "location": "1;10", "type": "2", "name": "abnormal_diastolic__low"}, {"description": {"datatype": "http://www.w3.org/1999/02/22-rdf-syntax-ns#XMLLiteral", "fmType": "5", "fmId": "-1", "value": "This field sets the upper limit of an acceptable central venous pressure\rrate.  The abnormal high is equal to or greater than the value entered.", "type": "typed-literal"}, "number": "6.1", "flags": "RNJ5,1", "location": "1;11", "type": "2", "name": "abnormal_cvp__high"}, {"description": {"datatype": "http://www.w3.org/1999/02/22-rdf-syntax-ns#XMLLiteral", "fmType": "5", "fmId": "-1", "value": "This field sets the lower limit of an acceptable central venous pressure.\rThe abnormal low is equal to or lower than the value entered.", "type": "typed-literal"}, "number": "6.2", "flags": "RNJ5,1", "location": "1;12", "type": "2", "name": "abnormal_cvp__low"}, {"description": {"datatype": "http://www.w3.org/1999/02/22-rdf-syntax-ns#XMLLiteral", "fmType": "5", "fmId": "-1", "value": "This field sets the lower limit of an acceptable oxygen saturation rate.\rThe abnormal low is equal to or lower than the value entered.", "type": "typed-literal"}, "number": "6.3", "flags": "RNJ3,0", "location": "1;13", "type": "2", "name": "abnormal_o2_saturation__low"}, {"name": "phase_i_completed", "description": {"datatype": "http://www.w3.org/1999/02/22-rdf-syntax-ns#XMLLiteral", "fmType": "5", "fmId": "-1", "value": "This field denotes whether the GMRV Site/Quality Conversion has completed.", "type": "typed-literal"}, "number": "999", "flags": "S", "details": "1:YES;0:NO;", "type": "3", "location": "PHASEI;1"}, {"name": "phase_ii_completed", "description": {"datatype": "http://www.w3.org/1999/02/22-rdf-syntax-ns#XMLLiteral", "fmType": "5", "fmId": "-1", "value": "This field denotes whether the GMRV Vitals Measurement Data Conversion\rhas completed.", "type": "typed-literal"}, "number": "999.1", "flags": "S", "details": "1:YES;0:NO;", "type": "3", "location": "PHASEII;1"}, {"description": {"datatype": "http://www.w3.org/1999/02/22-rdf-syntax-ns#XMLLiteral", "fmType": "5", "fmId": "-1", "value": "This field will contain the number of the last record to be converted\rby the GMRV Vitals Measurement Data Conversion, or it will be null\rif the conversion has completed or has not started.", "type": "typed-literal"}, "number": "999.2", "flags": "NJ9,0", "location": "PHASEII;2", "type": "2", "name": "phase_ii_last_record"}], "fmql": {"TYPELABEL": "GMRV VITALS PARAMETERS", "TYPE": "120_57", "OP": "DESCRIBE TYPE"}, "number": "120.57", "location": "^GMRD(120.57,", "name": "GMRV VITALS PARAMETERS"}