{"fields": [{"name": "related_menu_items", "description": {"datatype": "http://www.w3.org/1999/02/22-rdf-syntax-ns#XMLLiteral", "fmType": "5", "fmId": "-1", "value": "This field is used to link OBR segments to all underlying OBX segments.", "type": "typed-literal"}, "number": ".01", "flags": "RIMP133.2X", "details": "133.2", "type": "7", "location": "0;1"}], "fmql": {"TYPELABEL": "RELATED MENU ITEMS", "TYPE": "133_21", "OP": "DESCRIBE TYPE"}, "name": "RELATED MENU ITEMS", "parent": "133.2", "number": "133.21"}