{"fields": [{"index": "B", "name": "update_users_w_o_notifications", "description": {"datatype": "http://www.w3.org/1999/02/22-rdf-syntax-ns#XMLLiteral", "fmType": "5", "fmId": "-1", "value": "Service users who should be able to perform update tracking capabilities,\rbut DO NOT receive \"NEW SERVICE CONSULT\" notifications should be defined\rhere.  The update tracking capabilities will be based on the Protocol\rAction Menu By Users field.", "type": "typed-literal"}, "number": ".01", "flags": "M*P200'", "location": "0;1", "type": "7", "details": "200"}], "fmql": {"TYPELABEL": "UPDATE USERS W/O NOTIFICATIONS", "TYPE": "123_55", "OP": "DESCRIBE TYPE"}, "name": "UPDATE USERS W/O NOTIFICATIONS", "parent": "123.5", "number": "123.55"}