{"fields": [{"index": "B", "name": "or3_patients_to_convert", "description": {"datatype": "http://www.w3.org/1999/02/22-rdf-syntax-ns#XMLLiteral", "fmType": "5", "fmId": "-1", "value": "This multiple is maintained by the OE/RR version 3 orders conversion.  It\rwill keep a list of patients that have not yet been converted.", "type": "typed-literal"}, "number": ".01", "flags": "P2'X", "location": "0;1", "type": "7", "details": "2"}], "fmql": {"TYPELABEL": "OR3 PATIENTS TO CONVERT", "TYPE": "100_9903", "OP": "DESCRIBE TYPE"}, "name": "OR3 PATIENTS TO CONVERT", "parent": "100.99", "number": "100.9903"}