{"fields": [{"name": "protocol_to_export", "description": {"datatype": "http://www.w3.org/1999/02/22-rdf-syntax-ns#XMLLiteral", "fmType": "5", "fmId": "-1", "value": "Protocols entered in this field can be exported from the PROTOCOL file\rby running the routine ORVOM.  The initialization routines created by\rORVOM are then run at the time of package initialization to install\rthe protocols.", "type": "typed-literal"}, "number": ".01", "flags": "MP101'", "details": "101", "type": "7", "location": "0;1"}, {"name": "menu", "description": {"datatype": "http://www.w3.org/1999/02/22-rdf-syntax-ns#XMLLiteral", "fmType": "5", "fmId": "-1", "value": "This field allows a package to install its protocols on menus that\rmay be in a different namespace.  The protocol is installed at the\rinstallation site if the menu exists on that system.", "type": "typed-literal"}, "number": "1", "flags": "100.99511PA", "details": "100.99511", "type": "9", "location": "1;0"}], "fmql": {"TYPELABEL": "PROTOCOL TO EXPORT", "TYPE": "100_9951", "OP": "DESCRIBE TYPE"}, "name": "PROTOCOL TO EXPORT", "parent": "100.995", "number": "100.9951"}