{"fields": [{"description": {"datatype": "http://www.w3.org/1999/02/22-rdf-syntax-ns#XMLLiteral", "fmType": "5", "fmId": "-1", "value": "This is the day number within the cycle.", "type": "typed-literal"}, "number": ".01", "flags": "MNJ3,0X", "location": "0;1", "type": "2", "name": "day"}, {"name": "breakfast_meal", "description": {"datatype": "http://www.w3.org/1999/02/22-rdf-syntax-ns#XMLLiteral", "fmType": "5", "fmId": "-1", "value": "This is the meal (File 116.1) which will be served for\rbreakfast on this cycle day.", "type": "typed-literal"}, "number": "1", "flags": "RP116.1'", "details": "116.1", "type": "7", "location": "0;2"}, {"name": "noon_meal", "description": {"datatype": "http://www.w3.org/1999/02/22-rdf-syntax-ns#XMLLiteral", "fmType": "5", "fmId": "-1", "value": "This is the meal (File 116.1) which will be served for\rNoon or Lunch on this cycle day.", "type": "typed-literal"}, "number": "2", "flags": "RP116.1'", "details": "116.1", "type": "7", "location": "0;3"}, {"name": "evening_meal", "description": {"datatype": "http://www.w3.org/1999/02/22-rdf-syntax-ns#XMLLiteral", "fmType": "5", "fmId": "-1", "value": "This is the meal (File 116.1) which will be served in\rthe evening of this cycle day.", "type": "typed-literal"}, "number": "3", "flags": "RP116.1'", "details": "116.1", "type": "7", "location": "0;4"}], "fmql": {"TYPELABEL": "DAY", "TYPE": "116_01", "OP": "DESCRIBE TYPE"}, "name": "DAY", "parent": "116", "number": "116.01"}