{"fields": [{"index": "B", "name": "vital_type", "description": {"datatype": "http://www.w3.org/1999/02/22-rdf-syntax-ns#XMLLiteral", "fmType": "5", "fmId": "-1", "value": "This field screens the vital measurement site field in the GMRV VITAL \rMEASUREMENT (#120.5) file.", "type": "typed-literal"}, "number": ".01", "flags": "RP120.51'", "location": "0;1", "type": "7", "details": "120.51"}, {"index": "D", "name": "category", "description": {"datatype": "http://www.w3.org/1999/02/22-rdf-syntax-ns#XMLLiteral", "fmType": "5", "fmId": "-1", "value": "This field will contain the category for this characteristic for this\rvital type.", "type": "typed-literal"}, "number": ".02", "flags": "RP120.53", "location": "0;2", "type": "7", "details": "120.53"}], "fmql": {"TYPELABEL": "VITAL TYPE", "TYPE": "120_521", "OP": "DESCRIBE TYPE"}, "name": "VITAL TYPE", "parent": "120.52", "number": "120.521"}