{"fields": [{"index": "B", "name": "delay_cause", "description": {"datatype": "http://www.w3.org/1999/02/22-rdf-syntax-ns#XMLLiteral", "fmType": "5", "fmId": "-1", "value": "This is the reason why the operative procedure did not begin at\rthe scheduled start time.\r ", "type": "typed-literal"}, "number": ".01", "flags": "*P132.4'", "location": "0;1", "type": "7", "details": "132.4"}, {"description": {"datatype": "http://www.w3.org/1999/02/22-rdf-syntax-ns#XMLLiteral", "fmType": "5", "fmId": "-1", "value": "This is the number of minutes (1-600) that this case was delayed due\rto this cause.  Although optional, this information will appear on the\rReport of Delayed Operations.\r ", "type": "typed-literal"}, "number": "1", "flags": "NJ3,0O", "location": "0;2", "type": "2", "name": "delay_time"}, {"description": {"datatype": "http://www.w3.org/1999/02/22-rdf-syntax-ns#XMLLiteral", "fmType": "5", "fmId": "-1", "value": "This contains comments related to the delay cause.\r ", "type": "typed-literal"}, "number": "2", "flags": "130.422", "location": "1;0", "type": "5", "name": "delay_comments"}], "fmql": {"TYPELABEL": "DELAY CAUSE", "TYPE": "130_042", "OP": "DESCRIBE TYPE"}, "name": "DELAY CAUSE", "parent": "130", "number": "130.042"}