{"count": "0", "description": {"datatype": "http://www.w3.org/1999/02/22-rdf-syntax-ns#XMLLiteral", "fmType": "5", "fmId": "-1", "value": "This file contains the values of the Dietary Reference Intakes (DRI). In\r1997, the Food and Nutrition Board began releasing updated recommendations\rfor nutrient intake levels that apply to healthy individuals under a new\rframework called Dietary Reference Intakes.  For nutrients that have not\ryet been revised as DRI (protein for example) the 1989 RDA values are the\rmost current recommendations and are used here.", "type": "typed-literal"}, "fields": [{"index": "B", "name": "name", "number": ".01", "flags": "RF", "location": "0;1", "type": "4", "description": {"datatype": "http://www.w3.org/1999/02/22-rdf-syntax-ns#XMLLiteral", "fmType": "5", "fmId": "-1", "value": "This field contains the name of a category of people for whom\rRecommended Dietary Allowance values have been published.", "type": "typed-literal"}}, {"index": "C", "name": "mnemonic", "number": ".5", "flags": "F", "location": "0;2", "type": "4", "description": {"datatype": "http://www.w3.org/1999/02/22-rdf-syntax-ns#XMLLiteral", "fmType": "5", "fmId": "-1", "value": "This is a short name, or mnemonic, for the RDA category of\rpersons.", "type": "typed-literal"}}, {"description": {"datatype": "http://www.w3.org/1999/02/22-rdf-syntax-ns#XMLLiteral", "fmType": "5", "fmId": "-1", "value": "This field represents the recommended amount of Protein per\rday for this RDA group.", "type": "typed-literal"}, "number": "1", "flags": "NJ5,1", "location": "1;1", "type": "2", "name": "protein_gm"}, {"description": {"datatype": "http://www.w3.org/1999/02/22-rdf-syntax-ns#XMLLiteral", "fmType": "5", "fmId": "-1", "value": "This field represents the recommended amount of Vitamin A in\rRetinol Equivalents per day for this RDA group.", "type": "typed-literal"}, "number": "2", "flags": "NJ4,0", "location": "1;2", "type": "2", "name": "vitamin_a_re"}, {"description": {"datatype": "http://www.w3.org/1999/02/22-rdf-syntax-ns#XMLLiteral", "fmType": "5", "fmId": "-1", "value": "This field represents the recommended amount of Vitamin E per\rday for this RDA group.", "type": "typed-literal"}, "number": "3", "flags": "NJ3,0", "location": "1;3", "type": "2", "name": "vitamin_e_mg"}, {"description": {"datatype": "http://www.w3.org/1999/02/22-rdf-syntax-ns#XMLLiteral", "fmType": "5", "fmId": "-1", "value": "This field represents the recommended amount of Vitamin C per\rday for this RDA group.", "type": "typed-literal"}, "number": "4", "flags": "NJ3,0", "location": "1;4", "type": "2", "name": "vitamin_c_mg"}, {"description": {"datatype": "http://www.w3.org/1999/02/22-rdf-syntax-ns#XMLLiteral", "fmType": "5", "fmId": "-1", "value": "This field represents the recommended amount of Thiamin per\rday for this RDA group.", "type": "typed-literal"}, "number": "5", "flags": "NJ3,1", "location": "1;5", "type": "2", "name": "thiamin_mg"}, {"description": {"datatype": "http://www.w3.org/1999/02/22-rdf-syntax-ns#XMLLiteral", "fmType": "5", "fmId": "-1", "value": "This field represents the recommended amount of Riboflavin per\rday for this RDA group.", "type": "typed-literal"}, "number": "6", "flags": "NJ3,1", "location": "1;6", "type": "2", "name": "riboflavin_mg"}, {"description": {"datatype": "http://www.w3.org/1999/02/22-rdf-syntax-ns#XMLLiteral", "fmType": "5", "fmId": "-1", "value": "This field represents the recommended amount of Niacin per\rday for this RDA group.", "type": "typed-literal"}, "number": "7", "flags": "NJ2,0", "location": "1;7", "type": "2", "name": "niacin_mg"}, {"description": {"datatype": "http://www.w3.org/1999/02/22-rdf-syntax-ns#XMLLiteral", "fmType": "5", "fmId": "-1", "value": "This field represents the recommended amount of Vitamin B6 per\rday for this RDA group.", "type": "typed-literal"}, "number": "8", "flags": "NJ3,1", "location": "1;8", "type": "2", "name": "vitamin_b6_mg"}, {"description": {"datatype": "http://www.w3.org/1999/02/22-rdf-syntax-ns#XMLLiteral", "fmType": "5", "fmId": "-1", "value": "This field represents the recommended amount of Folate per\rday for this RDA group.", "type": "typed-literal"}, "number": "9", "flags": "NJ4,0", "location": "1;9", "type": "2", "name": "folate_mcg"}, {"description": {"datatype": "http://www.w3.org/1999/02/22-rdf-syntax-ns#XMLLiteral", "fmType": "5", "fmId": "-1", "value": "This field represents the recommended amount of Vitamin B12 per\rday for this RDA group.", "type": "typed-literal"}, "number": "10", "flags": "NJ3,1", "location": "1;10", "type": "2", "name": "vitamin_b12_mcg"}, {"description": {"datatype": "http://www.w3.org/1999/02/22-rdf-syntax-ns#XMLLiteral", "fmType": "5", "fmId": "-1", "value": "This field represents the recommended amount of Calcium per\rday for this RDA group.", "type": "typed-literal"}, "number": "11", "flags": "NJ4,0", "location": "1;11", "type": "2", "name": "calcium_mg"}, {"description": {"datatype": "http://www.w3.org/1999/02/22-rdf-syntax-ns#XMLLiteral", "fmType": "5", "fmId": "-1", "value": "This field represents the recommended amount of Phosphorus per\rday for this RDA group.", "type": "typed-literal"}, "number": "12", "flags": "NJ4,0", "location": "1;12", "type": "2", "name": "phosphorus_mg"}, {"description": {"datatype": "http://www.w3.org/1999/02/22-rdf-syntax-ns#XMLLiteral", "fmType": "5", "fmId": "-1", "value": "This field represents the recommended amount of Magnesium per\rday for this RDA group.", "type": "typed-literal"}, "number": "13", "flags": "NJ4,0", "location": "1;13", "type": "2", "name": "magnesium_mg"}, {"description": {"datatype": "http://www.w3.org/1999/02/22-rdf-syntax-ns#XMLLiteral", "fmType": "5", "fmId": "-1", "value": "This field represents the recommended amount of Iron per\rday for this RDA group.", "type": "typed-literal"}, "number": "14", "flags": "NJ3,0", "location": "1;14", "type": "2", "name": "iron_mg"}, {"description": {"datatype": "http://www.w3.org/1999/02/22-rdf-syntax-ns#XMLLiteral", "fmType": "5", "fmId": "-1", "value": "This field represents the recommended amount of Zinc per\rday for this RDA group.", "type": "typed-literal"}, "number": "15", "flags": "NJ2,0", "location": "1;15", "type": "2", "name": "zinc_mg"}, {"description": {"datatype": "http://www.w3.org/1999/02/22-rdf-syntax-ns#XMLLiteral", "fmType": "5", "fmId": "-1", "value": "This field represents the recommended amount of Pantothenic Acid per\rday for this RDA group.", "type": "typed-literal"}, "number": "16", "flags": "NJ4,1", "location": "1;16", "type": "2", "name": "pantothenic_acid_mg"}, {"description": {"datatype": "http://www.w3.org/1999/02/22-rdf-syntax-ns#XMLLiteral", "fmType": "5", "fmId": "-1", "value": "This field represents the recommended amount of Copper per\rday for this RDA group.", "type": "typed-literal"}, "number": "17", "flags": "NJ4,2", "location": "1;17", "type": "2", "name": "copper_mg"}, {"description": {"datatype": "http://www.w3.org/1999/02/22-rdf-syntax-ns#XMLLiteral", "fmType": "5", "fmId": "-1", "value": "This field represents the recommended amount of Manganese per\rday for this RDA group.", "type": "typed-literal"}, "number": "18", "flags": "NJ5,2", "location": "1;18", "type": "2", "name": "manganese_mg"}, {"description": {"datatype": "http://www.w3.org/1999/02/22-rdf-syntax-ns#XMLLiteral", "fmType": "5", "fmId": "-1", "value": "This field represents the recommended amount of Sodium per\rday for this RDA group.", "type": "typed-literal"}, "number": "19", "flags": "NJ4,0", "location": "1;19", "type": "2", "name": "sodium_mg"}, {"description": {"datatype": "http://www.w3.org/1999/02/22-rdf-syntax-ns#XMLLiteral", "fmType": "5", "fmId": "-1", "value": "This field represents the recommended amount of Potassium per\rday for this RDA group.", "type": "typed-literal"}, "number": "20", "flags": "NJ5,0", "location": "1;20", "type": "2", "name": "potassium_mg"}, {"description": {"datatype": "http://www.w3.org/1999/02/22-rdf-syntax-ns#XMLLiteral", "fmType": "5", "fmId": "-1", "value": "This field represents the recommended amount of Biotin\rper day for this DRI group.", "type": "typed-literal"}, "number": "21", "flags": "NJ2,0", "location": "1;21", "type": "2", "name": "biotin_mcg"}, {"description": {"datatype": "http://www.w3.org/1999/02/22-rdf-syntax-ns#XMLLiteral", "fmType": "5", "fmId": "-1", "value": "This field represents the recommended amount of Selenium\rper day for this RDA group.", "type": "typed-literal"}, "number": "22", "flags": "NJ6,2", "location": "1;22", "type": "2", "name": "selenium_mcg"}, {"description": {"datatype": "http://www.w3.org/1999/02/22-rdf-syntax-ns#XMLLiteral", "fmType": "5", "fmId": "-1", "value": "This field represents the recommended amount of Choline per\rday for this RDA group.", "type": "typed-literal"}, "number": "23", "flags": "NJ3,0", "location": "1;23", "type": "2", "name": "choline_mg"}, {"description": {"datatype": "http://www.w3.org/1999/02/22-rdf-syntax-ns#XMLLiteral", "fmType": "5", "fmId": "-1", "value": "This field represents the recommended amount of Vitamin D per\rday for this RDA group.", "type": "typed-literal"}, "number": "24", "flags": "NJ2,0", "location": "1;24", "type": "2", "name": "vitamin_d_mcg"}, {"description": {"datatype": "http://www.w3.org/1999/02/22-rdf-syntax-ns#XMLLiteral", "fmType": "5", "fmId": "-1", "value": "This field represents the recommended amount of Fluoride per\rday for this RDA group.", "type": "typed-literal"}, "number": "25", "flags": "NJ5,2", "location": "1;25", "type": "2", "name": "fluoride_mg"}, {"description": {"datatype": "http://www.w3.org/1999/02/22-rdf-syntax-ns#XMLLiteral", "fmType": "5", "fmId": "-1", "value": "This field represents the recommended amount of Vitamin K\rper day for this DRI group.", "type": "typed-literal"}, "number": "26", "flags": "NJ6,2", "location": "1;26", "type": "2", "name": "vitamin_k_mcg"}], "fmql": {"TYPELABEL": "DRI VALUES", "TYPE": "112_2", "OP": "DESCRIBE TYPE"}, "number": "112.2", "location": "^FH(112.2,", "name": "DRI VALUES"}