{"fields": [{"index": "B", "name": "fields", "description": {"datatype": "http://www.w3.org/1999/02/22-rdf-syntax-ns#XMLLiteral", "fmType": "5", "fmId": "-1", "value": "The allowable choices come from the OE/RR PRINT FIELDS FILE and\rare grouped here to make up a format.", "type": "typed-literal"}, "number": ".01", "flags": "MP100.22'X", "location": "0;1", "type": "7", "details": "100.22"}, {"description": {"datatype": "http://www.w3.org/1999/02/22-rdf-syntax-ns#XMLLiteral", "fmType": "5", "fmId": "-1", "value": "This is the row that selected field will print on.", "type": "typed-literal"}, "number": ".02", "flags": "NJ2,0", "location": "0;2", "type": "2", "name": "row"}, {"description": {"datatype": "http://www.w3.org/1999/02/22-rdf-syntax-ns#XMLLiteral", "fmType": "5", "fmId": "-1", "value": "This is the column that the selected field will print on.", "type": "typed-literal"}, "number": ".03", "flags": "NJ3,0", "location": "0;3", "type": "2", "name": "column"}, {"description": {"datatype": "http://www.w3.org/1999/02/22-rdf-syntax-ns#XMLLiteral", "fmType": "5", "fmId": "-1", "value": "This is the caption to be used when printing this field.  Caption is \roptional.  If this entry is blank, the default caption from the OE/RR\rPRINT FIELDS file for this field is used.  If no caption is desired\rfor this field, enter the word NONE.", "type": "typed-literal"}, "number": ".04", "flags": "F", "location": "0;4", "type": "4", "name": "caption_optional"}, {"description": {"datatype": "http://www.w3.org/1999/02/22-rdf-syntax-ns#XMLLiteral", "fmType": "5", "fmId": "-1", "value": "This is used for FREE TEXT fields.  If the field selected is FREE TEXT,\renter here the text that is to be printed.", "type": "typed-literal"}, "number": ".05", "flags": "F", "location": "0;5", "type": "4", "name": "literal_text"}, {"description": {"datatype": "http://www.w3.org/1999/02/22-rdf-syntax-ns#XMLLiteral", "fmType": "5", "fmId": "-1", "value": "Enter the format in which you want the selected print field to appear.\re.g., MM/DD/YY HR:MIN for date/time fields, or LAST, FIRST MI for names.", "type": "typed-literal"}, "number": ".06", "flags": "F", "location": "0;6", "type": "4", "name": "format"}, {"name": "suppress_caption", "description": {"datatype": "http://www.w3.org/1999/02/22-rdf-syntax-ns#XMLLiteral", "fmType": "5", "fmId": "-1", "value": "This field, if set to YES, will suppress the printing of a caption\rwhen data for this field is not present.", "type": "typed-literal"}, "number": ".07", "flags": "S", "details": "0:NO;1:YES;", "type": "3", "location": "0;7"}], "fmql": {"TYPELABEL": "FIELDS", "TYPE": "100_231", "OP": "DESCRIBE TYPE"}, "name": "FIELDS", "parent": "100.23", "number": "100.231"}