{"fields": [{"index": "B", "name": "except_for_orderable_item", "description": {"datatype": "http://www.w3.org/1999/02/22-rdf-syntax-ns#XMLLiteral", "fmType": "5", "fmId": "-1", "value": "This is an orderable item that will be exempt from any automatic\rdiscontinuing of orders normally triggered by this rule; if an active\rorder for this item is encountered while processing this rule, it will\rbe skipped and not discontinued.", "type": "typed-literal"}, "number": ".01", "flags": "M*P101.43'", "location": "0;1", "type": "7", "details": "101.43"}], "fmql": {"TYPELABEL": "EXCLUDED ORDERABLE ITEMS", "TYPE": "100_68", "OP": "DESCRIBE TYPE"}, "name": "EXCLUDED ORDERABLE ITEMS", "parent": "100.6", "number": "100.68"}