{"count": "0", "name": "HEALTH SUMMARY USER PREFERENCES", "fields": [{"index": "B", "name": "user", "number": ".01", "flags": "RP200'", "location": "0;1", "type": "7", "details": "200"}, {"name": "health_summary_list_build", "description": {"datatype": "http://www.w3.org/1999/02/22-rdf-syntax-ns#XMLLiteral", "fmType": "5", "fmId": "-1", "value": "This field determines how the list of Health Summary Types for the CPRS GUI \rreport tab is to be organized (APPEND or OVERWRITE) for user selection.  \rThere are three major classes of Health Summary types, National (remote data \rview), user defined and system defined.  User and system Health Summary \rTypes are defined in the Kernel Parameters file.  Append creates a single \rlist, removing duplicates, and keeps the National Health Summary types group \rtogether.  Overwrite stops building the list once a single group of Health\rSummary Types (User or System) is added to the list.", "type": "typed-literal"}, "number": "10", "flags": "S", "details": "0:OVERWRITE;1:APPEND;", "type": "3", "location": "1;1"}, {"description": {"datatype": "http://www.w3.org/1999/02/22-rdf-syntax-ns#XMLLiteral", "fmType": "5", "fmId": "-1", "value": "There are three major classes of Health Summary types, National (remote data\rview), user defined and system defined.  This field provides order in which \rthese groups of Health Summary Types are added to the Health Summary Types \rlist for the CPRS GUI reports tab. ", "type": "typed-literal"}, "number": "11", "flags": "F", "location": "1;2", "type": "4", "name": "health_summary_list_priority"}], "fmql": {"TYPELABEL": "HEALTH SUMMARY USER PREFERENCES", "TYPE": "142_98", "OP": "DESCRIBE TYPE"}, "number": "142.98", "location": "^GMT(142.98,"}