{"count": "0", "description": {"datatype": "http://www.w3.org/1999/02/22-rdf-syntax-ns#XMLLiteral", "fmType": "5", "fmId": "-1", "value": "This file list VHA facilities and their site code.", "type": "typed-literal"}, "fields": [{"index": "B", "name": "name", "number": ".01", "flags": "RF", "location": "0;1", "type": "4"}, {"index": "D", "name": "code", "number": ".02", "flags": "RF", "location": "0;2", "type": "4", "description": {"datatype": "http://www.w3.org/1999/02/22-rdf-syntax-ns#XMLLiteral", "fmType": "5", "fmId": "-1", "value": "This is the unique site code.", "type": "typed-literal"}}, {"name": "selectable_flag", "description": {"datatype": "http://www.w3.org/1999/02/22-rdf-syntax-ns#XMLLiteral", "fmType": "5", "fmId": "-1", "value": "This flag determines whether or not an entry may be viewed.", "type": "typed-literal"}, "number": ".03", "flags": "RS", "details": "1:SELECTABLE;0:NON-SELECTABLE;", "type": "3", "location": "0;3"}], "fmql": {"TYPELABEL": "VSIT SITE CODES", "TYPE": "150_2", "OP": "DESCRIBE TYPE"}, "number": "150.2", "location": "^VSIT(150.2,", "name": "VSIT SITE CODES"}