{"fields": [{"index": "B", "name": "cell_saver_id", "number": ".01", "flags": "MF", "location": "0;1", "type": "4", "description": {"datatype": "http://www.w3.org/1999/02/22-rdf-syntax-ns#XMLLiteral", "fmType": "5", "fmId": "-1", "value": "This field identifies the cell saver that was used during this procedure.", "type": "typed-literal"}}, {"name": "cell_saver_operator", "description": {"datatype": "http://www.w3.org/1999/02/22-rdf-syntax-ns#XMLLiteral", "fmType": "5", "fmId": "-1", "value": "This is the authorized cell saver operator during this procedure.  If\rthe person cannot be entered in this field, enter the name in the CELL\rSAVER COMMENTS field (#5) for this cell saver.", "type": "typed-literal"}, "number": "1", "flags": "P200'", "details": "200", "type": "7", "location": "0;2"}, {"description": {"datatype": "http://www.w3.org/1999/02/22-rdf-syntax-ns#XMLLiteral", "fmType": "5", "fmId": "-1", "value": "This is the amount of fluid in milliliters collected during the procedure.", "type": "typed-literal"}, "number": "2", "flags": "NJ6,0", "location": "0;3", "type": "2", "name": "amt_salvaged_ml"}, {"description": {"datatype": "http://www.w3.org/1999/02/22-rdf-syntax-ns#XMLLiteral", "fmType": "5", "fmId": "-1", "value": "This is the amount of fluid in milliliters that was reinfused into the\rpatient during this procedure.", "type": "typed-literal"}, "number": "3", "flags": "NJ6,0", "location": "0;4", "type": "2", "name": "amt_reinfused_ml"}, {"name": "disposables_used", "description": {"datatype": "http://www.w3.org/1999/02/22-rdf-syntax-ns#XMLLiteral", "fmType": "5", "fmId": "-1", "value": "These are the disposable items used with this cell saver during this\rprocedure.", "type": "typed-literal"}, "number": "4", "flags": "130.0134A", "details": "130.0134", "type": "9", "location": "1;0"}, {"description": {"datatype": "http://www.w3.org/1999/02/22-rdf-syntax-ns#XMLLiteral", "fmType": "5", "fmId": "-1", "value": "These comments contain additional information related to the use of this\rcell saver during this procedure.", "type": "typed-literal"}, "number": "5", "flags": "130.0135", "location": "2;0", "type": "5", "name": "cell_saver_comments"}], "fmql": {"TYPELABEL": "CELL SAVER", "TYPE": "130_013", "OP": "DESCRIBE TYPE"}, "name": "CELL SAVER", "parent": "130", "number": "130.013"}