{"fields": [{"index": "B", "name": "concomitant_drugs", "number": ".01", "flags": "MFX", "location": "0;1", "type": "4", "description": {"datatype": "http://www.w3.org/1999/02/22-rdf-syntax-ns#XMLLiteral", "fmType": "5", "fmId": "-1", "value": "This field contains the drug(s) this patient was taking at the time\rof the reaction.", "type": "typed-literal"}}, {"description": {"datatype": "http://www.w3.org/1999/02/22-rdf-syntax-ns#XMLLiteral", "fmType": "5", "fmId": "-1", "value": "This field is the date this drug was first given to the patient.", "type": "typed-literal"}, "number": "1", "flags": "DX", "location": "0;2", "type": "1", "name": "start_date_of_administration"}, {"description": {"datatype": "http://www.w3.org/1999/02/22-rdf-syntax-ns#XMLLiteral", "fmType": "5", "fmId": "-1", "value": "This field is the last day the patient was given this drug.", "type": "typed-literal"}, "number": "2", "flags": "D", "location": "0;3", "type": "1", "name": "stop_date_of_administration"}, {"description": {"datatype": "http://www.w3.org/1999/02/22-rdf-syntax-ns#XMLLiteral", "fmType": "5", "fmId": "-1", "value": "This field is the last date that this drug was filled.", "type": "typed-literal"}, "number": "3", "flags": "DX", "location": "0;4", "type": "1", "name": "last_fill_dt"}, {"description": {"datatype": "http://www.w3.org/1999/02/22-rdf-syntax-ns#XMLLiteral", "fmType": "5", "fmId": "-1", "value": "This file contains the SIG code that indicates how this drug is to be given.", "type": "typed-literal"}, "number": "4", "flags": "F", "location": "0;5", "type": "4", "name": "sig"}], "fmql": {"TYPELABEL": "CONCOMITANT DRUGS", "TYPE": "120_8513", "OP": "DESCRIBE TYPE"}, "name": "CONCOMITANT DRUGS", "parent": "120.85", "number": "120.8513"}