{"fields": [{"index": "B", "name": "interacting_med_order", "number": ".01", "flags": "F", "location": "0;1", "type": "4"}, {"type": "4", "location": "0;3", "flags": "F", "number": "2", "name": "status"}, {"type": "4", "location": "0;4", "flags": "F", "number": "3", "name": "remote_location"}, {"name": "interacting_drugs", "number": "4", "flags": "100.51534", "details": "100.51534", "type": "9", "location": "1;0"}], "fmql": {"TYPELABEL": "INTERACTING MED ORDER", "TYPE": "100_5153", "OP": "DESCRIBE TYPE"}, "name": "INTERACTING MED ORDER", "parent": "100.515", "number": "100.5153"}