{"count": "0", "description": {"datatype": "http://www.w3.org/1999/02/22-rdf-syntax-ns#XMLLiteral", "fmType": "5", "fmId": "-1", "value": "This file contains a list of nutrition plan actions which are\rlisted on the Nutrition Screening form.", "type": "typed-literal"}, "fields": [{"index": "B", "name": "name", "number": ".01", "flags": "RF", "location": "0;1", "type": "4", "description": {"datatype": "http://www.w3.org/1999/02/22-rdf-syntax-ns#XMLLiteral", "fmType": "5", "fmId": "-1", "value": "This is the text name of the nutrition plan entry.", "type": "typed-literal"}}, {"index": "C", "name": "uppercase_name", "number": "101", "flags": "F", "location": "0;2", "type": "4", "description": {"datatype": "http://www.w3.org/1999/02/22-rdf-syntax-ns#XMLLiteral", "fmType": "5", "fmId": "-1", "value": "This is the text of the plan entry in uppercase text.", "type": "typed-literal"}}], "fmql": {"TYPELABEL": "DIETETIC NUTRITION PLAN", "TYPE": "115_5", "OP": "DESCRIBE TYPE"}, "number": "115.5", "location": "^FH(115.5,", "name": "DIETETIC NUTRITION PLAN"}