{"fields": [{"index": "B", "name": "diabetic_exchange", "description": {"datatype": "http://www.w3.org/1999/02/22-rdf-syntax-ns#XMLLiteral", "fmType": "5", "fmId": "-1", "value": "This multiple contains the Diabetic exchanges associated with\rthis recipe.", "type": "typed-literal"}, "number": ".01", "flags": "MP114.1'", "location": "0;1", "type": "7", "details": "114.1"}, {"description": {"datatype": "http://www.w3.org/1999/02/22-rdf-syntax-ns#XMLLiteral", "fmType": "5", "fmId": "-1", "value": "This is the quantity of the Diabetic exchange that needs to be\romitted when the recipe is used in a meal for the Diabetic\rcalculated diets.", "type": "typed-literal"}, "number": "1", "flags": "RNJ1,0", "location": "0;2", "type": "2", "name": "quantity"}], "fmql": {"TYPELABEL": "DIABETIC EXCHANGE", "TYPE": "114_0103", "OP": "DESCRIBE TYPE"}, "name": "DIABETIC EXCHANGE", "parent": "114", "number": "114.0103"}