{"fields": [{"index": "B", "name": "date_time_of_activity", "number": ".01", "flags": "D", "location": "0;1", "type": "1", "description": {"datatype": "http://www.w3.org/1999/02/22-rdf-syntax-ns#XMLLiteral", "fmType": "5", "fmId": "-1", "value": "This is the actual date and time that the activity occurred.", "type": "typed-literal"}}, {"name": "type_of_event_activity", "description": {"datatype": "http://www.w3.org/1999/02/22-rdf-syntax-ns#XMLLiteral", "fmType": "5", "fmId": "-1", "value": "This field is a code indicating the type of activity that occurred.  This \rmay be new, edited, re-entered, manually released, deleted or cancelled.\r \rAn event may also be \"lapsed\" if it stays unprocessed beyond the time\rframe defined by the \"Lapse in #Days\" field of the OE/RR RELEASE EVENTS\rfile #100.5 for this event.", "type": "typed-literal"}, "number": "2", "flags": "RS", "details": "NW:NEW;ED:EDITED;RE:REENTERED;MN:MANUALLY RELEASED;LP:LAPSED;DL:DELETED;CA:CANCELLED;", "type": "3", "location": "0;2"}, {"name": "user", "description": {"datatype": "http://www.w3.org/1999/02/22-rdf-syntax-ns#XMLLiteral", "fmType": "5", "fmId": "-1", "value": "This field is the user who entered or modified the activity.", "type": "typed-literal"}, "number": "3", "flags": "P200'", "details": "200", "type": "7", "location": "0;3"}, {"name": "event_type", "description": {"datatype": "http://www.w3.org/1999/02/22-rdf-syntax-ns#XMLLiteral", "fmType": "5", "fmId": "-1", "value": "This field is the type of event that was processed.  This could be \radmission, discharge, transfer, O.R. (surgery), or specialty change.", "type": "typed-literal"}, "number": "4", "flags": "S", "details": "A:ADMISSION;T:TRANSFER;D:DISCHARGE;O:O.R.;S:SPECIALTY CHANGE;", "type": "3", "location": "0;4"}, {"name": "mas_movement_type", "description": {"datatype": "http://www.w3.org/1999/02/22-rdf-syntax-ns#XMLLiteral", "fmType": "5", "fmId": "-1", "value": "This field is the MAS Movement Type of the activity that was processed, if\rit was an MAS patient movement.", "type": "typed-literal"}, "number": "5", "flags": "P405.2'", "details": "405.2", "type": "7", "location": "0;5"}, {"name": "treating_specialty", "description": {"datatype": "http://www.w3.org/1999/02/22-rdf-syntax-ns#XMLLiteral", "fmType": "5", "fmId": "-1", "value": "This field is the treating specialty associated with this activity, if it\ris an MAS patient movement.", "type": "typed-literal"}, "number": "6", "flags": "P45.7'", "details": "45.7", "type": "7", "location": "0;6"}, {"name": "ward_location", "description": {"datatype": "http://www.w3.org/1999/02/22-rdf-syntax-ns#XMLLiteral", "fmType": "5", "fmId": "-1", "value": "This field is the ward location associated with this activity, if it is an\rMAS patient movement.", "type": "typed-literal"}, "number": "7", "flags": "P42'", "details": "42", "type": "7", "location": "0;7"}], "fmql": {"TYPELABEL": "ACTIVITY", "TYPE": "100_25", "OP": "DESCRIBE TYPE"}, "name": "ACTIVITY", "parent": "100.2", "number": "100.25"}