{"fields": [{"name": "discontinued_order", "description": {"datatype": "http://www.w3.org/1999/02/22-rdf-syntax-ns#XMLLiteral", "fmType": "5", "fmId": "-1", "value": "This field is the number of the order in the Orders file #100.", "type": "typed-literal"}, "number": ".01", "flags": "MP100'X", "details": "100", "type": "7", "location": "0;1"}, {"name": "by_package", "description": {"datatype": "http://www.w3.org/1999/02/22-rdf-syntax-ns#XMLLiteral", "fmType": "5", "fmId": "-1", "value": "This is the VistA package whose protocol on the DGPM MOVEMENT EVENTS\rdriver caused this order to auto-dc, instead of the OE/RR AUTO-DC RULE.\rThese orders are tracked here so that they can all be displayed in the\r\"Auto-DC/Release Events\" view, including the complete movement data in\rthe Detailed Display.", "type": "typed-literal"}, "number": "2", "flags": "S", "details": "FH:DIETETICS;LR:LABORATORY;PS:PHARMACY;", "type": "3", "location": "0;2"}], "fmql": {"TYPELABEL": "DISCONTINUED ORDERS", "TYPE": "100_27", "OP": "DESCRIBE TYPE"}, "name": "DISCONTINUED ORDERS", "parent": "100.2", "number": "100.27"}