{"count": "0", "description": {"datatype": "http://www.w3.org/1999/02/22-rdf-syntax-ns#XMLLiteral", "fmType": "5", "fmId": "-1", "value": "This file is a list of Communication Offices and associated parameters.\rA Communication Office has responsibility for processing diet orders\rfor a group of wards.", "type": "typed-literal"}, "fields": [{"index": "B", "name": "name", "number": ".01", "flags": "RF", "location": "0;1", "type": "4", "description": {"datatype": "http://www.w3.org/1999/02/22-rdf-syntax-ns#XMLLiteral", "fmType": "5", "fmId": "-1", "value": "This is the name of the Communication Office. It is responsible for\rprocessing the diet orders from a group of Dietetic wards.", "type": "typed-literal"}}, {"name": "production_facility", "description": {"datatype": "http://www.w3.org/1999/02/22-rdf-syntax-ns#XMLLiteral", "fmType": "5", "fmId": "-1", "value": "This field indicates the Production Facility responsible \rfor preparing the food served by this Communication Office.", "type": "typed-literal"}, "number": "2", "flags": "P119.71'", "details": "119.71", "type": "7", "location": "0;4"}, {"description": {"datatype": "http://www.w3.org/1999/02/22-rdf-syntax-ns#XMLLiteral", "fmType": "5", "fmId": "-1", "value": "This is the latest time for which breakfast orders will be accepted\rand is used as the time associated with the use of the 'B' (for\rbreakfast) time in diet orders.", "type": "typed-literal"}, "number": "6", "flags": "RFX", "location": "2;7", "type": "4", "name": "begin_breakfast_window"}, {"description": {"datatype": "http://www.w3.org/1999/02/22-rdf-syntax-ns#XMLLiteral", "fmType": "5", "fmId": "-1", "value": "This is the latest time for which noon orders will be accepted\rand is used as the time associated with the use of the 'N' (for\rnoon) time in diet orders.", "type": "typed-literal"}, "number": "7", "flags": "RFX", "location": "2;8", "type": "4", "name": "begin_noon_window"}, {"description": {"datatype": "http://www.w3.org/1999/02/22-rdf-syntax-ns#XMLLiteral", "fmType": "5", "fmId": "-1", "value": "This is the latest time for which evening orders will be accepted\rand is used as the time associated with the use of the 'E' (for\revening) time in diet orders.", "type": "typed-literal"}, "number": "8", "flags": "RFX", "location": "2;9", "type": "4", "name": "begin_evening_window"}, {"name": "provide_bagged_meals", "description": {"datatype": "http://www.w3.org/1999/02/22-rdf-syntax-ns#XMLLiteral", "fmType": "5", "fmId": "-1", "value": "If answered YES, this field indicates that bagged meals can be\rordered as part of the early/late tray ordering process.", "type": "typed-literal"}, "number": "9", "flags": "S", "details": "Y:YES;N:NO;", "type": "3", "location": "2;10"}, {"description": {"datatype": "http://www.w3.org/1999/02/22-rdf-syntax-ns#XMLLiteral", "fmType": "5", "fmId": "-1", "value": "This is the first delivery time for an early breakfast tray.", "type": "typed-literal"}, "number": "10", "flags": "FX", "location": "1;1", "type": "4", "name": "early_breakfast_time_1"}, {"description": {"datatype": "http://www.w3.org/1999/02/22-rdf-syntax-ns#XMLLiteral", "fmType": "5", "fmId": "-1", "value": "This is the second delivery time for an early breakfast tray.", "type": "typed-literal"}, "number": "11", "flags": "FX", "location": "1;2", "type": "4", "name": "early_breakfast_time_2"}, {"description": {"datatype": "http://www.w3.org/1999/02/22-rdf-syntax-ns#XMLLiteral", "fmType": "5", "fmId": "-1", "value": "This is the third delivery time for an early breakfast tray.", "type": "typed-literal"}, "number": "12", "flags": "FX", "location": "1;3", "type": "4", "name": "early_breakfast_time_3"}, {"description": {"datatype": "http://www.w3.org/1999/02/22-rdf-syntax-ns#XMLLiteral", "fmType": "5", "fmId": "-1", "value": "This is the first delivery time for a late breakfast tray.", "type": "typed-literal"}, "number": "13", "flags": "FX", "location": "1;4", "type": "4", "name": "late_breakfast_time_1"}, {"description": {"datatype": "http://www.w3.org/1999/02/22-rdf-syntax-ns#XMLLiteral", "fmType": "5", "fmId": "-1", "value": "This is the second delivery time for a late breakfast tray.", "type": "typed-literal"}, "number": "14", "flags": "FX", "location": "1;5", "type": "4", "name": "late_breakfast_time_2"}, {"description": {"datatype": "http://www.w3.org/1999/02/22-rdf-syntax-ns#XMLLiteral", "fmType": "5", "fmId": "-1", "value": "This is the third delivery time for a late breakfast tray.", "type": "typed-literal"}, "number": "15", "flags": "FX", "location": "1;6", "type": "4", "name": "late_breakfast_time_3"}, {"description": {"datatype": "http://www.w3.org/1999/02/22-rdf-syntax-ns#XMLLiteral", "fmType": "5", "fmId": "-1", "value": "This is the first delivery time for an early noon tray.", "type": "typed-literal"}, "number": "16", "flags": "FX", "location": "1;7", "type": "4", "name": "early_noon_time_1"}, {"description": {"datatype": "http://www.w3.org/1999/02/22-rdf-syntax-ns#XMLLiteral", "fmType": "5", "fmId": "-1", "value": "This is the second delivery time for an early noon tray.", "type": "typed-literal"}, "number": "17", "flags": "FX", "location": "1;8", "type": "4", "name": "early_noon_time_2"}, {"description": {"datatype": "http://www.w3.org/1999/02/22-rdf-syntax-ns#XMLLiteral", "fmType": "5", "fmId": "-1", "value": "This is the third delivery time for an early noon tray.", "type": "typed-literal"}, "number": "18", "flags": "FX", "location": "1;9", "type": "4", "name": "early_noon_time_3"}, {"description": {"datatype": "http://www.w3.org/1999/02/22-rdf-syntax-ns#XMLLiteral", "fmType": "5", "fmId": "-1", "value": "This is the first delivery time for a late noon tray.", "type": "typed-literal"}, "number": "19", "flags": "FX", "location": "1;10", "type": "4", "name": "late_noon_time_1"}, {"description": {"datatype": "http://www.w3.org/1999/02/22-rdf-syntax-ns#XMLLiteral", "fmType": "5", "fmId": "-1", "value": "This is the second delivery time for a late noon tray.", "type": "typed-literal"}, "number": "20", "flags": "FX", "location": "1;11", "type": "4", "name": "late_noon_time_2"}, {"description": {"datatype": "http://www.w3.org/1999/02/22-rdf-syntax-ns#XMLLiteral", "fmType": "5", "fmId": "-1", "value": "This is the third delivery time for a late noon tray.", "type": "typed-literal"}, "number": "21", "flags": "FX", "location": "1;12", "type": "4", "name": "late_noon_time_3"}, {"description": {"datatype": "http://www.w3.org/1999/02/22-rdf-syntax-ns#XMLLiteral", "fmType": "5", "fmId": "-1", "value": "This is the first delivery time for an early evening tray.", "type": "typed-literal"}, "number": "22", "flags": "FX", "location": "1;13", "type": "4", "name": "early_evening_time_1"}, {"description": {"datatype": "http://www.w3.org/1999/02/22-rdf-syntax-ns#XMLLiteral", "fmType": "5", "fmId": "-1", "value": "This is the second delivery time for an early evening tray.", "type": "typed-literal"}, "number": "23", "flags": "FX", "location": "1;14", "type": "4", "name": "early_evening_time_2"}, {"description": {"datatype": "http://www.w3.org/1999/02/22-rdf-syntax-ns#XMLLiteral", "fmType": "5", "fmId": "-1", "value": "This is the third delivery time for an early evening tray.", "type": "typed-literal"}, "number": "24", "flags": "FX", "location": "1;15", "type": "4", "name": "early_evening_time_3"}, {"description": {"datatype": "http://www.w3.org/1999/02/22-rdf-syntax-ns#XMLLiteral", "fmType": "5", "fmId": "-1", "value": "This is the first delivery time for a late evening tray.", "type": "typed-literal"}, "number": "25", "flags": "FX", "location": "1;16", "type": "4", "name": "late_evening_time_1"}, {"description": {"datatype": "http://www.w3.org/1999/02/22-rdf-syntax-ns#XMLLiteral", "fmType": "5", "fmId": "-1", "value": "This is the second delivery time for a late evening tray.", "type": "typed-literal"}, "number": "26", "flags": "FX", "location": "1;17", "type": "4", "name": "late_evening_time_2"}, {"description": {"datatype": "http://www.w3.org/1999/02/22-rdf-syntax-ns#XMLLiteral", "fmType": "5", "fmId": "-1", "value": "This is the third delivery time for a late evening tray.", "type": "typed-literal"}, "number": "27", "flags": "FX", "location": "1;18", "type": "4", "name": "late_evening_time_3"}, {"description": {"datatype": "http://www.w3.org/1999/02/22-rdf-syntax-ns#XMLLiteral", "fmType": "5", "fmId": "-1", "value": "This is the beginning of the late breakfast alarm period; that\ris the time when persons entering diet orders will be reminded\rthat the normal cut-off time has passed and a late tray will\rhave to be ordered for breakfast if desired.", "type": "typed-literal"}, "number": "28", "flags": "FXO", "location": "2;1", "type": "4", "name": "late_breakfast_alarm_begin"}, {"description": {"datatype": "http://www.w3.org/1999/02/22-rdf-syntax-ns#XMLLiteral", "fmType": "5", "fmId": "-1", "value": "This is the end of the breakfast alarm period. It should be\rone or two minutes earlier than the last breakfast late tray delivery\rtime.", "type": "typed-literal"}, "number": "29", "flags": "FXO", "location": "2;2", "type": "4", "name": "late_breakfast_alarm_end"}, {"description": {"datatype": "http://www.w3.org/1999/02/22-rdf-syntax-ns#XMLLiteral", "fmType": "5", "fmId": "-1", "value": "This is the beginning of the noon alarm period; persons entering\rdiet orders will be reminded that the noon cut-off has passed\rand a late noon tray will have to be ordered if desired.", "type": "typed-literal"}, "number": "30", "flags": "FXO", "location": "2;3", "type": "4", "name": "late_noon_alarm_begin"}, {"description": {"datatype": "http://www.w3.org/1999/02/22-rdf-syntax-ns#XMLLiteral", "fmType": "5", "fmId": "-1", "value": "This is the end of the noon alarm period and should be one or two\rminutes earlier than the last noon late tray delivery time.", "type": "typed-literal"}, "number": "31", "flags": "FXO", "location": "2;4", "type": "4", "name": "late_noon_alarm_end"}, {"description": {"datatype": "http://www.w3.org/1999/02/22-rdf-syntax-ns#XMLLiteral", "fmType": "5", "fmId": "-1", "value": "This is the beginning of the evening alarm period; that is the period\rwhen persons entering diet orders will be reminded that the\revening cut-off has passed and a late evening tray will have\rto be ordered if desired.", "type": "typed-literal"}, "number": "32", "flags": "FXO", "location": "2;5", "type": "4", "name": "late_evening_alarm_begin"}, {"description": {"datatype": "http://www.w3.org/1999/02/22-rdf-syntax-ns#XMLLiteral", "fmType": "5", "fmId": "-1", "value": "This is the end of the evening alarm period and should be one or\rtwo minutes earlier than the last evening late tray delivery\rtime.", "type": "typed-literal"}, "number": "33", "flags": "FXO", "location": "2;6", "type": "4", "name": "late_evening_alarm_end"}, {"name": "inactive", "description": {"datatype": "http://www.w3.org/1999/02/22-rdf-syntax-ns#XMLLiteral", "fmType": "5", "fmId": "-1", "value": "This field, if answered YES, will prohibit\rfurther selection of this entry.", "type": "typed-literal"}, "number": "99", "flags": "S", "details": "Y:YES;N:NO;", "type": "3", "location": "I;1"}, {"description": {"datatype": "http://www.w3.org/1999/02/22-rdf-syntax-ns#XMLLiteral", "fmType": "5", "fmId": "-1", "value": "This is the date/time of the last Diet Activity report generated for\rthis Communication Office. It is used so that the following report\rwill show only changes after this date/time.", "type": "typed-literal"}, "number": "101", "flags": "D", "location": "0;2", "type": "1", "name": "date_time_last_update"}, {"description": {"datatype": "http://www.w3.org/1999/02/22-rdf-syntax-ns#XMLLiteral", "fmType": "5", "fmId": "-1", "value": "This is the last date/time the labels were generated for the\rDiet Activity Report", "type": "typed-literal"}, "number": "102", "flags": "D", "location": "0;3", "type": "1", "name": "last_label_update"}], "fmql": {"TYPELABEL": "COMMUNICATION OFFICE", "TYPE": "119_73", "OP": "DESCRIBE TYPE"}, "number": "119.73", "location": "^FH(119.73,", "name": "COMMUNICATION OFFICE"}