{"fields": [{"index": "B", "name": "update_teams_w_o_notifications", "description": {"datatype": "http://www.w3.org/1999/02/22-rdf-syntax-ns#XMLLiteral", "fmType": "5", "fmId": "-1", "value": "This field allows team lists from the OE/RR LIST (#100.21) file to be\rentered. All users will have update authority for requests directed to\rthis service but will not be used as notification recipients. ", "type": "typed-literal"}, "number": ".01", "flags": "MP100.21'", "location": "0;1", "type": "7", "details": "100.21"}], "fmql": {"TYPELABEL": "UPDATE TEAMS W/O NOTIFICATIONS", "TYPE": "123_57", "OP": "DESCRIBE TYPE"}, "name": "UPDATE TEAMS W/O NOTIFICATIONS", "parent": "123.5", "number": "123.57"}