{"fields": [{"index": "B", "name": "remote_result_date", "number": ".01", "flags": "D", "location": "0;1", "type": "1", "description": {"datatype": "http://www.w3.org/1999/02/22-rdf-syntax-ns#XMLLiteral", "fmType": "5", "fmId": "-1", "value": "This is the date/time that a remote result was added to the record.", "type": "typed-literal"}}, {"description": {"datatype": "http://www.w3.org/1999/02/22-rdf-syntax-ns#XMLLiteral", "fmType": "5", "fmId": "-1", "value": "This is the free text representation of a variable pointer from a remote \rfacility. The facility is referenced in the RESULTING SITE field. ", "type": "typed-literal"}, "number": ".02", "flags": "F", "location": "0;2", "type": "4", "name": "remote_associated_result"}, {"name": "resulting_site", "description": {"datatype": "http://www.w3.org/1999/02/22-rdf-syntax-ns#XMLLiteral", "fmType": "5", "fmId": "-1", "value": "This field is a pointer to the INSTITUION file and contains the \rinstitution that stores the result referenced in the REMOTE ASSOCIATED \rRESULT FIELD.", "type": "typed-literal"}, "number": ".03", "flags": "P4'", "details": "4", "type": "7", "location": "0;3"}], "fmql": {"TYPELABEL": "REMOTE RESULTS", "TYPE": "123_051", "OP": "DESCRIBE TYPE"}, "name": "REMOTE RESULTS", "parent": "123", "number": "123.051"}