{"count": "0", "description": {"datatype": "http://www.w3.org/1999/02/22-rdf-syntax-ns#XMLLiteral", "fmType": "5", "fmId": "-1", "value": "This is a list of AMIS Reporting Codes for the DSS IDs (STOP CODE file\r#40.7) that are used by the ancillary packages that will be treated as\roccasion of service and not as primary encounters.", "type": "typed-literal"}, "fields": [{"index": "B", "name": "amis_code", "number": ".01", "flags": "RNJ3,0X", "location": "0;1", "type": "2"}], "fmql": {"TYPELABEL": "ANCILLARY DSS ID", "TYPE": "150_1", "OP": "DESCRIBE TYPE"}, "number": "150.1", "location": "^VSIT(150.1,", "name": "ANCILLARY DSS ID"}