{"count": "0", "description": {"datatype": "http://www.w3.org/1999/02/22-rdf-syntax-ns#XMLLiteral", "fmType": "5", "fmId": "-1", "value": "This file contains a patient's intake and output measurements.", "type": "typed-literal"}, "fields": [{"index": "B", "name": "patient", "description": {"datatype": "http://www.w3.org/1999/02/22-rdf-syntax-ns#XMLLiteral", "fmType": "5", "fmId": "-1", "value": "This field identifies the patient for whom these intake/output measurements\rpertain.  Pointer to the Patient file (#2).", "type": "typed-literal"}, "number": ".01", "flags": "RP2'X", "location": "0;1", "type": "7", "details": "2"}, {"name": "intake", "description": {"datatype": "http://www.w3.org/1999/02/22-rdf-syntax-ns#XMLLiteral", "fmType": "5", "fmId": "-1", "value": "This field contains the patient's cumulative intake within an interval\rof time.", "type": "typed-literal"}, "number": "1", "flags": "126.01IDA", "details": "126.01", "type": "9", "location": "IN;0"}, {"name": "output", "description": {"datatype": "http://www.w3.org/1999/02/22-rdf-syntax-ns#XMLLiteral", "fmType": "5", "fmId": "-1", "value": "This field contains the patient's cumulative output for an interval of time.", "type": "typed-literal"}, "number": "2", "flags": "126.02IDA", "details": "126.02", "type": "9", "location": "OUT;0"}, {"name": "iv", "description": {"datatype": "http://www.w3.org/1999/02/22-rdf-syntax-ns#XMLLiteral", "fmType": "5", "fmId": "-1", "value": "This multiple documents all information specific to the starting and\rdiscontinuation of an intravenous(IV) fluid on a patient.", "type": "typed-literal"}, "number": "3", "flags": "126.03IDA", "details": "126.03", "type": "9", "location": "IV;0"}, {"name": "iv_maintenance", "description": {"datatype": "http://www.w3.org/1999/02/22-rdf-syntax-ns#XMLLiteral", "fmType": "5", "fmId": "-1", "value": "This multiple records the patient's IV maintenance or care including the IV\rinfusion site care, IV tube change(s) and dressing change(s).", "type": "typed-literal"}, "number": "4", "flags": "126.04", "details": "126.04", "type": "9", "location": "IVM;0"}], "fmql": {"TYPELABEL": "GMRY PATIENT I/O FILE", "TYPE": "126", "OP": "DESCRIBE TYPE"}, "number": "126", "location": "^GMR(126,", "name": "GMRY PATIENT I/O FILE"}