{"fields": [{"name": "restr__position_aids", "description": {"datatype": "http://www.w3.org/1999/02/22-rdf-syntax-ns#XMLLiteral", "fmType": "5", "fmId": "-1", "value": "This is the restraint or positioning aid needed for securing the\rpatient for the operative procedure.  This information appears\ron the Nurse Intraoperative Report if entered.\r ", "type": "typed-literal"}, "number": ".01", "flags": "*P132.05'", "details": "132.05", "type": "7", "location": "0;1"}, {"name": "applied_by", "description": {"datatype": "http://www.w3.org/1999/02/22-rdf-syntax-ns#XMLLiteral", "fmType": "5", "fmId": "-1", "value": "This is the person responsible for applying the restraint or positioning\raid.  Although optional, this information may be useful in documenting\rthis case.  If entered, it will appear on the Nurse Intraoperative Report.\r ", "type": "typed-literal"}, "number": "1", "flags": "*P200'", "details": "200", "type": "7", "location": "0;2"}, {"description": {"datatype": "http://www.w3.org/1999/02/22-rdf-syntax-ns#XMLLiteral", "fmType": "5", "fmId": "-1", "value": "This contains brief comments related to where or why a restraint\ror positioning aid was applied.  Your answer can be up to 45\rcharacters in length.\r ", "type": "typed-literal"}, "number": "2", "flags": "F", "location": "0;3", "type": "4", "name": "restraint_comments"}], "fmql": {"TYPELABEL": "RESTR & POSITION AIDS", "TYPE": "130_31", "OP": "DESCRIBE TYPE"}, "name": "RESTR & POSITION AIDS", "parent": "130", "number": "130.31"}