{"count": "0", "name": "CONSULTS PARAMETERS FILE", "fields": [{"index": "B", "name": "site_name", "description": {"datatype": "http://www.w3.org/1999/02/22-rdf-syntax-ns#XMLLiteral", "fmType": "5", "fmId": "-1", "value": "This is the name of the Hospital site. It should be the same as that found\rin the INSTITUTION File.", "type": "typed-literal"}, "number": ".01", "flags": "RP4'", "location": "0;1", "type": "7", "details": "4"}, {"name": "multidivision_multisite", "description": {"datatype": "http://www.w3.org/1999/02/22-rdf-syntax-ns#XMLLiteral", "fmType": "5", "fmId": "-1", "value": "This is a parameter for determining if a site has multiple divisions,\rmultiple  sites, or neither. If there are multiple divisions or\rsites, Consults will prompt for the site or division that\rthe medical service is in.", "type": "typed-literal"}, "number": "1", "flags": "S", "details": "0:NO;1:YES;", "type": "3", "location": "0;2"}, {"name": "division_site_medical_service", "description": {"datatype": "http://www.w3.org/1999/02/22-rdf-syntax-ns#XMLLiteral", "fmType": "5", "fmId": "-1", "value": "In a hospital that supports multiple divisions/sites, this field will allow\rall of the hospitals divisions/sites medical services to be entered. It is\rrecommended that the divisions/sites medical services be prefixed with an\ridentifier for the division/site, i.e., 'WACO MEDICINE'. If the hospital\rhas a '1' in the Multi-Division/Site parameter field, then when a site\renters the medicine package interface, the Division/Site Medical service\rto use will be asked for, i.e., 'ENTER DIVISION/SITE MEDICAL SERVICE: \rWACO MEDICINE' is the prompt/response.", "type": "typed-literal"}, "number": "2", "flags": "123.92P", "details": "123.92", "type": "9", "location": "123;0"}, {"name": "use_cprs_513_print_templates", "description": {"datatype": "http://www.w3.org/1999/02/22-rdf-syntax-ns#XMLLiteral", "fmType": "5", "fmId": "-1", "value": "If a site used OE/RR 2.5 print templates to print Form 513 in Consult/Request\rTracking V 2.5 wants to continue using these templates in version 3.0, \r entering a 'Y' here will cause Form 513 to use the fields defined in\rCPRS print templates. If a site wishes to use the generic Form 513\rprint routine provided with Consult/Request Tracking V 3.0,\renter a 'N' in this field.", "type": "typed-literal"}, "number": "3", "flags": "S", "details": "0:NO;1:YES;", "type": "3", "location": "0;3"}, {"name": "ask_for_significant_findings", "description": {"datatype": "http://www.w3.org/1999/02/22-rdf-syntax-ns#XMLLiteral", "fmType": "5", "fmId": "-1", "value": "This field sets a parameter that is checked when TIU results are entered\rfor a consult request. If this parameter is set to 1 ('YES') then the\rperson entering the result is asked if the result is a significant\rfinding. If this parameter is set to 0 ('NO'), then the entering clinician\rwill see no prompt asking whether this is a significant finding.", "type": "typed-literal"}, "number": "4", "flags": "S", "details": "0:NO;1:YES;", "type": "3", "location": "0;4"}, {"name": "gmrcr_protocol", "number": "99", "flags": "123.99P", "details": "123.99", "type": "9", "location": "99;0"}, {"name": "prev3_action_iens_from_1231", "number": "999", "flags": "123.9999", "details": "123.9999", "type": "9", "location": "OLD;0"}], "fmql": {"TYPELABEL": "CONSULTS PARAMETERS FILE", "TYPE": "123_9", "OP": "DESCRIBE TYPE"}, "number": "123.9", "location": "^GMR(123.9,"}