{"count": "0", "description": {"datatype": "http://www.w3.org/1999/02/22-rdf-syntax-ns#XMLLiteral", "fmType": "5", "fmId": "-1", "value": "This file contains both standard USDA nutrient data based upon\rHandbook 456 and Revised Handbook 8 as well as user entered data.\rThe standard data includes 32 common nutrients.", "type": "typed-literal"}, "fields": [{"index": "B", "name": "name", "number": ".01", "flags": "RF", "location": "0;1", "type": "4", "description": {"datatype": "http://www.w3.org/1999/02/22-rdf-syntax-ns#XMLLiteral", "fmType": "5", "fmId": "-1", "value": "This field contains the name of the food nutrient item.", "type": "typed-literal"}}, {"index": "C", "name": "code", "number": "1", "flags": "F", "location": "0;2", "type": "4", "description": {"datatype": "http://www.w3.org/1999/02/22-rdf-syntax-ns#XMLLiteral", "fmType": "5", "fmId": "-1", "value": "This field, if present, contains the USDA code of the food\rnutrient item. It may be either a Revised Handbook 8 number\ror a Handbook 456 number.", "type": "typed-literal"}}, {"description": {"datatype": "http://www.w3.org/1999/02/22-rdf-syntax-ns#XMLLiteral", "fmType": "5", "fmId": "-1", "value": "This field represents the type of common units used (e.g., oz.,\rserving, each) when quantities are to be represented in common\runits.", "type": "typed-literal"}, "number": "2", "flags": "F", "location": "0;3", "type": "4", "name": "common_units"}, {"description": {"datatype": "http://www.w3.org/1999/02/22-rdf-syntax-ns#XMLLiteral", "fmType": "5", "fmId": "-1", "value": "This field contains the number of grams in the common unit\rspecified for this nutrient.", "type": "typed-literal"}, "number": "3", "flags": "NJ8,3", "location": "0;4", "type": "2", "name": "grams_common_unit"}, {"name": "original_name_on_quick_list", "description": {"datatype": "http://www.w3.org/1999/02/22-rdf-syntax-ns#XMLLiteral", "fmType": "5", "fmId": "-1", "value": "This field, when answered YES, means that the main name\rof this nutrient will be on a Quick List for rapid look-up.\rIn short, this is a commonly used item.", "type": "typed-literal"}, "number": "4", "flags": "S", "details": "Y:YES;N:NO;", "type": "3", "location": ".6;1"}, {"index": "B", "name": "alternate_name", "number": "4.2", "flags": "F", "location": ".6;2", "type": "4", "description": {"datatype": "http://www.w3.org/1999/02/22-rdf-syntax-ns#XMLLiteral", "fmType": "5", "fmId": "-1", "value": "This field may contain an alternate name for the nutrient item.", "type": "typed-literal"}}, {"name": "alt_name_quick_list", "description": {"datatype": "http://www.w3.org/1999/02/22-rdf-syntax-ns#XMLLiteral", "fmType": "5", "fmId": "-1", "value": "This field, when answered YES, means that the alternate name\rof this nutrient is also on the Quick List for rapid look-up.", "type": "typed-literal"}, "number": "4.4", "flags": "S", "details": "Y:YES;N:NO;", "type": "3", "location": ".6;3"}, {"description": {"datatype": "http://www.w3.org/1999/02/22-rdf-syntax-ns#XMLLiteral", "fmType": "5", "fmId": "-1", "value": "This field contains the percentage of the as purchased weight\rthat is present after preparation.", "type": "typed-literal"}, "number": "5", "flags": "NJ3,0", "location": "0;5", "type": "2", "name": "_as_purchased"}, {"name": "editable", "description": {"datatype": "http://www.w3.org/1999/02/22-rdf-syntax-ns#XMLLiteral", "fmType": "5", "fmId": "-1", "value": "This field, when answered NO, means that the item is an USDA\ritem and that the Handbook values for the various nutrients\rcannot be edited by dietetic personnel.", "type": "typed-literal"}, "number": "6", "flags": "SI", "details": "Y:YES;N:NO;", "type": "3", "location": "0;6"}, {"name": "type", "description": {"datatype": "http://www.w3.org/1999/02/22-rdf-syntax-ns#XMLLiteral", "fmType": "5", "fmId": "-1", "value": "This field, if E, will allow selection of edible foods for energy\ranalyses; if R, can be selected for recipe analyses.\rIf X, analysis is of a recipe in File 114 and cannot be selected.", "type": "typed-literal"}, "number": "7", "flags": "S", "details": "E:EDIBLE;R:RAW/RARE;X:RECIPE;", "type": "3", "location": "0;7"}, {"description": {"datatype": "http://www.w3.org/1999/02/22-rdf-syntax-ns#XMLLiteral", "fmType": "5", "fmId": "-1", "value": "This is the value per 100 grams for this nutrient.", "type": "typed-literal"}, "number": "11", "flags": "NJ9,3", "location": "1;1", "type": "2", "name": "protein_gm_100g"}, {"description": {"datatype": "http://www.w3.org/1999/02/22-rdf-syntax-ns#XMLLiteral", "fmType": "5", "fmId": "-1", "value": "This is the value per 100 grams for this nutrient.", "type": "typed-literal"}, "number": "12", "flags": "NJ9,3", "location": "1;2", "type": "2", "name": "lipids_gm_100g"}, {"description": {"datatype": "http://www.w3.org/1999/02/22-rdf-syntax-ns#XMLLiteral", "fmType": "5", "fmId": "-1", "value": "This is the value per 100 grams for this nutrient.", "type": "typed-literal"}, "number": "13", "flags": "NJ9,3", "location": "1;3", "type": "2", "name": "carbohydrate_gm_100g"}, {"description": {"datatype": "http://www.w3.org/1999/02/22-rdf-syntax-ns#XMLLiteral", "fmType": "5", "fmId": "-1", "value": "This is the value per 100 grams for this nutrient.", "type": "typed-literal"}, "number": "14", "flags": "NJ9,3", "location": "1;4", "type": "2", "name": "food_energy_kcal_100g"}, {"description": {"datatype": "http://www.w3.org/1999/02/22-rdf-syntax-ns#XMLLiteral", "fmType": "5", "fmId": "-1", "value": "This is the value per 100 grams for this nutrient.", "type": "typed-literal"}, "number": "15", "flags": "NJ9,3", "location": "1;5", "type": "2", "name": "water_gm_100g"}, {"description": {"datatype": "http://www.w3.org/1999/02/22-rdf-syntax-ns#XMLLiteral", "fmType": "5", "fmId": "-1", "value": "This is the value per 100 grams for this nutrient.", "type": "typed-literal"}, "number": "18", "flags": "NJ9,3", "location": "1;8", "type": "2", "name": "calcium_mg_100g"}, {"description": {"datatype": "http://www.w3.org/1999/02/22-rdf-syntax-ns#XMLLiteral", "fmType": "5", "fmId": "-1", "value": "This is the value per 100 grams for this nutrient.", "type": "typed-literal"}, "number": "19", "flags": "NJ9,3", "location": "1;9", "type": "2", "name": "iron_mg_100g"}, {"description": {"datatype": "http://www.w3.org/1999/02/22-rdf-syntax-ns#XMLLiteral", "fmType": "5", "fmId": "-1", "value": "This is the value per 100 grams for this nutrient.", "type": "typed-literal"}, "number": "20", "flags": "NJ9,3", "location": "1;10", "type": "2", "name": "magnesium_mg_100g"}, {"description": {"datatype": "http://www.w3.org/1999/02/22-rdf-syntax-ns#XMLLiteral", "fmType": "5", "fmId": "-1", "value": "This is the value per 100 grams for this nutrient.", "type": "typed-literal"}, "number": "21", "flags": "NJ9,3", "location": "1;11", "type": "2", "name": "phosphorus_mg_100g"}, {"description": {"datatype": "http://www.w3.org/1999/02/22-rdf-syntax-ns#XMLLiteral", "fmType": "5", "fmId": "-1", "value": "This is the value per 100 grams for this nutrient.", "type": "typed-literal"}, "number": "22", "flags": "NJ9,3", "location": "1;12", "type": "2", "name": "potassium_mg_100g"}, {"description": {"datatype": "http://www.w3.org/1999/02/22-rdf-syntax-ns#XMLLiteral", "fmType": "5", "fmId": "-1", "value": "This is the value per 100 grams for this nutrient.", "type": "typed-literal"}, "number": "23", "flags": "NJ9,3", "location": "1;13", "type": "2", "name": "sodium_mg_100g"}, {"description": {"datatype": "http://www.w3.org/1999/02/22-rdf-syntax-ns#XMLLiteral", "fmType": "5", "fmId": "-1", "value": "This is the value per 100 grams for this nutrient.", "type": "typed-literal"}, "number": "24", "flags": "NJ9,3", "location": "1;14", "type": "2", "name": "zinc_mg_100g"}, {"description": {"datatype": "http://www.w3.org/1999/02/22-rdf-syntax-ns#XMLLiteral", "fmType": "5", "fmId": "-1", "value": "This is the value per 100 grams for this nutrient.", "type": "typed-literal"}, "number": "25", "flags": "NJ9,3", "location": "1;15", "type": "2", "name": "copper_mg_100g"}, {"description": {"datatype": "http://www.w3.org/1999/02/22-rdf-syntax-ns#XMLLiteral", "fmType": "5", "fmId": "-1", "value": "This is the value per 100 grams for this nutrient.", "type": "typed-literal"}, "number": "26", "flags": "NJ9,3", "location": "1;16", "type": "2", "name": "manganese_mg_100g"}, {"description": {"datatype": "http://www.w3.org/1999/02/22-rdf-syntax-ns#XMLLiteral", "fmType": "5", "fmId": "-1", "value": "This is the value per 100 grams for this nutrient.", "type": "typed-literal"}, "number": "27", "flags": "NJ9,3", "location": "1;17", "type": "2", "name": "alpha_tocopherol_mg_100g"}, {"description": {"datatype": "http://www.w3.org/1999/02/22-rdf-syntax-ns#XMLLiteral", "fmType": "5", "fmId": "-1", "value": "This is the value per 100 grams for this nutrient.", "type": "typed-literal"}, "number": "28", "flags": "NJ9,3", "location": "1;18", "type": "2", "name": "vitamin_a_iu_100g"}, {"description": {"datatype": "http://www.w3.org/1999/02/22-rdf-syntax-ns#XMLLiteral", "fmType": "5", "fmId": "-1", "value": "This is the value per 100 grams for this nutrient.", "type": "typed-literal"}, "number": "29", "flags": "NJ9,3", "location": "1;19", "type": "2", "name": "ascorbic_acid_mg_100g"}, {"description": {"datatype": "http://www.w3.org/1999/02/22-rdf-syntax-ns#XMLLiteral", "fmType": "5", "fmId": "-1", "value": "This is the value per 100 grams for this nutrient.", "type": "typed-literal"}, "number": "30", "flags": "NJ9,3", "location": "1;20", "type": "2", "name": "thiamin_mg_100g"}, {"description": {"datatype": "http://www.w3.org/1999/02/22-rdf-syntax-ns#XMLLiteral", "fmType": "5", "fmId": "-1", "value": "This is the value per 100 grams for this nutrient.", "type": "typed-literal"}, "number": "31", "flags": "NJ9,3", "location": "2;1", "type": "2", "name": "riboflavin_mg_100g"}, {"description": {"datatype": "http://www.w3.org/1999/02/22-rdf-syntax-ns#XMLLiteral", "fmType": "5", "fmId": "-1", "value": "This is the value per 100 grams for this nutrient.", "type": "typed-literal"}, "number": "32", "flags": "NJ9,3", "location": "2;2", "type": "2", "name": "niacin_mg_100g"}, {"description": {"datatype": "http://www.w3.org/1999/02/22-rdf-syntax-ns#XMLLiteral", "fmType": "5", "fmId": "-1", "value": "This is the value per 100 grams for this nutrient.", "type": "typed-literal"}, "number": "33", "flags": "NJ9,3", "location": "2;3", "type": "2", "name": "pantothenic_acid_mg_100g"}, {"description": {"datatype": "http://www.w3.org/1999/02/22-rdf-syntax-ns#XMLLiteral", "fmType": "5", "fmId": "-1", "value": "This is the value per 100 grams for this nutrient.", "type": "typed-literal"}, "number": "34", "flags": "NJ9,3", "location": "2;4", "type": "2", "name": "vitamin_b6_mg_100g"}, {"description": {"datatype": "http://www.w3.org/1999/02/22-rdf-syntax-ns#XMLLiteral", "fmType": "5", "fmId": "-1", "value": "This is the value per 100 grams for this nutrient.", "type": "typed-literal"}, "number": "35", "flags": "NJ9,3", "location": "2;5", "type": "2", "name": "folate_mcg_100g"}, {"description": {"datatype": "http://www.w3.org/1999/02/22-rdf-syntax-ns#XMLLiteral", "fmType": "5", "fmId": "-1", "value": "This is the value per 100 grams for this nutrient.", "type": "typed-literal"}, "number": "36", "flags": "NJ9,3", "location": "2;6", "type": "2", "name": "vitamin_b12_mcg_100g"}, {"description": {"datatype": "http://www.w3.org/1999/02/22-rdf-syntax-ns#XMLLiteral", "fmType": "5", "fmId": "-1", "value": "This is the value per 100 grams for this nutrient.", "type": "typed-literal"}, "number": "37", "flags": "NJ9,3", "location": "2;7", "type": "2", "name": "linoleic_acid_gm_100g"}, {"description": {"datatype": "http://www.w3.org/1999/02/22-rdf-syntax-ns#XMLLiteral", "fmType": "5", "fmId": "-1", "value": "This is the value per 100 grams for this nutrient.", "type": "typed-literal"}, "number": "38", "flags": "NJ9,3", "location": "2;8", "type": "2", "name": "linolenic_acid_gm_100g"}, {"description": {"datatype": "http://www.w3.org/1999/02/22-rdf-syntax-ns#XMLLiteral", "fmType": "5", "fmId": "-1", "value": "This is the value per 100 grams for this nutrient.", "type": "typed-literal"}, "number": "39", "flags": "NJ9,3", "location": "2;9", "type": "2", "name": "cholesterol_mg_100g"}, {"description": {"datatype": "http://www.w3.org/1999/02/22-rdf-syntax-ns#XMLLiteral", "fmType": "5", "fmId": "-1", "value": "This is the value per 100 grams for this nutrient.", "type": "typed-literal"}, "number": "40", "flags": "NJ10,3", "location": "2;10", "type": "2", "name": "saturated_fat_gm_100g"}, {"description": {"datatype": "http://www.w3.org/1999/02/22-rdf-syntax-ns#XMLLiteral", "fmType": "5", "fmId": "-1", "value": "This is the value per 100 grams for this nutrient.", "type": "typed-literal"}, "number": "41", "flags": "NJ10,3", "location": "2;11", "type": "2", "name": "monounsaturated_fat_gm_100g"}, {"description": {"datatype": "http://www.w3.org/1999/02/22-rdf-syntax-ns#XMLLiteral", "fmType": "5", "fmId": "-1", "value": "This is the value per 100 grams for this nutrient.", "type": "typed-literal"}, "number": "42", "flags": "NJ10,3", "location": "2;12", "type": "2", "name": "polyunsaturated_fat_gm_100g"}, {"description": {"datatype": "http://www.w3.org/1999/02/22-rdf-syntax-ns#XMLLiteral", "fmType": "5", "fmId": "-1", "value": "This is the value per 100 grams for this nutrient.", "type": "typed-literal"}, "number": "43", "flags": "NJ9,3", "location": "2;13", "type": "2", "name": "vitamin_a_re_100g"}, {"description": {"datatype": "http://www.w3.org/1999/02/22-rdf-syntax-ns#XMLLiteral", "fmType": "5", "fmId": "-1", "value": "This is the value per 100 grams for this nutrient.", "type": "typed-literal"}, "number": "44", "flags": "NJ9,3", "location": "2;14", "type": "2", "name": "ash_gm_100g"}, {"description": {"datatype": "http://www.w3.org/1999/02/22-rdf-syntax-ns#XMLLiteral", "fmType": "5", "fmId": "-1", "value": "This is the value per 100 grams for this nutrient.", "type": "typed-literal"}, "number": "45", "flags": "NJ9,3", "location": "2;15", "type": "2", "name": "alcohol_gm_100g"}, {"description": {"datatype": "http://www.w3.org/1999/02/22-rdf-syntax-ns#XMLLiteral", "fmType": "5", "fmId": "-1", "value": "This is the value per 100 grams for this nutrient.", "type": "typed-literal"}, "number": "46", "flags": "NJ9,3", "location": "2;16", "type": "2", "name": "caffeine_mg_100g"}, {"description": {"datatype": "http://www.w3.org/1999/02/22-rdf-syntax-ns#XMLLiteral", "fmType": "5", "fmId": "-1", "value": "This is the value per 100 grams for this nutrient.", "type": "typed-literal"}, "number": "47", "flags": "NJ9,3", "location": "2;17", "type": "2", "name": "total_dietary_fiber_gm_100g"}, {"description": {"datatype": "http://www.w3.org/1999/02/22-rdf-syntax-ns#XMLLiteral", "fmType": "5", "fmId": "-1", "value": "This is the value per 100 grams for this nutrient.", "type": "typed-literal"}, "number": "48", "flags": "NJ9,3", "location": "2;18", "type": "2", "name": "total_tocopherol_mg_100g"}, {"description": {"datatype": "http://www.w3.org/1999/02/22-rdf-syntax-ns#XMLLiteral", "fmType": "5", "fmId": "-1", "value": "This is the value per 100 grams for this nutrient.", "type": "typed-literal"}, "number": "51", "flags": "NJ9,3", "location": "3;1", "type": "2", "name": "tryptophan_gm_100g"}, {"description": {"datatype": "http://www.w3.org/1999/02/22-rdf-syntax-ns#XMLLiteral", "fmType": "5", "fmId": "-1", "value": "This is the value per 100 grams for this nutrient.", "type": "typed-literal"}, "number": "52", "flags": "NJ9,3", "location": "3;2", "type": "2", "name": "threonine_gm_100g"}, {"description": {"datatype": "http://www.w3.org/1999/02/22-rdf-syntax-ns#XMLLiteral", "fmType": "5", "fmId": "-1", "value": "This is the value per 100 grams for this nutrient.", "type": "typed-literal"}, "number": "53", "flags": "NJ9,3", "location": "3;3", "type": "2", "name": "isoleucine_gm_100g"}, {"description": {"datatype": "http://www.w3.org/1999/02/22-rdf-syntax-ns#XMLLiteral", "fmType": "5", "fmId": "-1", "value": "This is the value per 100 grams for this nutrient.", "type": "typed-literal"}, "number": "54", "flags": "NJ9,3", "location": "3;4", "type": "2", "name": "leucine_gm_100g"}, {"description": {"datatype": "http://www.w3.org/1999/02/22-rdf-syntax-ns#XMLLiteral", "fmType": "5", "fmId": "-1", "value": "This is the value per 100 grams for this nutrient.", "type": "typed-literal"}, "number": "55", "flags": "NJ9,3", "location": "3;5", "type": "2", "name": "lysine_gm_100g"}, {"description": {"datatype": "http://www.w3.org/1999/02/22-rdf-syntax-ns#XMLLiteral", "fmType": "5", "fmId": "-1", "value": "This is the value per 100 grams for this nutrient.", "type": "typed-literal"}, "number": "56", "flags": "NJ9,3", "location": "3;6", "type": "2", "name": "methionine_gm_100g"}, {"description": {"datatype": "http://www.w3.org/1999/02/22-rdf-syntax-ns#XMLLiteral", "fmType": "5", "fmId": "-1", "value": "This is the value per 100 grams for this nutrient.", "type": "typed-literal"}, "number": "57", "flags": "NJ9,3", "location": "3;7", "type": "2", "name": "cystine_gm_100g"}, {"description": {"datatype": "http://www.w3.org/1999/02/22-rdf-syntax-ns#XMLLiteral", "fmType": "5", "fmId": "-1", "value": "This is the value per 100 grams for this nutrient.", "type": "typed-literal"}, "number": "58", "flags": "NJ9,3", "location": "3;8", "type": "2", "name": "phenylalanine_gm_100g"}, {"description": {"datatype": "http://www.w3.org/1999/02/22-rdf-syntax-ns#XMLLiteral", "fmType": "5", "fmId": "-1", "value": "This is the value per 100 grams for this nutrient.", "type": "typed-literal"}, "number": "59", "flags": "NJ9,3", "location": "3;9", "type": "2", "name": "tyrosine_gm_100g"}, {"description": {"datatype": "http://www.w3.org/1999/02/22-rdf-syntax-ns#XMLLiteral", "fmType": "5", "fmId": "-1", "value": "This is the value per 100 grams for this nutrient.", "type": "typed-literal"}, "number": "60", "flags": "NJ9,3", "location": "3;10", "type": "2", "name": "valine_gm_100g"}, {"description": {"datatype": "http://www.w3.org/1999/02/22-rdf-syntax-ns#XMLLiteral", "fmType": "5", "fmId": "-1", "value": "This is the value per 100 grams for this nutrient.", "type": "typed-literal"}, "number": "61", "flags": "NJ9,3", "location": "3;11", "type": "2", "name": "arginine_gm_100g"}, {"description": {"datatype": "http://www.w3.org/1999/02/22-rdf-syntax-ns#XMLLiteral", "fmType": "5", "fmId": "-1", "value": "This is the value per 100 grams for this nutrient.", "type": "typed-literal"}, "number": "62", "flags": "NJ9,3", "location": "3;12", "type": "2", "name": "histidine_gm_100g"}, {"description": {"datatype": "http://www.w3.org/1999/02/22-rdf-syntax-ns#XMLLiteral", "fmType": "5", "fmId": "-1", "value": "This is the value per 100 grams for this nutrient.", "type": "typed-literal"}, "number": "63", "flags": "NJ9,3", "location": "3;13", "type": "2", "name": "alanine_gm_100g"}, {"description": {"datatype": "http://www.w3.org/1999/02/22-rdf-syntax-ns#XMLLiteral", "fmType": "5", "fmId": "-1", "value": "This is the value per 100 grams for this nutrient.", "type": "typed-literal"}, "number": "64", "flags": "NJ9,3", "location": "3;14", "type": "2", "name": "aspartic_acid_gm_100g"}, {"description": {"datatype": "http://www.w3.org/1999/02/22-rdf-syntax-ns#XMLLiteral", "fmType": "5", "fmId": "-1", "value": "This is the value per 100 grams for this nutrient.", "type": "typed-literal"}, "number": "65", "flags": "NJ9,3", "location": "3;15", "type": "2", "name": "glutamic_acid_gm_100g"}, {"description": {"datatype": "http://www.w3.org/1999/02/22-rdf-syntax-ns#XMLLiteral", "fmType": "5", "fmId": "-1", "value": "This is the value per 100 grams for this nutrient.", "type": "typed-literal"}, "number": "66", "flags": "NJ9,3", "location": "3;16", "type": "2", "name": "glycine_gm_100g"}, {"description": {"datatype": "http://www.w3.org/1999/02/22-rdf-syntax-ns#XMLLiteral", "fmType": "5", "fmId": "-1", "value": "This is the value per 100 grams for this nutrient.", "type": "typed-literal"}, "number": "67", "flags": "NJ9,3", "location": "3;17", "type": "2", "name": "proline_gm_100g"}, {"description": {"datatype": "http://www.w3.org/1999/02/22-rdf-syntax-ns#XMLLiteral", "fmType": "5", "fmId": "-1", "value": "This is the value per 100 grams for this nutrient.", "type": "typed-literal"}, "number": "68", "flags": "NJ9,3", "location": "3;18", "type": "2", "name": "serine_gm_100g"}, {"description": {"datatype": "http://www.w3.org/1999/02/22-rdf-syntax-ns#XMLLiteral", "fmType": "5", "fmId": "-1", "value": "This is the value per 100 grams for this nutrient.", "type": "typed-literal"}, "number": "71", "flags": "NJ9,3", "location": "4;1", "type": "2", "name": "capric_acid_gm_100g"}, {"description": {"datatype": "http://www.w3.org/1999/02/22-rdf-syntax-ns#XMLLiteral", "fmType": "5", "fmId": "-1", "value": "This is the value per 100 grams for this nutrient.", "type": "typed-literal"}, "number": "72", "flags": "NJ9,3", "location": "4;2", "type": "2", "name": "lauric_acid_gm_100g"}, {"description": {"datatype": "http://www.w3.org/1999/02/22-rdf-syntax-ns#XMLLiteral", "fmType": "5", "fmId": "-1", "value": "This is the value per 100 grams for this nutrient.", "type": "typed-literal"}, "number": "73", "flags": "NJ9,3", "location": "4;3", "type": "2", "name": "myristic_acid_gm_100g"}, {"description": {"datatype": "http://www.w3.org/1999/02/22-rdf-syntax-ns#XMLLiteral", "fmType": "5", "fmId": "-1", "value": "This is the value per 100 grams for this nutrient.", "type": "typed-literal"}, "number": "74", "flags": "NJ9,3", "location": "4;4", "type": "2", "name": "palmitic_acid_gm_100g"}, {"description": {"datatype": "http://www.w3.org/1999/02/22-rdf-syntax-ns#XMLLiteral", "fmType": "5", "fmId": "-1", "value": "This is the value per 100 grams for this nutrient.", "type": "typed-literal"}, "number": "75", "flags": "NJ9,3", "location": "4;5", "type": "2", "name": "palmitoleic_acid_gm_100g"}, {"description": {"datatype": "http://www.w3.org/1999/02/22-rdf-syntax-ns#XMLLiteral", "fmType": "5", "fmId": "-1", "value": "This is the value per 100 grams for this nutrient.", "type": "typed-literal"}, "number": "76", "flags": "NJ9,3", "location": "4;6", "type": "2", "name": "stearic_acid_gm_100g"}, {"description": {"datatype": "http://www.w3.org/1999/02/22-rdf-syntax-ns#XMLLiteral", "fmType": "5", "fmId": "-1", "value": "This is the value per 100 grams for this nutrient.", "type": "typed-literal"}, "number": "77", "flags": "NJ9,3", "location": "4;7", "type": "2", "name": "oleic_acid_gm_100g"}, {"description": {"datatype": "http://www.w3.org/1999/02/22-rdf-syntax-ns#XMLLiteral", "fmType": "5", "fmId": "-1", "value": "This is the value per 100 grams for this nutrient.", "type": "typed-literal"}, "number": "78", "flags": "NJ9,3", "location": "4;8", "type": "2", "name": "arachidonic_acid_gm_100g"}, {"description": {"datatype": "http://www.w3.org/1999/02/22-rdf-syntax-ns#XMLLiteral", "fmType": "5", "fmId": "-1", "value": "This is the value per 100 gms. of this nutrient", "type": "typed-literal"}, "number": "79", "flags": "NJ6,2", "location": "4;9", "type": "2", "name": "vitamin_k_mcg_100g"}, {"description": {"datatype": "http://www.w3.org/1999/02/22-rdf-syntax-ns#XMLLiteral", "fmType": "5", "fmId": "-1", "value": "This is the value per 100 gms. of this nutrient.", "type": "typed-literal"}, "number": "80", "flags": "NJ6,2", "location": "4;10", "type": "2", "name": "selenium_mcg_100g"}, {"description": {"datatype": "http://www.w3.org/1999/02/22-rdf-syntax-ns#XMLLiteral", "fmType": "5", "fmId": "-1", "value": "This is the value per 100 grams for this nutrient.", "type": "typed-literal"}, "number": "98", "flags": "F", "location": "20;1", "type": "4", "name": "source_of_data"}, {"name": "inactive", "description": {"datatype": "http://www.w3.org/1999/02/22-rdf-syntax-ns#XMLLiteral", "fmType": "5", "fmId": "-1", "value": "This field, if answered YES, will prohibit\rfurther selection of this entry.", "type": "typed-literal"}, "number": "99", "flags": "S", "details": "Y:YES;N:NO;", "type": "3", "location": "I;1"}], "fmql": {"TYPELABEL": "FOOD NUTRIENTS", "TYPE": "112", "OP": "DESCRIBE TYPE"}, "number": "112", "location": "^FHNU(", "name": "FOOD NUTRIENTS"}