{"fields": [{"index": "B", "name": "division", "description": {"datatype": "http://www.w3.org/1999/02/22-rdf-syntax-ns#XMLLiteral", "fmType": "5", "fmId": "-1", "value": "One of the divisions (institutions) associated with this set of site\rparameters.", "type": "typed-literal"}, "number": ".01", "flags": "MRP4'", "location": "0;1", "type": "7", "details": "4"}], "fmql": {"TYPELABEL": "DIVISION", "TYPE": "120_846", "OP": "DESCRIBE TYPE"}, "name": "DIVISION", "parent": "120.84", "number": "120.846"}