{"fields": [{"name": "user", "description": {"datatype": "http://www.w3.org/1999/02/22-rdf-syntax-ns#XMLLiteral", "fmType": "5", "fmId": "-1", "value": "This is a user that belongs to the list.  If the list is of type\rTEAM PATIENT or PERSONAL PATIENT, users on the list may receive clinical \rnotifications for patients also on the list.", "type": "typed-literal"}, "number": ".01", "flags": "*P200'X", "details": "200", "type": "7", "location": "0;1"}, {"description": {"datatype": "http://www.w3.org/1999/02/22-rdf-syntax-ns#XMLLiteral", "fmType": "5", "fmId": "-1", "value": "This is the date/time that the user last used this list.", "type": "typed-literal"}, "number": "1", "flags": "D", "location": "0;2", "type": "1", "name": "last_date_time_used"}], "fmql": {"TYPELABEL": "USER", "TYPE": "100_212", "OP": "DESCRIBE TYPE"}, "name": "USER", "parent": "100.21", "number": "100.212"}