{"count": "0", "description": {"datatype": "http://www.w3.org/1999/02/22-rdf-syntax-ns#XMLLiteral", "fmType": "5", "fmId": "-1", "value": "This file contains entries describing the skin integrity of a patient\rbefore and after the operative procedure.  It is distributed with pre-\rsupplied entries, however sites may wish to make additions to it.", "type": "typed-literal"}, "fields": [{"index": "B", "name": "name", "number": ".01", "flags": "RF", "location": "0;1", "type": "4", "description": {"datatype": "http://www.w3.org/1999/02/22-rdf-syntax-ns#XMLLiteral", "fmType": "5", "fmId": "-1", "value": "This field is the name used for the assessment of the patient's\rskin integrity.\r ", "type": "typed-literal"}}, {"index": "C", "name": "code", "number": "1", "flags": "RF", "location": "0;2", "type": "4", "description": {"datatype": "http://www.w3.org/1999/02/22-rdf-syntax-ns#XMLLiteral", "fmType": "5", "fmId": "-1", "value": "This is the code corresponding to the assessment of the patient's\rskin integrity.\r ", "type": "typed-literal"}}, {"name": "inactive", "description": {"datatype": "http://www.w3.org/1999/02/22-rdf-syntax-ns#XMLLiteral", "fmType": "5", "fmId": "-1", "value": "Enter 'YES' to make this entry inactive and to prevent its selection and\ruse within the Surgery Package.", "type": "typed-literal"}, "number": "10", "flags": "S", "details": "1:YES;", "type": "3", "location": "0;3"}], "fmql": {"TYPELABEL": "SKIN INTEGRITY", "TYPE": "135_2", "OP": "DESCRIBE TYPE"}, "number": "135.2", "location": "^SRO(135.2,", "name": "SKIN INTEGRITY"}