{"fields": [{"index": "B", "name": "column_headers", "number": ".01", "flags": "MF", "location": "0;1", "type": "4", "description": {"datatype": "http://www.w3.org/1999/02/22-rdf-syntax-ns#XMLLiteral", "fmType": "5", "fmId": "-1", "value": "These are the column headings used on a report in ListView format.", "type": "typed-literal"}}, {"name": "visible", "description": {"datatype": "http://www.w3.org/1999/02/22-rdf-syntax-ns#XMLLiteral", "fmType": "5", "fmId": "-1", "value": "This field determines the visible property of the column.", "type": "typed-literal"}, "number": ".02", "flags": "S", "details": "0:YES;1:NO;", "type": "3", "location": "0;2"}, {"index": "C", "name": "sequence", "number": ".03", "flags": "NJ6,1", "location": "0;3", "type": "2", "description": {"datatype": "http://www.w3.org/1999/02/22-rdf-syntax-ns#XMLLiteral", "fmType": "5", "fmId": "-1", "value": "This is the sequence for the column header.", "type": "typed-literal"}}, {"name": "type", "description": {"datatype": "http://www.w3.org/1999/02/22-rdf-syntax-ns#XMLLiteral", "fmType": "5", "fmId": "-1", "value": "This field identifies columns that contain multiple lines of text.", "type": "typed-literal"}, "number": ".04", "flags": "S", "details": "0:SINGLE PIECE VALUE;1:WORD PROCESSING;", "type": "3", "location": "0;4"}, {"name": "include_on_detail", "description": {"datatype": "http://www.w3.org/1999/02/22-rdf-syntax-ns#XMLLiteral", "fmType": "5", "fmId": "-1", "value": "This field is used to determine what data to include in the details of\ra report.", "type": "typed-literal"}, "number": ".05", "flags": "S", "details": "0:NO;1:YES;", "type": "3", "location": "0;5"}, {"description": {"datatype": "http://www.w3.org/1999/02/22-rdf-syntax-ns#XMLLiteral", "fmType": "5", "fmId": "-1", "value": "This is the field length used when printing this column on a report.", "type": "typed-literal"}, "number": ".06", "flags": "NJ2,0", "location": "0;6", "type": "2", "name": "print_length"}, {"name": "include_on_print", "description": {"datatype": "http://www.w3.org/1999/02/22-rdf-syntax-ns#XMLLiteral", "fmType": "5", "fmId": "-1", "value": "This field determines which columns are included when a printout is\rrequested.", "type": "typed-literal"}, "number": ".07", "flags": "S", "details": "0:NO;1:YES;", "type": "3", "location": "0;7"}, {"description": {"datatype": "http://www.w3.org/1999/02/22-rdf-syntax-ns#XMLLiteral", "fmType": "5", "fmId": "-1", "value": "This field is used when printing this field in lieu of the Column Header.", "type": "typed-literal"}, "number": ".08", "flags": "F", "location": "0;8", "type": "4", "name": "print_title"}, {"name": "data_type", "description": {"datatype": "http://www.w3.org/1999/02/22-rdf-syntax-ns#XMLLiteral", "fmType": "5", "fmId": "-1", "value": "This is the data type of the column.  It is used when sorting columns.\rThe default data type is 0 - FREE TEXT.  If no value is entered, it is\rassumed to be FREE TEXT.", "type": "typed-literal"}, "number": ".09", "flags": "S", "details": "0:FREE TEXT;1:NUMERIC;2:DATE/TIME;", "type": "3", "location": "0;9"}, {"description": {"datatype": "http://www.w3.org/1999/02/22-rdf-syntax-ns#XMLLiteral", "fmType": "5", "fmId": "-1", "value": "This field is for the column width.  No value needs to be entered because\rthe value is actually obtained from a User level parameter.  The field\ris defined here to reserve the 10 piece of this node so that future\rfield definitions won't break the RPC used in CPRS to get column properties\rwhere the width is stored in the 10 piece.", "type": "typed-literal"}, "number": ".1", "flags": "NJ4,0", "location": "0;10", "type": "2", "name": "width"}, {"description": {"datatype": "http://www.w3.org/1999/02/22-rdf-syntax-ns#XMLLiteral", "fmType": "5", "fmId": "-1", "value": "This is code executed when HDR data needs to be modified.\rWhen this field is executed, the variable ORX will have the value\rpassed in from the HDR.  If this value needs to be manipulated, set the\rnew value into ORX.  If the value is ignored (not to be displayed),\rthen set the value of ORX=\"-1-\"", "type": "typed-literal"}, "number": "1", "flags": "K", "location": "1;E1,245", "type": "10", "name": "hdr_modifier"}], "fmql": {"TYPELABEL": "COLUMN HEADERS", "TYPE": "101_243", "OP": "DESCRIBE TYPE"}, "name": "COLUMN HEADERS", "parent": "101.24", "number": "101.243"}