{"fields": [{"description": {"datatype": "http://www.w3.org/1999/02/22-rdf-syntax-ns#XMLLiteral", "fmType": "5", "fmId": "-1", "value": "This is the date and time that the irrigation solution was utilized.\rThis information is optional, but may be useful for documentation\rof this case.\r ", "type": "typed-literal"}, "number": ".01", "flags": "DOX", "location": "0;1", "type": "1", "name": "time"}, {"description": {"datatype": "http://www.w3.org/1999/02/22-rdf-syntax-ns#XMLLiteral", "fmType": "5", "fmId": "-1", "value": "This is the total amount of irrigation solution used in the operative site.\r ", "type": "typed-literal"}, "number": "1", "flags": "NJ6,0", "location": "0;2", "type": "2", "name": "amount_used"}, {"name": "provider", "description": {"datatype": "http://www.w3.org/1999/02/22-rdf-syntax-ns#XMLLiteral", "fmType": "5", "fmId": "-1", "value": "This is the name of the person responsible for the irrigation solution.\rAlthough this information is optional, it may be useful for documentation\rof this case.\r ", "type": "typed-literal"}, "number": "2", "flags": "*P200'", "details": "200", "type": "7", "location": "0;3"}], "fmql": {"TYPELABEL": "TIME", "TYPE": "130_39", "OP": "DESCRIBE TYPE"}, "name": "TIME", "parent": "130.08", "number": "130.39"}