{"fields": [{"index": "B", "name": "excluded_topography", "description": {"datatype": "http://www.w3.org/1999/02/22-rdf-syntax-ns#XMLLiteral", "fmType": "5", "fmId": "-1", "value": "This determines what Topography to screen out. Select the appropriate \rTopography to be excluded from the extract.", "type": "typed-literal"}, "number": ".01", "flags": "MP61'", "location": "0;1", "type": "7", "details": "61"}], "fmql": {"TYPELABEL": "EXCLUDED SITES", "TYPE": "104_104", "OP": "DESCRIBE TYPE"}, "name": "EXCLUDED SITES", "parent": "104.1", "number": "104.104"}