{"count": "0", "description": {"datatype": "http://www.w3.org/1999/02/22-rdf-syntax-ns#XMLLiteral", "fmType": "5", "fmId": "-1", "value": "This file contains the categories, Specialized Medical Programs,\rPrimary Delivery System, Primary Production System, and the\rDietetic Service Equipment.", "type": "typed-literal"}, "fields": [{"index": "B", "name": "name", "number": ".01", "flags": "RF", "location": "0;1", "type": "4", "description": {"datatype": "http://www.w3.org/1999/02/22-rdf-syntax-ns#XMLLiteral", "fmType": "5", "fmId": "-1", "value": "This field contains the names of the categories used in the Annual\rReport.", "type": "typed-literal"}}, {"name": "type", "description": {"datatype": "http://www.w3.org/1999/02/22-rdf-syntax-ns#XMLLiteral", "fmType": "5", "fmId": "-1", "value": "This field contains the Type of Category. An \"S\" for Specialized\rMedical Program, a \"D\" for Primary Delivery System, a \"P\" for\rPrimary Production System, and \"E\" for Dietetic Service Equipment.", "type": "typed-literal"}, "number": "1", "flags": "RS", "details": "S:Specialized Medical Program;D:Primary Delivery System;P:Primary Production System;E:Dietetic Service Equipment;", "type": "3", "location": "0;2"}, {"name": "inactive", "description": {"datatype": "http://www.w3.org/1999/02/22-rdf-syntax-ns#XMLLiteral", "fmType": "5", "fmId": "-1", "value": "This field, if answered YES, will prohibit\rfurther selection of this entry.", "type": "typed-literal"}, "number": "99", "flags": "S", "details": "Y:YES;N:NO;", "type": "3", "location": "I;1"}, {"index": "C", "name": "uppercase_name", "number": "101", "flags": "F", "location": "0;3", "type": "4", "description": {"datatype": "http://www.w3.org/1999/02/22-rdf-syntax-ns#XMLLiteral", "fmType": "5", "fmId": "-1", "value": "This is the name of the entry in uppercase text.", "type": "typed-literal"}}], "fmql": {"TYPELABEL": "DIETETIC REPORT CATEGORIES", "TYPE": "117_4", "OP": "DESCRIBE TYPE"}, "number": "117.4", "location": "^FH(117.4,", "name": "DIETETIC REPORT CATEGORIES"}