{"fields": [{"index": "B", "name": "sequence", "number": ".01", "flags": "MNJ7,2", "location": "0;1", "type": "2", "description": {"datatype": "http://www.w3.org/1999/02/22-rdf-syntax-ns#XMLLiteral", "fmType": "5", "fmId": "-1", "value": "This specifies the sequence of each caption that appears in the query text.", "type": "typed-literal"}}, {"name": "criterion", "description": {"datatype": "http://www.w3.org/1999/02/22-rdf-syntax-ns#XMLLiteral", "fmType": "5", "fmId": "-1", "value": "This is the criterion that is the 'parent' of the specific query text\rcaption.", "type": "typed-literal"}, "number": "2", "flags": "P102.21'", "details": "102.21", "type": "7", "location": "0;2"}, {"name": "constraint", "description": {"datatype": "http://www.w3.org/1999/02/22-rdf-syntax-ns#XMLLiteral", "fmType": "5", "fmId": "-1", "value": "This identifies the constraint (parameter) used for this query and the\rrange of values possible along with the editor that should be used.", "type": "typed-literal"}, "number": "3", "flags": "P102.22'", "details": "102.22", "type": "7", "location": "0;3"}, {"description": {"datatype": "http://www.w3.org/1999/02/22-rdf-syntax-ns#XMLLiteral", "fmType": "5", "fmId": "-1", "value": "This is the caption text that appears for the query.", "type": "typed-literal"}, "number": "4", "flags": "F", "location": "0;4", "type": "4", "name": "caption"}, {"name": "values", "number": "10", "flags": "102.2111", "details": "102.2111", "type": "9", "location": "1;0"}], "fmql": {"TYPELABEL": "QUERY TEXT", "TYPE": "102_211", "OP": "DESCRIBE TYPE"}, "name": "QUERY TEXT", "parent": "102.21", "number": "102.211"}