{"fields": [{"index": "B", "name": "hospital_site", "description": {"datatype": "http://www.w3.org/1999/02/22-rdf-syntax-ns#XMLLiteral", "fmType": "5", "fmId": "-1", "value": "This is the hospital site for which these parameters apply.", "type": "typed-literal"}, "number": ".01", "flags": "MP44'X", "location": "0;1", "type": "7", "details": "44"}, {"name": "prompt_for_chart_copy", "description": {"datatype": "http://www.w3.org/1999/02/22-rdf-syntax-ns#XMLLiteral", "fmType": "5", "fmId": "-1", "value": "This field allows various levels of user interaction for printing a\rchart copy of the orders.\r \r  ENTER 0 for no prompts- chart copy is automatically generated.\r        1 to prompt for chart copy and ask which printer should be used.\r        2 to prompt for chart copy and automatically print to the\r          printer defined in the CHART COPY PRINT DEVICE field.\r        * to disable automatic printing of the CHART COPY.", "type": "typed-literal"}, "number": ".03", "flags": "S", "details": "0:DON'T PROMPT;1:PROMPT AND ASK DEVICE;2:PROMPT AND NOT ASK DEVICE;*:DON'T PRINT;", "type": "3", "location": "0;3"}, {"name": "chart_copy_print_device", "description": {"datatype": "http://www.w3.org/1999/02/22-rdf-syntax-ns#XMLLiteral", "fmType": "5", "fmId": "-1", "value": "This is the printer on the ward/clinic/other where the chart copy\rshould be printed.  If the field PROMPT FOR CHART COPY is 0 or 2, this\rprinter is automatically used to print the report.  If the field\rPROMPT FOR CHART COPY is 1, the user is asked for device with\rthe entry in this field as a default.", "type": "typed-literal"}, "number": ".04", "flags": "P3.5'", "details": "3.5", "type": "7", "location": "0;4"}, {"name": "label_print_device", "description": {"datatype": "http://www.w3.org/1999/02/22-rdf-syntax-ns#XMLLiteral", "fmType": "5", "fmId": "-1", "value": "This is the printer on the ward/clinic/other where the label should\rbe printed.  If the field PROMPT FOR LABELS is 0 or 2, this printer\ris automatically used to print the labels.  If the field PROMPT FOR\rLABELS is 1, the user is asked for device with the entry in this field\ras a default.", "type": "typed-literal"}, "number": ".05", "flags": "P3.5'", "details": "3.5", "type": "7", "location": "0;5"}, {"name": "requisition_print_device", "description": {"datatype": "http://www.w3.org/1999/02/22-rdf-syntax-ns#XMLLiteral", "fmType": "5", "fmId": "-1", "value": "This is the printer on the ward/clinic/other where the requisition\rshould be printed.  If the field PROMPT FOR REQUISITIONS is 0 or 2,\rthis printer is automatically used to print the requisitions.  If the\rfield PROMPT FOR REQUISITIONS is 1, the user is asked for device with\rthe entry in this field as a default.", "type": "typed-literal"}, "number": ".06", "flags": "P3.5'", "details": "3.5", "type": "7", "location": "0;6"}, {"name": "prompt_for_labels", "description": {"datatype": "http://www.w3.org/1999/02/22-rdf-syntax-ns#XMLLiteral", "fmType": "5", "fmId": "-1", "value": "This field allows various levels of user interaction for printing a \rlabel on the ward for orders.\r \r  ENTER 0 for no prompts- labels are automatically generated.\r        1 to prompt for labels and ask which printer should be used.\r        2 to prompt for labels and automatically print to the printer\r          defined in the LABEL PRINT DEVICE field.\r        * to disable automatic printing of LABELS.", "type": "typed-literal"}, "number": ".07", "flags": "S", "details": "0:DON'T PROMPT;1:PROMPT AND ASK DEVICE;2:PROMPT AND NOT ASK DEVICE;*:DON'T PRINT;", "type": "3", "location": "0;7"}, {"name": "prompt_for_requisitions", "description": {"datatype": "http://www.w3.org/1999/02/22-rdf-syntax-ns#XMLLiteral", "fmType": "5", "fmId": "-1", "value": "This field allows various levels of user interaction for printing a\rrequisition on the ward for orders.\r \rENTER 0 for no prompts- requisitions are automatically generated.\r1 to prompt for requisitions and which printer should be used.\r2 to prompt for requisitions and automatically print to the\r  printer defined in the REQUISITION PRINT DEVICE field.\r        * to disable automatic printing of REQUISITIONS.", "type": "typed-literal"}, "number": ".08", "flags": "S", "details": "0:DON'T PROMPT;1:PROMPT AND ASK DEVICE;2:PROMPT AND NOT ASK DEVICE;*:DON'T PRINT;", "type": "3", "location": "0;8"}, {"name": "print_daily_order_summary", "description": {"datatype": "http://www.w3.org/1999/02/22-rdf-syntax-ns#XMLLiteral", "fmType": "5", "fmId": "-1", "value": "This parameter specifies to the nightly background job ORTASK 24HR SUMMARY\rthat a daily order summary should be queued to the device specified in the\rDAILY ORDER SUMMARY DEVICE field.", "type": "typed-literal"}, "number": ".09", "flags": "S", "details": "0:NO, DON'T PRINT;1:YES, PRINT;", "type": "3", "location": "0;9"}, {"name": "daily_order_summary_device", "description": {"datatype": "http://www.w3.org/1999/02/22-rdf-syntax-ns#XMLLiteral", "fmType": "5", "fmId": "-1", "value": "This field specifies the device on which the DAILY ORDER SUMMARY should\rbe queued by the nightly scheduled option ORTASK 24 HOUR SUMMARY.", "type": "typed-literal"}, "number": "1", "flags": "P3.5'", "details": "3.5", "type": "7", "location": "0;10"}, {"name": "print_chart_copy_summary", "description": {"datatype": "http://www.w3.org/1999/02/22-rdf-syntax-ns#XMLLiteral", "fmType": "5", "fmId": "-1", "value": "This parameter specifies to the nightly background job ORTASK 24HR CHART\rCOPIES that a daily Chart Copy summary should be queued to the device\rspecified by the CHART COPY DEVICE field.", "type": "typed-literal"}, "number": "1.1", "flags": "S", "details": "0:NO, DON'T PRINT;1:YES, PRINT;", "type": "3", "location": "0;11"}], "fmql": {"TYPELABEL": "HOSPITAL SITE", "TYPE": "100_9925", "OP": "DESCRIBE TYPE"}, "name": "HOSPITAL SITE", "parent": "100.99", "number": "100.9925"}