{"count": "0", "description": {"datatype": "http://www.w3.org/1999/02/22-rdf-syntax-ns#XMLLiteral", "fmType": "5", "fmId": "-1", "value": "This file contains the four nutrition statuses of the established\rguidelines that are used in nutrition assessment and screening.", "type": "typed-literal"}, "fields": [{"index": "B", "name": "category", "number": ".01", "flags": "RF", "location": "0;1", "type": "4", "description": {"datatype": "http://www.w3.org/1999/02/22-rdf-syntax-ns#XMLLiteral", "fmType": "5", "fmId": "-1", "value": "This field contains a nutrition status or risk category.", "type": "typed-literal"}}, {"index": "D", "name": "status_text_u_l_case", "number": "1", "flags": "F", "location": "0;2", "type": "4", "description": {"datatype": "http://www.w3.org/1999/02/22-rdf-syntax-ns#XMLLiteral", "fmType": "5", "fmId": "-1", "value": "This field contains the text name (upper/lower case) of a \rNutrition Status or risk category.", "type": "typed-literal"}}, {"name": "inactive", "description": {"datatype": "http://www.w3.org/1999/02/22-rdf-syntax-ns#XMLLiteral", "fmType": "5", "fmId": "-1", "value": "This field, if answered YES, will prohibit\rfurther selection of this entry.", "type": "typed-literal"}, "number": "99", "flags": "S", "details": "Y:YES;N:NO;", "type": "3", "location": "I;1"}, {"index": "C", "name": "uppercase_name", "number": "101", "flags": "F", "location": "0;3", "type": "4", "description": {"datatype": "http://www.w3.org/1999/02/22-rdf-syntax-ns#XMLLiteral", "fmType": "5", "fmId": "-1", "value": "This is the name of the status in uppercase text.", "type": "typed-literal"}}], "fmql": {"TYPELABEL": "NUTRITION STATUS", "TYPE": "115_4", "OP": "DESCRIBE TYPE"}, "number": "115.4", "location": "^FH(115.4,", "name": "NUTRITION STATUS"}