{"fields": [{"name": "medications", "description": {"datatype": "http://www.w3.org/1999/02/22-rdf-syntax-ns#XMLLiteral", "fmType": "5", "fmId": "-1", "value": "This is the name of the medication (generic or proprietary).\rMore than one medication may be entered for each case.\r ", "type": "typed-literal"}, "number": ".01", "flags": "*P50'X", "details": "50", "type": "7", "location": "0;1"}, {"name": "time_adm", "description": {"datatype": "http://www.w3.org/1999/02/22-rdf-syntax-ns#XMLLiteral", "fmType": "5", "fmId": "-1", "value": "This is information related to the administration of the medication.\r ", "type": "typed-literal"}, "number": "1", "flags": "130.34DA", "details": "130.34", "type": "9", "location": "1;0"}], "fmql": {"TYPELABEL": "MEDICATIONS", "TYPE": "130_33", "OP": "DESCRIBE TYPE"}, "name": "MEDICATIONS", "parent": "130", "number": "130.33"}