{"fields": [{"index": "B", "name": "output_date_time", "number": ".01", "flags": "RDX", "location": "0;1", "type": "1", "description": {"datatype": "http://www.w3.org/1999/02/22-rdf-syntax-ns#XMLLiteral", "fmType": "5", "fmId": "-1", "value": "This field stores the end date/time point for this cumulative measurement.\rNO FUTURE DATE/TIME ALLOWED !!!", "type": "typed-literal"}}, {"name": "output_type", "description": {"datatype": "http://www.w3.org/1999/02/22-rdf-syntax-ns#XMLLiteral", "fmType": "5", "fmId": "-1", "value": "This field identifies the major output categories such as URINE, EMESIS,\retc.", "type": "typed-literal"}, "number": "1", "flags": "RP126.58'", "details": "126.58", "type": "7", "location": "0;2"}, {"name": "output_subtype", "description": {"datatype": "http://www.w3.org/1999/02/22-rdf-syntax-ns#XMLLiteral", "fmType": "5", "fmId": "-1", "value": "This field contains subtitle names associated with each major output\rcategory, i.e., FOLEY CATHETER and VOIDED for URINE.", "type": "typed-literal"}, "number": "2", "flags": "*P126.6'", "details": "126.6", "type": "7", "location": "0;3"}, {"description": {"datatype": "http://www.w3.org/1999/02/22-rdf-syntax-ns#XMLLiteral", "fmType": "5", "fmId": "-1", "value": "The field stores the cumulative amount of this output period in milliliters\r(ml).  Enter \"*\" if output amount is unknown.", "type": "typed-literal"}, "number": "3", "flags": "RFX", "location": "0;4", "type": "4", "name": "output_amount"}, {"description": {"datatype": "http://www.w3.org/1999/02/22-rdf-syntax-ns#XMLLiteral", "fmType": "5", "fmId": "-1", "value": "This field permits the caregiver to describe additional observations for\rthis output, i.e., color, odor, consistency for drainage.\rThis field will be used in the next version.", "type": "typed-literal"}, "number": "4", "flags": "F", "location": "0;5", "type": "4", "name": "comment"}, {"name": "entered_by", "description": {"datatype": "http://www.w3.org/1999/02/22-rdf-syntax-ns#XMLLiteral", "fmType": "5", "fmId": "-1", "value": "This field contains the name of the user who enters this record.\rPointer to the New Person file ^VA(200).", "type": "typed-literal"}, "number": "5", "flags": "RP200'", "details": "200", "type": "7", "location": "0;6"}, {"name": "hospital_location", "description": {"datatype": "http://www.w3.org/1999/02/22-rdf-syntax-ns#XMLLiteral", "fmType": "5", "fmId": "-1", "value": "This field contains the hospital location of the patient.  Pointer to the \rHospital Location file (#44).", "type": "typed-literal"}, "number": "6", "flags": "R*P44'", "details": "44", "type": "7", "location": "0;7"}], "fmql": {"TYPELABEL": "OUTPUT", "TYPE": "126_02", "OP": "DESCRIBE TYPE"}, "name": "OUTPUT", "parent": "126", "number": "126.02"}