{"count": "0", "description": {"datatype": "http://www.w3.org/1999/02/22-rdf-syntax-ns#XMLLiteral", "fmType": "5", "fmId": "-1", "value": "This file contains the urgencies available to assign to an order.", "type": "typed-literal"}, "fields": [{"index": "B", "name": "name", "number": ".01", "flags": "RF", "location": "0;1", "type": "4", "description": {"datatype": "http://www.w3.org/1999/02/22-rdf-syntax-ns#XMLLiteral", "fmType": "5", "fmId": "-1", "value": "This is an urgency that may be requested for an order; the Parameters\rDefinition file will contain the different combinations that are allowable\rin different dialogs.", "type": "typed-literal"}}, {"name": "usage", "description": {"datatype": "http://www.w3.org/1999/02/22-rdf-syntax-ns#XMLLiteral", "fmType": "5", "fmId": "-1", "value": "This multiple contains all the possible ways to use this urgency.", "type": "typed-literal"}, "number": "1", "flags": "101.421A", "details": "101.421", "type": "9", "location": "1;0"}, {"index": "C", "name": "abbreviation", "number": "2", "flags": "F", "location": "0;2", "type": "4", "description": {"datatype": "http://www.w3.org/1999/02/22-rdf-syntax-ns#XMLLiteral", "fmType": "5", "fmId": "-1", "value": "This field contains the abbreviation to be used in HL7 messages and some\rdisplays.", "type": "typed-literal"}}], "fmql": {"TYPELABEL": "ORDER URGENCY", "TYPE": "101_42", "OP": "DESCRIBE TYPE"}, "number": "101.42", "location": "^ORD(101.42,", "name": "ORDER URGENCY"}