{"fields": [{"name": "other_postop_diagnosis_code", "description": {"datatype": "http://www.w3.org/1999/02/22-rdf-syntax-ns#XMLLiteral", "fmType": "5", "fmId": "-1", "value": "This is the ICD-9-CM code corresponding with this postoperative\rdiagnosis.", "type": "typed-literal"}, "number": ".01", "flags": "M*P80'", "details": "80", "type": "7", "location": "0;1"}, {"name": "service_connected", "description": {"datatype": "http://www.w3.org/1999/02/22-rdf-syntax-ns#XMLLiteral", "fmType": "5", "fmId": "-1", "value": "This field indicates if this diagnosis is a service connected problem.\rThis information may be passed to the VISIT file (#9000010) for use by\rPCE.", "type": "typed-literal"}, "number": ".02", "flags": "S", "details": "1:YES;0:NO;", "type": "3", "location": "0;2"}, {"name": "agent_orange_exposure", "description": {"datatype": "http://www.w3.org/1999/02/22-rdf-syntax-ns#XMLLiteral", "fmType": "5", "fmId": "-1", "value": "This field indicates if this diagnosis is an agent orange exposure \rproblem. This information may be passed to the VISIT file (#9000010)\rfor use by PCE.", "type": "typed-literal"}, "number": ".03", "flags": "S", "details": "1:YES;0:NO;", "type": "3", "location": "0;3"}, {"name": "ionizing_radiation_exposure", "description": {"datatype": "http://www.w3.org/1999/02/22-rdf-syntax-ns#XMLLiteral", "fmType": "5", "fmId": "-1", "value": "This field indicates if this diagnosis is an ionizing radiation \rexposure problem. This information may be passed to the VISIT file\r(#9000010) for use by PCE.", "type": "typed-literal"}, "number": ".04", "flags": "S", "details": "1:YES;0:NO;", "type": "3", "location": "0;4"}, {"name": "military_sexual_trauma", "description": {"datatype": "http://www.w3.org/1999/02/22-rdf-syntax-ns#XMLLiteral", "fmType": "5", "fmId": "-1", "value": "This field indicates if this diagnosis is a military sexual trauma\rproblem. This information may be passed to the VISIT file (#9000010)\rfor use by PCE.", "type": "typed-literal"}, "number": ".05", "flags": "S", "details": "1:YES;0:NO;", "type": "3", "location": "0;5"}, {"name": "head_and_or_neck_cancer", "description": {"datatype": "http://www.w3.org/1999/02/22-rdf-syntax-ns#XMLLiteral", "fmType": "5", "fmId": "-1", "value": "This field indicates if this diagnosis is a head and/or neck cancer\rproblem. This information may be passed to the VISIT file (#9000010)\rfor use by PCE.", "type": "typed-literal"}, "number": ".06", "flags": "S", "details": "1:YES;0:NO;", "type": "3", "location": "0;6"}, {"name": "southwest_asia_conditions", "description": {"datatype": "http://www.w3.org/1999/02/22-rdf-syntax-ns#XMLLiteral", "fmType": "5", "fmId": "-1", "value": "This field indicates if this diagnosis is related to service in SW Asia. \rThis information may be passed to the VISIT file (#9000010) for use by \rPCE.", "type": "typed-literal"}, "number": ".07", "flags": "S", "details": "1:YES;0:NO;", "type": "3", "location": "0;7"}, {"name": "combat_vet", "description": {"datatype": "http://www.w3.org/1999/02/22-rdf-syntax-ns#XMLLiteral", "fmType": "5", "fmId": "-1", "value": "This field indicates if this diagnosis is a combat related problem.\rThis information may be passed to the VISIT file (#9000010) for use by\rPCE.", "type": "typed-literal"}, "number": ".08", "flags": "S", "details": "1:YES;0:NO;", "type": "3", "location": "0;8"}, {"name": "proj_112_shad", "description": {"datatype": "http://www.w3.org/1999/02/22-rdf-syntax-ns#XMLLiteral", "fmType": "5", "fmId": "-1", "value": "This field indicates if this diagnosis is a PROJ 112/SHAD related \rproblem.  This information may be passed to the VISIT file (#9000010) for \ruse by PCE.", "type": "typed-literal"}, "number": ".09", "flags": "S", "details": "1:YES;0:NO;", "type": "3", "location": "0;9"}], "fmql": {"TYPELABEL": "OTHER POSTOP DIAGNOSIS CODES", "TYPE": "136_04", "OP": "DESCRIBE TYPE"}, "name": "OTHER POSTOP DIAGNOSIS CODES", "parent": "136", "number": "136.04"}