{"count": "0", "description": {"datatype": "http://www.w3.org/1999/02/22-rdf-syntax-ns#XMLLiteral", "fmType": "5", "fmId": "-1", "value": "This file contains information defining lists of problems commonly seen\rby a particular clinic or user.  These lists will be presented as menus\rto select from, to facilitate adding new problems.", "type": "typed-literal"}, "fields": [{"index": "B", "name": "name", "number": ".01", "flags": "RF", "location": "0;1", "type": "4", "description": {"datatype": "http://www.w3.org/1999/02/22-rdf-syntax-ns#XMLLiteral", "fmType": "5", "fmId": "-1", "value": "This is a free text name for the list; it should contain the name of\rthe clinic or user who will be the primary user(s) of this list, as this\rname will be used as an ID and a title.", "type": "typed-literal"}}, {"description": {"datatype": "http://www.w3.org/1999/02/22-rdf-syntax-ns#XMLLiteral", "fmType": "5", "fmId": "-1", "value": "This is the date[/time] this list was last changed in any way; this value\ris stuffed in by the Problem List pkg utilities that manage this file.", "type": "typed-literal"}, "number": ".02", "flags": "D", "location": "0;2", "type": "1", "name": "date_last_modified"}, {"index": "C", "name": "clinic", "description": {"datatype": "http://www.w3.org/1999/02/22-rdf-syntax-ns#XMLLiteral", "fmType": "5", "fmId": "-1", "value": "This is the clinic to be associated with this list.  This should be the\rprimary clinic in which this list will be used to populate patient\rproblem lists; when adding new problems for a patient from this clinic,\rthis list will automatically be presented to select problems from.", "type": "typed-literal"}, "number": ".03", "flags": "*P44'", "location": "0;3", "type": "7", "details": "44"}], "fmql": {"TYPELABEL": "PROBLEM SELECTION LIST", "TYPE": "125", "OP": "DESCRIBE TYPE"}, "number": "125", "location": "^GMPL(125,", "name": "PROBLEM SELECTION LIST"}