{"fields": [{"index": "B", "name": "fs_date", "number": ".01", "flags": "D", "location": "0;1", "type": "1", "description": {"datatype": "http://www.w3.org/1999/02/22-rdf-syntax-ns#XMLLiteral", "fmType": "5", "fmId": "-1", "value": "Fileman date of the flow sheet entry.", "type": "typed-literal"}}, {"description": {"datatype": "http://www.w3.org/1999/02/22-rdf-syntax-ns#XMLLiteral", "fmType": "5", "fmId": "-1", "value": "INR value from outside lab; entered throught the Anticoagulator.", "type": "typed-literal"}, "number": "20", "flags": "F", "location": "0;3", "type": "4", "name": "inr"}, {"description": {"datatype": "http://www.w3.org/1999/02/22-rdf-syntax-ns#XMLLiteral", "fmType": "5", "fmId": "-1", "value": "Location of lab used for last outside lab draw (HCT or INR)", "type": "typed-literal"}, "number": "30", "flags": "F", "location": "0;4", "type": "4", "name": "lab_draw_loc"}, {"description": {"datatype": "http://www.w3.org/1999/02/22-rdf-syntax-ns#XMLLiteral", "fmType": "5", "fmId": "-1", "value": "Strength of coumadin pill prescribed to patient; in mgs.  Currently \rAnticoagulator only supports using one pill strength for each patient.", "type": "typed-literal"}, "number": "40", "flags": "NJ5,2", "location": "0;5", "type": "2", "name": "pill_strength"}, {"description": {"datatype": "http://www.w3.org/1999/02/22-rdf-syntax-ns#XMLLiteral", "fmType": "5", "fmId": "-1", "value": "Total weekly coumadin dose as established at this flow sheet entry.\rIf \"Record Total Weekly dose\" is not checked in the ANTICOAGULATER; then \rthis field will contain '---' and nothing will display in that field on \rthe flow sheet (on the REPORTS TAB in CPRS).", "type": "typed-literal"}, "number": "50", "flags": "NJ5,2", "location": "0;6", "type": "2", "name": "total_weekly_dose"}, {"description": {"datatype": "http://www.w3.org/1999/02/22-rdf-syntax-ns#XMLLiteral", "fmType": "5", "fmId": "-1", "value": "mg of coumadin per day Sun - Sat separated by '|'.\rexample: 5|5|10|5|5|2.5|5", "type": "typed-literal"}, "number": "60", "flags": "F", "location": "0;7", "type": "4", "name": "daily_dosing"}, {"description": {"datatype": "http://www.w3.org/1999/02/22-rdf-syntax-ns#XMLLiteral", "fmType": "5", "fmId": "-1", "value": "How patient was contacted at this entry.  Free text and displays in flow \rsheet (CPRS REPORTS TAB).", "type": "typed-literal"}, "number": "70", "flags": "F", "location": "0;8", "type": "4", "name": "patient_notice"}, {"description": {"datatype": "http://www.w3.org/1999/02/22-rdf-syntax-ns#XMLLiteral", "fmType": "5", "fmId": "-1", "value": "Entry date/time of item into the file.", "type": "typed-literal"}, "number": "80", "flags": "D", "location": "0;9", "type": "1", "name": "d_t_stamp"}, {"description": {"datatype": "http://www.w3.org/1999/02/22-rdf-syntax-ns#XMLLiteral", "fmType": "5", "fmId": "-1", "value": "Provider (from file 200) that made the entry.", "type": "typed-literal"}, "number": "90", "flags": "F", "location": "0;10", "type": "4", "name": "provider"}, {"description": {"datatype": "http://www.w3.org/1999/02/22-rdf-syntax-ns#XMLLiteral", "fmType": "5", "fmId": "-1", "value": "Indication from the Anticoagulator drop down box, or free text. This is \rin case the indication changes over the course of treatment.\rexample: A Fib", "type": "typed-literal"}, "number": "92", "flags": "F", "location": "0;11", "type": "4", "name": "current_indication"}, {"description": {"datatype": "http://www.w3.org/1999/02/22-rdf-syntax-ns#XMLLiteral", "fmType": "5", "fmId": "-1", "value": "Current goal range, in case it changed over the course of treatment.  The \rcurrent ranges are used to determine the percent in goal, since the \rpatient may have been in goal until the goal changed.  Only considered out\rof goal if they are out of range for this reading; not how this visit \rcompares to the most recent goal range.", "type": "typed-literal"}, "number": "95", "flags": "F", "location": "0;12", "type": "4", "name": "current_goal"}, {"description": {"datatype": "http://www.w3.org/1999/02/22-rdf-syntax-ns#XMLLiteral", "fmType": "5", "fmId": "-1", "value": "Free text information for this flow sheet entry.", "type": "typed-literal"}, "number": "99", "flags": "103.1199", "location": "1;0", "type": "5", "name": "comments"}, {"name": "show_value", "description": {"datatype": "http://www.w3.org/1999/02/22-rdf-syntax-ns#XMLLiteral", "fmType": "5", "fmId": "-1", "value": "RECORDS VALUES FOR A SHOW RATE.  WILL LOOK AT TOTAL VISITS WITH THIS \rFIELD COMPLETED CALCULATING PERCENT WITH ON TIME (0) OR WITHIN ONE DAY \r(1); SUGGESTS COMPLIANCE.  2= NOSHOW", "type": "typed-literal"}, "number": "100", "flags": "S", "details": "0:KEPT APPT;1:W/I 1 DAY;2:NO SHOW;", "type": "3", "location": "0;13"}, {"name": "complication", "description": {"datatype": "http://www.w3.org/1999/02/22-rdf-syntax-ns#XMLLiteral", "fmType": "5", "fmId": "-1", "value": "If present, indicates that a complication was noted.  Often noted \rhistorically, the date will either be the date of the entry OR the \rdate will be in the COMPLICATIONS word processing fields.", "type": "typed-literal"}, "number": "104", "flags": "S", "details": "1:MAJOR BLEED;2:CLOT;3:MINOR BLEED;", "type": "3", "location": "0;2"}, {"description": {"datatype": "http://www.w3.org/1999/02/22-rdf-syntax-ns#XMLLiteral", "fmType": "5", "fmId": "-1", "value": "Free text or selected information on complication.", "type": "typed-literal"}, "number": "105", "flags": "103.11105", "location": "2;0", "type": "5", "name": "complication_note"}, {"type": "5", "location": "3;0", "flags": "103.021", "number": "110", "name": "patient_instructions"}], "fmql": {"TYPELABEL": "FS DATE", "TYPE": "103_011", "OP": "DESCRIBE TYPE"}, "name": "FS DATE", "parent": "103", "number": "103.011"}