{"fields": [{"index": "B", "name": "patient", "description": {"datatype": "http://www.w3.org/1999/02/22-rdf-syntax-ns#XMLLiteral", "fmType": "5", "fmId": "-1", "value": "This field contains a pointer to the Patient file (2) and indicates\ra patient involved in the encounter.", "type": "typed-literal"}, "number": ".01", "flags": "MP2'X", "location": "0;1", "type": "7", "details": "2"}, {"name": "location", "description": {"datatype": "http://www.w3.org/1999/02/22-rdf-syntax-ns#XMLLiteral", "fmType": "5", "fmId": "-1", "value": "This field contains a pointer to the Hospital Location\r(file 44) for the patient. It is the patient location rather\rthan the event location.", "type": "typed-literal"}, "number": "1", "flags": "P44'", "details": "44", "type": "7", "location": "0;2"}, {"description": {"datatype": "http://www.w3.org/1999/02/22-rdf-syntax-ns#XMLLiteral", "fmType": "5", "fmId": "-1", "value": "This field contains the number of collaterals seen with the\rpatient.", "type": "typed-literal"}, "number": "2", "flags": "NJ1,0", "location": "0;3", "type": "2", "name": "_collaterals"}, {"description": {"datatype": "http://www.w3.org/1999/02/22-rdf-syntax-ns#XMLLiteral", "fmType": "5", "fmId": "-1", "value": "This field may be used for a patient-specific comment\rconcerning the encounter.", "type": "typed-literal"}, "number": "3", "flags": "F", "location": "0;4", "type": "4", "name": "patient_comment"}], "fmql": {"TYPELABEL": "PATIENT", "TYPE": "115_701", "OP": "DESCRIBE TYPE"}, "name": "PATIENT", "parent": "115.7", "number": "115.701"}