{"count": "0", "applicationGroups": "XU", "description": {"datatype": "http://www.w3.org/1999/02/22-rdf-syntax-ns#XMLLiteral", "fmType": "5", "fmId": "-1", "value": "This file contains information about duplicate records in any file defined\rin the two variable pointer fields; RECORD1 and RECORD2 (.01 and .02).  The\rstatus of an entry in this file may be 'potential duplicate, unverified',\r'verified, not a duplicate', or 'verified duplicate'.\r \rThe envisioned sequence of events is software would identify potential\rduplicates from a file and add an entry in this file containing the two\rpotential duplicate records and set the status field to 'potential\rduplicate, unverified'.  A user would then make the determination of whether\rthe two entries were truely duplicates and change the status field\rappropriately.\r \rIf the user changed the status to 'verified duplicate' he/she would then\rbe asked whether to merge RECORD1 to RECORD2 or RECORD2 to RECORD1.  The\rrecords would then be merged accordingly.\r \rThis user interaction is controlled by the merge software and the dictionary\rsupports a merge methodology that will notify the appropriate packages\raffected by the merging of the two entries and wait for their concurrence\rprior to actually merging the two entries.  If this approach is not desired\rthe software can set the appropriate fields and immediatley do the merge.\rThis methodology requires the two fields defined below.\r \rThe MERGE STATUS field is a SET where 0=not ready, 1=ready, and 2=merged.\rThis field would be set to 0=not ready and a bulletin would be sent to\rthe appropriate package users.\r \rThe MERGE PACKAGES field is a multiple which contains a list of packages\rthat are affected by the merging of entries in the subject file.  The\rSTATUS field of this multiple will be set to 0=not ready if the package\rhas the 'from' entry and does an interactive merge.  It will be set to\r1=ready if the package has the 'from' entry but does an automatic merge.\rIt will be set to 2=no from entry if the package does not have the 'from'\rentry, regardless of whether they do an interactive or automatic merge.\rIf the package has a merge routine in the package file the merge is\rautomatic.  If not, the merge is interactive.  The ERROR MESSAGE field of\rthis multiple will contain any errors encountered during the execution of\rthat packages merge routine.\r \rOnce all entries in the MERGE PACKAGES multiple have a STATUS'=0 the MERGE\rSTATUS field is set to 1=ready via a TRIGGER.\r \rOnce the MERGE STATUS is set to 1=ready the actual merge will occur.  When\rit is complete the MERGE STATUS will be set to 2=merged.  Once set to 2\rmost fields cannot be modified.\r \rThe following fields are set by TRIGGERs and are never seen by the user:\rDATE FOUND, DATE VERIFIED, DATE RESOLVED, WHO CREATED, WHO VERIFIED,\rand WHO CHANGED.  Also, the MERGE DIRECTION and MERGE STATUS fields will be\rdeleted by a TRIGGER if the STATUS field is modified from 'verified\rduplicate' to any other status.\r \rThe fields LOOKUP1 and LOOKUP2 provide navigational capability from this\rfile to either the RECORD1 or RECORD2 entries in the file specified in\rthe variable pointer fields.  The field LOOKUP3 provides navigational\rcapability to any file that points to this file and has a DINUM\rrelationship.\r \rA lookup on the \"B\" xref will get any file entry that is part of a duplicate\rrecord pair because the \"B\" xref is set by a REGULAR xref on the .01 field\rand by a MNEMONIC xref on the .02 field.\r \rThe \"AFR\" xref is used by the INPUT TRANSFORMS on the .01 and .02 field to\rprevent entering a file entry that has already been merged away.\r \rAll xrefs that have subscripts consisting of 'RECORD^RECORD' pairs will be\r'low DFN^high DFN'.\r \rThe \"ALK\" xref is short lived and contains entries that are unresolved\rpotential duplicates or verified duplicates that have not yet been merged.\rIts form, using file 2 as an example, is ^VA(15,\"ALK\",\"DPT(\",fe#1,1,fe#2,DA)\ror ^VA(15,\"ALK\",\"DPT(\",fe#1,2,fe#2,DA) where the 5th subscript has the\rfollowing meaning: 1=potential duplicate, 2=verified duplicate.  When the\r5th subscript is a 1 there will be two \"ALK\" entries with the two fe#s\rreversed.  When the 5th subscript is a 2 there will be only 1 \"ALK\" entry\rand fe#s will be in the order 'from' 'to'.  Once merged the \"ALK\" xref\rfor that entry will be killed.\r \rThe \"AMRG\" xref is also short lived and contains one \"AMRG\" entry for\reach entry in this file that has a MERGE STATUS of 0=not ready or\r1=ready.  Once merged the \"AMRG\" xref for that entry will be killed.\rThe form of the \"AMRG xref, using file 2 as an example, is\r^VA(15,\"AMRG\",\"DPT(\",0,DA) or ^VA(15,\"AMRG\",\"DPT(\",1,DA) where the value\rof the 4th subscript has the following meaning; 0=not ready, 1=ready.\r \rThe \"AVCHG\" xref is set by the WHO CHANGED field which is itself only set\rwhen the STATUS field is changed from \"V\" to any other value.  If this xref\rexists action needs to be taken because other packages have been notified\rto merge the two entries.\r \rAll TRIGGERs fire forward except the TRIGGER on the STATUS field of the\rMERGE PACKAGES multiple which fires backward to set the MERGE STATUS field.\rHowever, that TRIGGER has no effect on the kill side.  TRIGGER direction can\rbe relevent when deleting entries using ^DIK.\r \rThe .01 and .02 fields are 'uneditable' so entries can only be deleted from\rthis file using ^DIK.\r \rMost TRIGGERs will not fire during a RE-INDEX of this file.  Also, many\rare conditional upon external SET values.  Modify this dictionary with\rextreme caution.\r \rSeveral TRIGGERs have been modified using ^%GEDIT to add MUMPS code to\rthe conditional logic to prevent firing during a RE-INDEX.  This was done\ronly for TRIGGERs that already had human readable conditional logic.\r \r***** W A R N I N G *****\rWhen you add a file to a variable pointer field FileMan deletes the\rinput transform so save it off before the change and restore it after\rthe change.", "type": "typed-literal"}, "fields": [{"index": "B", "name": "record1", "description": {"datatype": "http://www.w3.org/1999/02/22-rdf-syntax-ns#XMLLiteral", "fmType": "5", "fmId": "-1", "value": "This field contains one of the potential duplicate pair.  This is a\rvariable pointer.", "type": "typed-literal"}, "number": ".01", "flags": "RVXI", "location": "0;1", "type": "8", "details": "2;200"}, {"index": "B", "name": "record2", "description": {"datatype": "http://www.w3.org/1999/02/22-rdf-syntax-ns#XMLLiteral", "fmType": "5", "fmId": "-1", "value": "The second of the potential duplicate pair.  This is a variable pointer.", "type": "typed-literal"}, "number": ".02", "flags": "RVXI", "location": "0;2", "type": "8", "details": "2;200"}, {"name": "status", "description": {"datatype": "http://www.w3.org/1999/02/22-rdf-syntax-ns#XMLLiteral", "fmType": "5", "fmId": "-1", "value": "This field indicates the status of this duplicate record pair.  It may be\r'potential duplicate, unverified', 'verified, not a duplicate', or\r'verified duplicate'.\r\rThis field cannot be modified once MERGE STATUS is set to 2=MERGED.", "type": "typed-literal"}, "number": ".03", "flags": "R*S", "details": "P:POTENTIAL DUPLICATE, UNVERIFIED;N:VERIFIED, NOT A DUPLICATE;V:VERIFIED DUPLICATE;X:VERIFICATION IN PROCESS;R:REQUIRES RESOLUTION;", "type": "3", "location": "0;3"}, {"name": "merge_direction", "description": {"datatype": "http://www.w3.org/1999/02/22-rdf-syntax-ns#XMLLiteral", "fmType": "5", "fmId": "-1", "value": "This field indicates in which direction the merge is to occur, RECORD1 to\rRECORD2 or RECORD2 to RECORD1.  This field cannot be modified once set.\r\rNote:  Q:X=\"\"  on kill side of \"ALK2\" xref is because deleting an entry\r       using ^DIK may set this field to NULL via a TRIGGER.", "type": "typed-literal"}, "number": ".04", "flags": "R*SI", "details": "1:RECORD1 to RECORD2;2:RECORD2 to RECORD1;", "type": "3", "location": "0;4"}, {"name": "merge_status", "description": {"datatype": "http://www.w3.org/1999/02/22-rdf-syntax-ns#XMLLiteral", "fmType": "5", "fmId": "-1", "value": "This field is set when a duplicate record pair is verified as a duplicate.\rThe actual merge will not occur until this field is set to READY (1).  The\rmerge routine will set this field to MERGED (2).  Once set to MERGED (2)\rthis field cannot be modified.\r\rNote:  Kill side of \"AFR\" and \"ATO\" xref kill all possible combinations of\r       xref because deleting an entry in this file using ^DIK results in\r       the .04 field being NULL when these xrefs are fired.", "type": "typed-literal"}, "number": ".05", "flags": "*S", "details": "0:NOT READY;1:READY;2:MERGED;3:IN PROGRESS;", "type": "3", "location": "0;5"}, {"description": {"datatype": "http://www.w3.org/1999/02/22-rdf-syntax-ns#XMLLiteral", "fmType": "5", "fmId": "-1", "value": "This field indicates the date this duplicate record pair was added to this\rfile.", "type": "typed-literal"}, "number": ".06", "flags": "RD", "location": "0;6", "type": "1", "name": "date_found"}, {"description": {"datatype": "http://www.w3.org/1999/02/22-rdf-syntax-ns#XMLLiteral", "fmType": "5", "fmId": "-1", "value": "This field contains the date this duplicate record pair was verified.\rThe STATUS field must be set to \"N\" or \"V\" before data can be entered\rin this field.", "type": "typed-literal"}, "number": ".07", "flags": "DX", "location": "0;7", "type": "1", "name": "date_verified"}, {"description": {"datatype": "http://www.w3.org/1999/02/22-rdf-syntax-ns#XMLLiteral", "fmType": "5", "fmId": "-1", "value": "This field indicates the date this duplicate record pair was resolved.\rThis field will be set by the dictionary when the STATUS field is set\rto \"N\" or the MERGE STATUS field is set to MERGED.", "type": "typed-literal"}, "number": ".08", "flags": "D", "location": "0;8", "type": "1", "name": "date_resolved"}, {"name": "who_created", "description": {"datatype": "http://www.w3.org/1999/02/22-rdf-syntax-ns#XMLLiteral", "fmType": "5", "fmId": "-1", "value": "This field contains the user who created this entry.  If the entry was\rcreated by software this field will be NULL.", "type": "typed-literal"}, "number": ".09", "flags": "P200'", "details": "200", "type": "7", "location": "0;9"}, {"description": {"datatype": "http://www.w3.org/1999/02/22-rdf-syntax-ns#XMLLiteral", "fmType": "5", "fmId": "-1", "value": "This is the date on which the status changed from POTENTIAL DUPLICATE to\rVERIFICATION IN PROGRESS.", "type": "typed-literal"}, "number": ".1", "flags": "D", "location": "0;10", "type": "1", "name": "verif_started_date"}, {"name": "who_verified", "description": {"datatype": "http://www.w3.org/1999/02/22-rdf-syntax-ns#XMLLiteral", "fmType": "5", "fmId": "-1", "value": "This field indicates the user who verified this duplicate record pair.\rThe STATUS must be set to \"N\" or \"V\" before data can be entered in\rthis field.", "type": "typed-literal"}, "number": ".11", "flags": "P200'X", "details": "200", "type": "7", "location": "0;11"}, {"index": "AVCHG", "name": "who_changed", "description": {"datatype": "http://www.w3.org/1999/02/22-rdf-syntax-ns#XMLLiteral", "fmType": "5", "fmId": "-1", "value": "This field is set when the STATUS field is changed from \"V\" to any other\rvalue.  The reason this is so important is other packages have been\rnotified and may have already done the merge.", "type": "typed-literal"}, "number": ".12", "flags": "P200'I", "location": "0;12", "type": "7", "details": "200"}, {"name": "approved_for_back_up", "description": {"datatype": "http://www.w3.org/1999/02/22-rdf-syntax-ns#XMLLiteral", "fmType": "5", "fmId": "-1", "value": "This field is used to document that a backup of the records has been\rgenerated.  This is required prior to merging the records.", "type": "typed-literal"}, "number": ".13", "flags": "S", "details": "0:NO;1:YES;", "type": "3", "location": "0;13"}, {"description": {"datatype": "http://www.w3.org/1999/02/22-rdf-syntax-ns#XMLLiteral", "fmType": "5", "fmId": "-1", "value": "This field is used to document the user who indicates that the backup has\rbeen generated and/or the fact that the backup was generated by the\rduplicate merge system.", "type": "typed-literal"}, "number": ".14", "flags": "F", "location": "0;14", "type": "4", "name": "backup_indicated_by"}, {"description": {"datatype": "http://www.w3.org/1999/02/22-rdf-syntax-ns#XMLLiteral", "fmType": "5", "fmId": "-1", "value": "\rThis is the maximum possible score if this entry matches exactly to its\rcouterpart.", "type": "typed-literal"}, "number": ".15", "flags": "NJ2,0", "location": "0;15", "type": "2", "name": "dc_total_possible_score"}, {"description": {"datatype": "http://www.w3.org/1999/02/22-rdf-syntax-ns#XMLLiteral", "fmType": "5", "fmId": "-1", "value": "\rThis is the lowest % possible that will mark this entry as 'verified\rduplicate'.", "type": "typed-literal"}, "number": ".16", "flags": "NJ3,0", "location": "0;16", "type": "2", "name": "dc_verified_dupe_threshold_"}, {"description": {"datatype": "http://www.w3.org/1999/02/22-rdf-syntax-ns#XMLLiteral", "fmType": "5", "fmId": "-1", "value": "\rThis is the lowest possible % of the total duplicate score that would mark\rthis entry as 'potential duplicate/unverified'.", "type": "typed-literal"}, "number": ".17", "flags": "NJ3,0", "location": "0;17", "type": "2", "name": "dc_potential_dupe_threshold_"}, {"description": {"datatype": "http://www.w3.org/1999/02/22-rdf-syntax-ns#XMLLiteral", "fmType": "5", "fmId": "-1", "value": "\rActual duplicate score computed.", "type": "typed-literal"}, "number": ".18", "flags": "NJ3,0", "location": "0;18", "type": "2", "name": "dc_dupe_match_score"}, {"description": {"datatype": "http://www.w3.org/1999/02/22-rdf-syntax-ns#XMLLiteral", "fmType": "5", "fmId": "-1", "value": "\rThis is the % of the total possible match score.", "type": "typed-literal"}, "number": ".19", "flags": "NJ3,0", "location": "0;19", "type": "2", "name": "dc_dupe_match_percentile"}, {"name": "merge_process", "description": {"datatype": "http://www.w3.org/1999/02/22-rdf-syntax-ns#XMLLiteral", "fmType": "5", "fmId": "-1", "value": "This field indicates which entry is the XDR MERGE PROCESS file this entry\ris associated with.  The merge process contains information on the status\rof the merge of the duplicate pair(s) included within the given process\rand the extent of completion.", "type": "typed-literal"}, "number": ".2", "flags": "P15.2'", "details": "15.2", "type": "7", "location": "0;20"}, {"description": {"datatype": "http://www.w3.org/1999/02/22-rdf-syntax-ns#XMLLiteral", "fmType": "5", "fmId": "-1", "value": "\rThis field contains special comments about the duplicate record.", "type": "typed-literal"}, "number": "1", "flags": "F", "location": "1;1", "type": "4", "name": "remarks"}, {"name": "identifying_service", "number": "2", "flags": "15.02", "details": "15.02", "type": "9", "location": "2;0"}, {"name": "overwrite_in_file", "number": "3", "flags": "15.03A", "details": "15.03", "type": "9", "location": "3;0"}, {"name": "merge_packages", "description": {"datatype": "http://www.w3.org/1999/02/22-rdf-syntax-ns#XMLLiteral", "fmType": "5", "fmId": "-1", "value": "This multiple contains an entry for each package from the package file\rthat is affected by the merging of entries in the file specified in\rthis files .01 field.  The STATUS field of this multiple will be set\rto 0=NOT READY if the package has the 'from' entry in the subject file\rand does not have a merge routine specified in the package file.  The\rSTATUS field will be set to 1=READY if the package has the 'from' entry\rand also has a merge routine specified in the package file.  It will be\rset to 2=NO FROM ENTRY if the package does not have the 'from' entry,\rregardless of whether the package has a merge routine or not.", "type": "typed-literal"}, "number": "1101", "flags": "15.01101P", "details": "15.01101", "type": "9", "location": "11;0"}, {"name": "check_points", "number": "1300", "flags": "15.013", "details": "15.013", "type": "9", "location": "CP;0"}, {"name": "duplicate_tests_scores", "description": {"datatype": "http://www.w3.org/1999/02/22-rdf-syntax-ns#XMLLiteral", "fmType": "5", "fmId": "-1", "value": "\rThis field contains the comparison tests and the scores.", "type": "typed-literal"}, "number": "2101", "flags": "15.02101A", "details": "15.02101", "type": "9", "location": "21;0"}, {"type": "6", "description": {"datatype": "http://www.w3.org/1999/02/22-rdf-syntax-ns#XMLLiteral", "fmType": "5", "fmId": "-1", "value": "This field is used to navigate to the file pointed to by RECORD1.", "type": "typed-literal"}, "flags": "CJ8", "number": "99991", "name": "lookup1"}, {"type": "6", "description": {"datatype": "http://www.w3.org/1999/02/22-rdf-syntax-ns#XMLLiteral", "fmType": "5", "fmId": "-1", "value": "This field is used to navigate to the file pointed to by RECORD2.", "type": "typed-literal"}, "flags": "CJ8", "number": "99992", "name": "lookup2"}, {"type": "6", "description": {"datatype": "http://www.w3.org/1999/02/22-rdf-syntax-ns#XMLLiteral", "fmType": "5", "fmId": "-1", "value": "This computed field provides navigational capability to any file that points\rto this file and has a DINUM relationship.", "type": "typed-literal"}, "flags": "CJ8", "number": "99993", "name": "lookup3"}, {"index": "AMFIC", "name": "mfi_controlled", "description": {"datatype": "http://www.w3.org/1999/02/22-rdf-syntax-ns#XMLLiteral", "fmType": "5", "fmId": "-1", "value": "\rThis field is for MultiFacility Integration software use only.", "type": "typed-literal"}, "number": "999999901", "flags": "SI", "location": "9999999;1", "type": "3", "details": "1:MERGE;2:INSTALL;"}, {"index": "AMFIR", "name": "mfi_resolved", "description": {"datatype": "http://www.w3.org/1999/02/22-rdf-syntax-ns#XMLLiteral", "fmType": "5", "fmId": "-1", "value": "\rThis field is for MultiFacility Integration software use only.", "type": "typed-literal"}, "number": "999999902", "flags": "S", "location": "9999999;2", "type": "3", "details": "0:UNRESOLVED;1:RESOLVED;"}, {"index": "AMFIP", "name": "mfi_patient", "description": {"datatype": "http://www.w3.org/1999/02/22-rdf-syntax-ns#XMLLiteral", "fmType": "5", "fmId": "-1", "value": "\rThis field is for MultiFacility Integration software use only.", "type": "typed-literal"}, "number": "999999903", "flags": "P2'", "location": "9999999;3", "type": "7", "details": "2"}, {"description": {"datatype": "http://www.w3.org/1999/02/22-rdf-syntax-ns#XMLLiteral", "fmType": "5", "fmId": "-1", "value": "\rThis field is for MultiFacility Integration software use only.", "type": "typed-literal"}, "number": "999999904", "flags": "F", "location": "9999999;4", "type": "4", "name": "mfi_from_site"}], "fmql": {"TYPELABEL": "DUPLICATE RECORD", "TYPE": "15", "OP": "DESCRIBE TYPE"}, "number": "15", "location": "^VA(15,", "name": "DUPLICATE RECORD"}