{"fields": [{"description": {"datatype": "http://www.w3.org/1999/02/22-rdf-syntax-ns#XMLLiteral", "fmType": "5", "fmId": "-1", "value": "This field is the date/time that a diet order is to take effect;\rthe order will remain in effect until the following date/time\rsequence entry.", "type": "typed-literal"}, "number": ".01", "flags": "DIX", "location": "0;1", "type": "1", "name": "diet_sequence_date_time"}, {"description": {"datatype": "http://www.w3.org/1999/02/22-rdf-syntax-ns#XMLLiteral", "fmType": "5", "fmId": "-1", "value": "This is the order number, in Field 3, of the diet order that is\rto become effective at the indicated date/time.", "type": "typed-literal"}, "number": "1", "flags": "RNJ5,0I", "location": "0;2", "type": "2", "name": "diet_order_"}], "fmql": {"TYPELABEL": "DIET SEQUENCE", "TYPE": "115_14", "OP": "DESCRIBE TYPE"}, "name": "DIET SEQUENCE", "parent": "115.01", "number": "115.14"}