{"fields": [{"index": "B", "name": "satellite_loc", "number": ".01", "flags": "MF", "location": "0;1", "type": "4", "description": {"datatype": "http://www.w3.org/1999/02/22-rdf-syntax-ns#XMLLiteral", "fmType": "5", "fmId": "-1", "value": "This field contains the Location of the Satellite Clinics.", "type": "typed-literal"}}, {"description": {"datatype": "http://www.w3.org/1999/02/22-rdf-syntax-ns#XMLLiteral", "fmType": "5", "fmId": "-1", "value": "This field contains the number of Outpatients that visited the Clinics.", "type": "typed-literal"}, "number": "1", "flags": "NJ9,0", "location": "0;2", "type": "2", "name": "total__of_sat_outpat_visits"}], "fmql": {"TYPELABEL": "SATELLITE LOC", "TYPE": "117_325", "OP": "DESCRIBE TYPE"}, "name": "SATELLITE LOC", "parent": "117.3", "number": "117.325"}