{"fields": [{"index": "B", "name": "service", "number": ".01", "flags": "FI", "location": "0;1", "type": "4", "description": {"datatype": "http://www.w3.org/1999/02/22-rdf-syntax-ns#XMLLiteral", "fmType": "5", "fmId": "-1", "value": "This is the name of the service.\r ", "type": "typed-literal"}}, {"name": "start_time", "description": {"datatype": "http://www.w3.org/1999/02/22-rdf-syntax-ns#XMLLiteral", "fmType": "5", "fmId": "-1", "value": "This is information related to the start time of this blockout.\r ", "type": "typed-literal"}, "number": "1", "flags": "131.705A", "details": "131.705", "type": "9", "location": "1;0"}, {"name": "scheduled_by", "description": {"datatype": "http://www.w3.org/1999/02/22-rdf-syntax-ns#XMLLiteral", "fmType": "5", "fmId": "-1", "value": "This is the name of the person blocking out time on the display\rfor this operating room.\r ", "type": "typed-literal"}, "number": "2", "flags": "P200'", "details": "200", "type": "7", "location": "0;2"}], "fmql": {"TYPELABEL": "SERVICE", "TYPE": "131_704", "OP": "DESCRIBE TYPE"}, "name": "SERVICE", "parent": "131.703", "number": "131.704"}