{"fields": [{"description": {"datatype": "http://www.w3.org/1999/02/22-rdf-syntax-ns#XMLLiteral", "fmType": "5", "fmId": "-1", "value": "The date in this multiple field represents the most recent date(s) on\rwhich the CPT copyright notice was displayed to users upon entering the\rSurgery package.", "type": "typed-literal"}, "number": ".01", "flags": "DX", "location": "0;1", "type": "1", "name": "cpt_copyright_notice_date"}, {"name": "user", "number": "1", "flags": "133.361PA", "details": "133.361", "type": "9", "location": "1;0"}], "fmql": {"TYPELABEL": "CPT COPYRIGHT NOTICE DATE", "TYPE": "133_036", "OP": "DESCRIBE TYPE"}, "name": "CPT COPYRIGHT NOTICE DATE", "parent": "133", "number": "133.036"}