{"fields": [{"index": "B", "name": "selection_item", "description": {"datatype": "http://www.w3.org/1999/02/22-rdf-syntax-ns#XMLLiteral", "fmType": "5", "fmId": "-1", "value": "When a given component allows the selection of specific items, (e.g., lab\rtests, radiology procedures, vital measurements, measurement panels,\rclinical reminders/maintenance items, health factors, etc.), you may\rselect the item by simply entering its name (e.g., POTASSIUM, or PULSE, as\rappropriate). If a limit has been specified for the number of items to be\rselected, then the build health summary option will restrict you to that\rnumber.", "type": "typed-literal"}, "number": ".01", "flags": "MV", "location": "0;1", "type": "8", "details": "60;120.51;71;811.9;9999999.64;8925.1;81;601.71"}], "fmql": {"TYPELABEL": "SELECTION ITEM", "TYPE": "142_14", "OP": "DESCRIBE TYPE"}, "name": "SELECTION ITEM", "parent": "142.01", "number": "142.14"}