{"fields": [{"description": {"datatype": "http://www.w3.org/1999/02/22-rdf-syntax-ns#XMLLiteral", "fmType": "5", "fmId": "-1", "value": "This field is merely the sequence in which various orders for\routpatient SFs were entered and has no meaning beyond that.", "type": "typed-literal"}, "number": ".01", "flags": "MNJ4,0", "location": "0;1", "type": "2", "name": "supplemental_feeding"}, {"description": {"datatype": "http://www.w3.org/1999/02/22-rdf-syntax-ns#XMLLiteral", "fmType": "5", "fmId": "-1", "value": "This is the date/time at which the order was entered and is\rcaptured automatically.", "type": "typed-literal"}, "number": "1", "flags": "D", "location": "0;2", "type": "1", "name": "date_time_ordered"}, {"name": "entering_clerk", "description": {"datatype": "http://www.w3.org/1999/02/22-rdf-syntax-ns#XMLLiteral", "fmType": "5", "fmId": "-1", "value": "This is the person actually entering the order and is captured\rautomatically at time of entry.", "type": "typed-literal"}, "number": "2", "flags": "P200'", "details": "200", "type": "7", "location": "0;3"}, {"name": "sf_menu", "description": {"datatype": "http://www.w3.org/1999/02/22-rdf-syntax-ns#XMLLiteral", "fmType": "5", "fmId": "-1", "value": "This is the supplemental feeding menu of the Supplemental Feeding\rMenu file (118.1) that was selected.  If other than \"Individualized', \rthe items from the selected menu were moved into this order.", "type": "typed-literal"}, "number": "3", "flags": "P118.1'", "details": "118.1", "type": "7", "location": "0;4"}, {"name": "10am_feeding_1", "description": {"datatype": "http://www.w3.org/1999/02/22-rdf-syntax-ns#XMLLiteral", "fmType": "5", "fmId": "-1", "value": "This is the first supplemental feeding ordered for the 10am\rfeeding time.", "type": "typed-literal"}, "number": "4", "flags": "P118'", "details": "118", "type": "7", "location": "0;5"}, {"description": {"datatype": "http://www.w3.org/1999/02/22-rdf-syntax-ns#XMLLiteral", "fmType": "5", "fmId": "-1", "value": "This is the ordered quantity of the first 10am feeding.", "type": "typed-literal"}, "number": "5", "flags": "NJ2,0", "location": "0;6", "type": "2", "name": "10am_1_qty"}, {"name": "10am_feeding_2", "description": {"datatype": "http://www.w3.org/1999/02/22-rdf-syntax-ns#XMLLiteral", "fmType": "5", "fmId": "-1", "value": "This is the second supplemental feeding ordered for the 10am\rfeeding.", "type": "typed-literal"}, "number": "6", "flags": "P118'", "details": "118", "type": "7", "location": "0;7"}, {"description": {"datatype": "http://www.w3.org/1999/02/22-rdf-syntax-ns#XMLLiteral", "fmType": "5", "fmId": "-1", "value": "This is the outpatient Supplemental Feeding ordered\rquantity for the second 10am feeding.", "type": "typed-literal"}, "number": "7", "flags": "NJ2,0", "location": "0;8", "type": "2", "name": "10am_2_qty"}, {"name": "10am_feeding_3", "description": {"datatype": "http://www.w3.org/1999/02/22-rdf-syntax-ns#XMLLiteral", "fmType": "5", "fmId": "-1", "value": "This is the third supplemental feeding ordered for the 10am\rfeeding. ", "type": "typed-literal"}, "number": "8", "flags": "P118'", "details": "118", "type": "7", "location": "0;9"}, {"description": {"datatype": "http://www.w3.org/1999/02/22-rdf-syntax-ns#XMLLiteral", "fmType": "5", "fmId": "-1", "value": "This is the ordered quantity for the third 10am feeding. ", "type": "typed-literal"}, "number": "9", "flags": "NJ2,0", "location": "0;10", "type": "2", "name": "10am_3_qty"}, {"name": "10am_feeding_4", "description": {"datatype": "http://www.w3.org/1999/02/22-rdf-syntax-ns#XMLLiteral", "fmType": "5", "fmId": "-1", "value": "This is the fourth supplemental feeding ordered for the 10am\rfeeding. ", "type": "typed-literal"}, "number": "10", "flags": "P118'", "details": "118", "type": "7", "location": "0;11"}, {"description": {"datatype": "http://www.w3.org/1999/02/22-rdf-syntax-ns#XMLLiteral", "fmType": "5", "fmId": "-1", "value": "This is the ordered quantity of the fourth 10am feeding. ", "type": "typed-literal"}, "number": "11", "flags": "NJ2,0", "location": "0;12", "type": "2", "name": "10am_4_qty"}, {"name": "2pm_feeding_1", "description": {"datatype": "http://www.w3.org/1999/02/22-rdf-syntax-ns#XMLLiteral", "fmType": "5", "fmId": "-1", "value": "This is the first supplemental feeding ordered for the 2pm\rfeeding.", "type": "typed-literal"}, "number": "12", "flags": "P118'", "details": "118", "type": "7", "location": "0;13"}, {"description": {"datatype": "http://www.w3.org/1999/02/22-rdf-syntax-ns#XMLLiteral", "fmType": "5", "fmId": "-1", "value": "This is the ordered quantity of the first 2pm feeding.", "type": "typed-literal"}, "number": "13", "flags": "NJ2,0", "location": "0;14", "type": "2", "name": "2pm_1_qty"}, {"name": "2pm_feeding_2", "description": {"datatype": "http://www.w3.org/1999/02/22-rdf-syntax-ns#XMLLiteral", "fmType": "5", "fmId": "-1", "value": "This is the second supplemental feeding ordered for the 2pm\rfeeding.", "type": "typed-literal"}, "number": "14", "flags": "P118'", "details": "118", "type": "7", "location": "0;15"}, {"description": {"datatype": "http://www.w3.org/1999/02/22-rdf-syntax-ns#XMLLiteral", "fmType": "5", "fmId": "-1", "value": "This is the ordered quantity of the second 2pm feeding.", "type": "typed-literal"}, "number": "15", "flags": "NJ2,0", "location": "0;16", "type": "2", "name": "2pm_2_qty"}, {"name": "2pm_feeding_3", "description": {"datatype": "http://www.w3.org/1999/02/22-rdf-syntax-ns#XMLLiteral", "fmType": "5", "fmId": "-1", "value": "This is the third supplemental feeding ordered for the 2pm\rfeeding.", "type": "typed-literal"}, "number": "16", "flags": "P118'", "details": "118", "type": "7", "location": "0;17"}, {"description": {"datatype": "http://www.w3.org/1999/02/22-rdf-syntax-ns#XMLLiteral", "fmType": "5", "fmId": "-1", "value": "This is the ordered quantity of the third 2pm feeding.", "type": "typed-literal"}, "number": "17", "flags": "NJ2,0", "location": "0;18", "type": "2", "name": "2pm_3_qty"}, {"name": "2pm_feeding_4", "description": {"datatype": "http://www.w3.org/1999/02/22-rdf-syntax-ns#XMLLiteral", "fmType": "5", "fmId": "-1", "value": "This is the fourth supplemental feeding ordered for the 2pm\rfeeding.", "type": "typed-literal"}, "number": "18", "flags": "P118'", "details": "118", "type": "7", "location": "0;19"}, {"description": {"datatype": "http://www.w3.org/1999/02/22-rdf-syntax-ns#XMLLiteral", "fmType": "5", "fmId": "-1", "value": "This is the ordered quantity of the fourth 2pm feeding.", "type": "typed-literal"}, "number": "19", "flags": "NJ2,0", "location": "0;20", "type": "2", "name": "2pm_4_qty"}, {"name": "8pm_feeding_1", "description": {"datatype": "http://www.w3.org/1999/02/22-rdf-syntax-ns#XMLLiteral", "fmType": "5", "fmId": "-1", "value": "This is the first supplemental feeding ordered for the 8pm\rfeeding.", "type": "typed-literal"}, "number": "20", "flags": "P118'", "details": "118", "type": "7", "location": "0;21"}, {"description": {"datatype": "http://www.w3.org/1999/02/22-rdf-syntax-ns#XMLLiteral", "fmType": "5", "fmId": "-1", "value": "This is the ordered quantity of the first 8pm feeding.", "type": "typed-literal"}, "number": "21", "flags": "NJ2,0", "location": "0;22", "type": "2", "name": "8pm_1_qty"}, {"name": "8pm_feeding_2", "description": {"datatype": "http://www.w3.org/1999/02/22-rdf-syntax-ns#XMLLiteral", "fmType": "5", "fmId": "-1", "value": "This is the second supplemental feeding ordered for the 8pm\rfeeding.", "type": "typed-literal"}, "number": "22", "flags": "P118'", "details": "118", "type": "7", "location": "0;23"}, {"description": {"datatype": "http://www.w3.org/1999/02/22-rdf-syntax-ns#XMLLiteral", "fmType": "5", "fmId": "-1", "value": "This is the ordered quantity of the second 8pm feeding.", "type": "typed-literal"}, "number": "23", "flags": "NJ2,0", "location": "0;24", "type": "2", "name": "8pm_2_qty"}, {"name": "8pm_feeding_3", "description": {"datatype": "http://www.w3.org/1999/02/22-rdf-syntax-ns#XMLLiteral", "fmType": "5", "fmId": "-1", "value": "This is the third supplemental feeding ordered for the 8pm\rfeeding.", "type": "typed-literal"}, "number": "24", "flags": "P118'", "details": "118", "type": "7", "location": "0;25"}, {"description": {"datatype": "http://www.w3.org/1999/02/22-rdf-syntax-ns#XMLLiteral", "fmType": "5", "fmId": "-1", "value": "This is the ordered quantity of the third 8pm feeding.", "type": "typed-literal"}, "number": "25", "flags": "NJ2,0", "location": "0;26", "type": "2", "name": "8pm_3_qty"}, {"name": "8pm_feeding_4", "description": {"datatype": "http://www.w3.org/1999/02/22-rdf-syntax-ns#XMLLiteral", "fmType": "5", "fmId": "-1", "value": "This is the fourth supplemental feeding ordered for the 8pm\rfeeding.", "type": "typed-literal"}, "number": "26", "flags": "P118'", "details": "118", "type": "7", "location": "0;27"}, {"description": {"datatype": "http://www.w3.org/1999/02/22-rdf-syntax-ns#XMLLiteral", "fmType": "5", "fmId": "-1", "value": "This is the ordered quantity of the fourth 8pm feeding.", "type": "typed-literal"}, "number": "27", "flags": "NJ2,0", "location": "0;28", "type": "2", "name": "8pm_4_qty"}, {"name": "dietary_or_therapeutic", "description": {"datatype": "http://www.w3.org/1999/02/22-rdf-syntax-ns#XMLLiteral", "fmType": "5", "fmId": "-1", "value": "This field indicates whether the supplemental feeding was\rordered for dietary or therapeutic reasons.", "type": "typed-literal"}, "number": "28", "flags": "S", "details": "D:DIETARY;T:THERAPEUTIC;", "type": "3", "location": "0;29"}, {"description": {"datatype": "http://www.w3.org/1999/02/22-rdf-syntax-ns#XMLLiteral", "fmType": "5", "fmId": "-1", "value": "This is the date/time this supplemental feeding order was\rlast reviewed for appropriateness.", "type": "typed-literal"}, "number": "29", "flags": "D", "location": "0;30", "type": "1", "name": "date_time_last_review"}, {"name": "review_clerk", "description": {"datatype": "http://www.w3.org/1999/02/22-rdf-syntax-ns#XMLLiteral", "fmType": "5", "fmId": "-1", "value": "This is the person conducting the last review and is captured\rautomatically at time of review.", "type": "typed-literal"}, "number": "30", "flags": "P200'", "details": "200", "type": "7", "location": "0;31"}, {"description": {"datatype": "http://www.w3.org/1999/02/22-rdf-syntax-ns#XMLLiteral", "fmType": "5", "fmId": "-1", "value": "This is the date/time this order was cancelled.", "type": "typed-literal"}, "number": "31", "flags": "D", "location": "0;32", "type": "1", "name": "date_time_cancelled"}, {"name": "cancelling_clerk", "description": {"datatype": "http://www.w3.org/1999/02/22-rdf-syntax-ns#XMLLiteral", "fmType": "5", "fmId": "-1", "value": "This is the person cancelling the order and is captured\rautomatically at time of cancellation.", "type": "typed-literal"}, "number": "32", "flags": "P200'", "details": "200", "type": "7", "location": "0;33"}, {"name": "diet_associated", "description": {"datatype": "http://www.w3.org/1999/02/22-rdf-syntax-ns#XMLLiteral", "fmType": "5", "fmId": "-1", "value": "This field, if answered Yes, means this Supplemental Feeding Menu\ris associated with a diet order else if answered No, means it is not.", "type": "typed-literal"}, "number": "33", "flags": "S", "details": "Y:YES;N:NO;", "type": "3", "location": "0;34"}], "fmql": {"TYPELABEL": "SUPPLEMENTAL FEEDING", "TYPE": "115_1627", "OP": "DESCRIBE TYPE"}, "name": "SUPPLEMENTAL FEEDING", "parent": "115.016", "number": "115.1627"}