{"count": "0", "description": {"datatype": "http://www.w3.org/1999/02/22-rdf-syntax-ns#XMLLiteral", "fmType": "5", "fmId": "-1", "value": "This file contains all restraints and positioning aids to be used in\rthe operating room.  The file is pointed to by the field RESTR &\rPOSITION AIDS in the Surgery file.  The file is pre-supplied with entries,\rhowever each site may want to make additions to it.", "type": "typed-literal"}, "fields": [{"index": "B", "name": "name", "number": ".01", "flags": "R", "location": "0;1", "type": "6", "description": {"datatype": "http://www.w3.org/1999/02/22-rdf-syntax-ns#XMLLiteral", "fmType": "5", "fmId": "-1", "value": "This is the name of the restraint or positioning aid.\r ", "type": "typed-literal"}}, {"name": "inactive", "description": {"datatype": "http://www.w3.org/1999/02/22-rdf-syntax-ns#XMLLiteral", "fmType": "5", "fmId": "-1", "value": "Enter 'YES\" to inactivate this file entry and to prevent it selection by\rSurgery users.", "type": "typed-literal"}, "number": "10", "flags": "S", "details": "1:YES;", "type": "3", "location": "0;2"}], "fmql": {"TYPELABEL": "RESTRAINTS AND POSITIONAL AIDS", "TYPE": "132_05", "OP": "DESCRIBE TYPE"}, "number": "132.05", "location": "^SRO(132.05,", "name": "RESTRAINTS AND POSITIONAL AIDS"}