{"fields": [{"description": {"datatype": "http://www.w3.org/1999/02/22-rdf-syntax-ns#XMLLiteral", "fmType": "5", "fmId": "-1", "value": "This is the name of an additional preoperative diagnosis, not provided\rin the principal preoperative diagnosis.\r ", "type": "typed-literal"}, "number": ".01", "flags": "MFX", "location": "0;1", "type": "4", "name": "other_preop_diagnosis"}, {"name": "paired_organ", "description": {"datatype": "http://www.w3.org/1999/02/22-rdf-syntax-ns#XMLLiteral", "fmType": "5", "fmId": "-1", "value": "This is the code corresponding to the side of the body related to this\rpreoperative diagnosis, if applicable.\r ", "type": "typed-literal"}, "number": "1", "flags": "S", "details": "L:LEFT;R:RIGHT;B:BILATERAL;N:NOT APPLICABLE;U:UNKNOWN;", "type": "3", "location": "0;2"}, {"description": {"datatype": "http://www.w3.org/1999/02/22-rdf-syntax-ns#XMLLiteral", "fmType": "5", "fmId": "-1", "value": "These are comments related to the additional preoperative diagnosis.\r ", "type": "typed-literal"}, "number": "2", "flags": "130.2", "location": "1;0", "type": "5", "name": "diagnosis_comments"}, {"name": "icd_diagnosis_code", "description": {"datatype": "http://www.w3.org/1999/02/22-rdf-syntax-ns#XMLLiteral", "fmType": "5", "fmId": "-1", "value": "This is the ICD Diagnosis Code which corresponds with this diagnosis.\rEntering this field is optional, but may be valuable in documentation\rof this case.\r ", "type": "typed-literal"}, "number": "3", "flags": "*P80'X", "details": "80", "type": "7", "location": "0;3"}], "fmql": {"TYPELABEL": "OTHER PREOP DIAGNOSIS", "TYPE": "130_17", "OP": "DESCRIBE TYPE"}, "name": "OTHER PREOP DIAGNOSIS", "parent": "130", "number": "130.17"}