{"count": "0", "description": {"datatype": "http://www.w3.org/1999/02/22-rdf-syntax-ns#XMLLiteral", "fmType": "5", "fmId": "-1", "value": "This file allows orders to be clustered in groups other than by package.\rIt is similar in structure to the OPTION File (19).  This allows display\rgroups to be arranged in a hierarchy.  The main entry in this file\rshould be 'ALL SERVICES'.  Other entries should be logically subordinate\rto the 'ALL SERVICES' entry.", "type": "typed-literal"}, "fields": [{"index": "B", "name": "name", "number": ".01", "flags": "RF", "location": "0;1", "type": "4", "description": {"datatype": "http://www.w3.org/1999/02/22-rdf-syntax-ns#XMLLiteral", "fmType": "5", "fmId": "-1", "value": "This is the name of the display group for a particular kind of order.\rThe display group generally corresponds to a hospital service or part\rof a service.", "type": "typed-literal"}}, {"name": "member", "description": {"datatype": "http://www.w3.org/1999/02/22-rdf-syntax-ns#XMLLiteral", "fmType": "5", "fmId": "-1", "value": "This is a list of specific display groups that `belong' to the display\rgroup listed in the NAME field.  (This is similar to menu items in the\rOPTION File.)", "type": "typed-literal"}, "number": "1", "flags": "100.981P", "details": "100.981", "type": "9", "location": "1;0"}, {"description": {"datatype": "http://www.w3.org/1999/02/22-rdf-syntax-ns#XMLLiteral", "fmType": "5", "fmId": "-1", "value": "This field contains a mixed case name for the display group.  The name \rshould be as short as possible without being obscure.  This name is \rprimarily intended for use in the windows display of orders.", "type": "typed-literal"}, "number": "2", "flags": "F", "location": "0;2", "type": "4", "name": "mixed_name"}, {"index": "B", "name": "short_name", "number": "3", "flags": "F", "location": "0;3", "type": "4", "description": {"datatype": "http://www.w3.org/1999/02/22-rdf-syntax-ns#XMLLiteral", "fmType": "5", "fmId": "-1", "value": "This is an abbreviation for the display group to be used in displays and\rreports.", "type": "typed-literal"}}, {"name": "default_dialog", "description": {"datatype": "http://www.w3.org/1999/02/22-rdf-syntax-ns#XMLLiteral", "fmType": "5", "fmId": "-1", "value": "This is the dialog that will be used as the default definition when\rplacing quick orders associated with this display group.", "type": "typed-literal"}, "number": "4", "flags": "P101.41'", "details": "101.41", "type": "7", "location": "0;4"}], "fmql": {"TYPELABEL": "DISPLAY GROUP", "TYPE": "100_98", "OP": "DESCRIBE TYPE"}, "number": "100.98", "location": "^ORD(100.98,", "name": "DISPLAY GROUP"}