{"fields": [{"index": "B", "name": "gmr_allergies", "description": {"datatype": "http://www.w3.org/1999/02/22-rdf-syntax-ns#XMLLiteral", "fmType": "5", "fmId": "-1", "value": "This field stores the pointer to the applicable GMRA ALLERGIES entry\rfor Food Preferences that are based on actual ALLERGIES.", "type": "typed-literal"}, "number": ".01", "flags": "M*P120.82'", "location": "0;1", "type": "7", "details": "120.82"}], "fmql": {"TYPELABEL": "GMR ALLERGIES", "TYPE": "115_225", "OP": "DESCRIBE TYPE"}, "name": "GMR ALLERGIES", "parent": "115.2", "number": "115.225"}