{"count": "0", "description": {"datatype": "http://www.w3.org/1999/02/22-rdf-syntax-ns#XMLLiteral", "fmType": "5", "fmId": "-1", "value": "This file contains an extensive set of site parameters designed to\rindicate characteristics of the Nutrition and Food Service and/or\rdifferent methods by which the Service wishes the program to perform.", "type": "typed-literal"}, "fields": [{"index": "B", "name": "site", "number": ".01", "flags": "RNJ1,0X", "location": "0;1", "type": "2", "description": {"datatype": "http://www.w3.org/1999/02/22-rdf-syntax-ns#XMLLiteral", "fmType": "5", "fmId": "-1", "value": "This value is always 1.\rNumber of the File Manager.", "type": "typed-literal"}}, {"name": "label_printers", "description": {"datatype": "http://www.w3.org/1999/02/22-rdf-syntax-ns#XMLLiteral", "fmType": "5", "fmId": "-1", "value": "This is a list of printers using label stock.", "type": "typed-literal"}, "number": "3", "flags": "119.93P", "details": "119.93", "type": "9", "location": "D;0"}, {"name": "outpatient_meals_diet1", "description": {"datatype": "http://www.w3.org/1999/02/22-rdf-syntax-ns#XMLLiteral", "fmType": "5", "fmId": "-1", "value": "The outpatient meals will allow diet selection from 15 site parameter\rfields to be set up at the individual site.  This field will be the first\rallowable diet for ordering outpatient meals.  This first field will be\rused as the default diet when ordering outpatient meals.", "type": "typed-literal"}, "number": "4", "flags": "P111'X", "details": "111", "type": "7", "location": "0;2"}, {"name": "outpatient_meals_diet2", "description": {"datatype": "http://www.w3.org/1999/02/22-rdf-syntax-ns#XMLLiteral", "fmType": "5", "fmId": "-1", "value": "The outpatient meals will allow diet selection from 5 site parameter\rfields to be set up at the individual site.  This field will be the second\rallowable diet for ordering outpatient meals.", "type": "typed-literal"}, "number": "5", "flags": "P111'", "details": "111", "type": "7", "location": "0;3"}, {"name": "outpatient_meals_diet3", "description": {"datatype": "http://www.w3.org/1999/02/22-rdf-syntax-ns#XMLLiteral", "fmType": "5", "fmId": "-1", "value": "The outpatient meals will allow diet selection from 5 site parameter\rfields to be set up at the individual site.  This field will be the third\rallowable diet for ordering outpatient meals.", "type": "typed-literal"}, "number": "6", "flags": "P111'", "details": "111", "type": "7", "location": "0;4"}, {"name": "outpatient_meals_diet4", "description": {"datatype": "http://www.w3.org/1999/02/22-rdf-syntax-ns#XMLLiteral", "fmType": "5", "fmId": "-1", "value": "The outpatient meals will allow diet selection from 5 site parameter\rfields to be set up at the individual site.  This field will be the fourth\rallowable diet for ordering outpatient meals.", "type": "typed-literal"}, "number": "7", "flags": "P111'", "details": "111", "type": "7", "location": "0;5"}, {"name": "outpatient_meals_diet5", "description": {"datatype": "http://www.w3.org/1999/02/22-rdf-syntax-ns#XMLLiteral", "fmType": "5", "fmId": "-1", "value": "The outpatient meals will allow diet selection from 5 site parameter\rfields to be set up at the individual site.  This field will be the fifth\rallowable diet for ordering outpatient meals.", "type": "typed-literal"}, "number": "8", "flags": "P111'", "details": "111", "type": "7", "location": "0;6"}, {"name": "authorizor_1", "description": {"datatype": "http://www.w3.org/1999/02/22-rdf-syntax-ns#XMLLiteral", "fmType": "5", "fmId": "-1", "value": "This field will be used to store the name of the first authorizor for\rspecial meals.  When a special meal is requested, if the requestor does\rnot have the authorization to print a special meal ticket, an alert will\rbe sent to the authorizors for action.  These 15 authorizors will also\rneed to be given the FHAUTH security key.", "type": "typed-literal"}, "number": "9", "flags": "P200'", "details": "200", "type": "7", "location": "0;7"}, {"name": "authorizor_2", "description": {"datatype": "http://www.w3.org/1999/02/22-rdf-syntax-ns#XMLLiteral", "fmType": "5", "fmId": "-1", "value": "This field will be used to store the name of the second authorizor for\rspecial meals.  When a special meal is requested, if the requestor does\rnot have the authorization to print a special meal ticket, an alert will\rbe sent to the authorizors for action.  These 15 authorizors will also\rneed to be given the FHAUTH security key.", "type": "typed-literal"}, "number": "10", "flags": "P200'", "details": "200", "type": "7", "location": "0;8"}, {"name": "authorizor_3", "description": {"datatype": "http://www.w3.org/1999/02/22-rdf-syntax-ns#XMLLiteral", "fmType": "5", "fmId": "-1", "value": "This field will be used to store the name of the third authorizor for\rspecial meals.  When a special meal is requested, if the requestor does\rnot have the authorization to print a special meal ticket, an alert will\rbe sent to the authorizors for action.  These 15 authorizors will also\rneed to be given the FHAUTH security key.", "type": "typed-literal"}, "number": "11", "flags": "P200'", "details": "200", "type": "7", "location": "0;9"}, {"name": "authorizor_4", "description": {"datatype": "http://www.w3.org/1999/02/22-rdf-syntax-ns#XMLLiteral", "fmType": "5", "fmId": "-1", "value": "This field will be used to store the name of the fourth authorizor for\rspecial meals.  When a special meal is requested, if the requestor does\rnot have the authorization to print a special meal ticket, an alert will\rbe sent to the authorizors for action.  These 15 authorizors will also\rneed to be given the FHAUTH security key.", "type": "typed-literal"}, "number": "12", "flags": "P200'", "details": "200", "type": "7", "location": "0;10"}, {"name": "authorizor_5", "description": {"datatype": "http://www.w3.org/1999/02/22-rdf-syntax-ns#XMLLiteral", "fmType": "5", "fmId": "-1", "value": "This field will be used to store the name of the fifth authorizor for\rspecial meals.  When a special meal is requested, if the requestor does\rnot have the authorization to print a special meal ticket, an alert will\rbe sent to the authorizors for action.  These 15 authorizors will also\rneed to be given the FHAUTH security key.", "type": "typed-literal"}, "number": "13", "flags": "P200'", "details": "200", "type": "7", "location": "0;11"}, {"name": "employee_class", "description": {"datatype": "http://www.w3.org/1999/02/22-rdf-syntax-ns#XMLLiteral", "fmType": "5", "fmId": "-1", "value": "This field stores whether or not the site assigns a charge to the\rEmployee Class.", "type": "typed-literal"}, "number": "14", "flags": "S", "details": "Y:YES;N:NO;", "type": "3", "location": "0;12"}, {"name": "paid_class", "description": {"datatype": "http://www.w3.org/1999/02/22-rdf-syntax-ns#XMLLiteral", "fmType": "5", "fmId": "-1", "value": "This field stores whether or not the site assigns a charge to the Paid Class.", "type": "typed-literal"}, "number": "15", "flags": "S", "details": "Y:YES;N:NO;", "type": "3", "location": "0;13"}, {"name": "ood_class", "description": {"datatype": "http://www.w3.org/1999/02/22-rdf-syntax-ns#XMLLiteral", "fmType": "5", "fmId": "-1", "value": "This field stores whether or not the site assigns a charge to the\rOOD (Officer of the Day) Class.", "type": "typed-literal"}, "number": "16", "flags": "S", "details": "Y:YES;N:NO;", "type": "3", "location": "0;14"}, {"name": "volunteer_class", "description": {"datatype": "http://www.w3.org/1999/02/22-rdf-syntax-ns#XMLLiteral", "fmType": "5", "fmId": "-1", "value": "This field stores whether or not the site assigns a charge to the\rVolunteer Class.", "type": "typed-literal"}, "number": "17", "flags": "S", "details": "Y:YES;N:NO;", "type": "3", "location": "0;15"}, {"name": "gratuitous_class", "description": {"datatype": "http://www.w3.org/1999/02/22-rdf-syntax-ns#XMLLiteral", "fmType": "5", "fmId": "-1", "value": "This field stores whether or not the site assigns a charge to the\rGratuitous Class.", "type": "typed-literal"}, "number": "18", "flags": "S", "details": "Y:YES;N:NO;", "type": "3", "location": "0;16"}, {"name": "multidivisional_site", "description": {"datatype": "http://www.w3.org/1999/02/22-rdf-syntax-ns#XMLLiteral", "fmType": "5", "fmId": "-1", "value": "This field will be used to determine if a site is multidivisional or not.\rIf set to YES, the multidivisional enhancements released in patch FH*5.0*39\rwill be used, which involves prompting for Communication Office.  If set to\rNO, then the non-multidivisional routines, fields and files will be used.", "type": "typed-literal"}, "number": "22", "flags": "S", "details": "Y:YES;N:NO;", "type": "3", "location": "0;20"}, {"description": {"datatype": "http://www.w3.org/1999/02/22-rdf-syntax-ns#XMLLiteral", "fmType": "5", "fmId": "-1", "value": "This field stores the cost for the employee breakfast meal.", "type": "typed-literal"}, "number": "25", "flags": "NJ6,2", "location": "0;21", "type": "2", "name": "employee_breakfast_charge"}, {"description": {"datatype": "http://www.w3.org/1999/02/22-rdf-syntax-ns#XMLLiteral", "fmType": "5", "fmId": "-1", "value": "This field stores the cost for the employee noon meal.", "type": "typed-literal"}, "number": "26", "flags": "NJ6,2", "location": "0;22", "type": "2", "name": "employee_noon_charge"}, {"description": {"datatype": "http://www.w3.org/1999/02/22-rdf-syntax-ns#XMLLiteral", "fmType": "5", "fmId": "-1", "value": "This field stores the cost for the employee evening meal.", "type": "typed-literal"}, "number": "27", "flags": "NJ6,2", "location": "0;23", "type": "2", "name": "employee_evening_charge"}, {"description": {"datatype": "http://www.w3.org/1999/02/22-rdf-syntax-ns#XMLLiteral", "fmType": "5", "fmId": "-1", "value": "This field stores the cost for the paid breakfast meal.", "type": "typed-literal"}, "number": "28", "flags": "NJ6,2", "location": "0;24", "type": "2", "name": "paid_breakfast_charge"}, {"description": {"datatype": "http://www.w3.org/1999/02/22-rdf-syntax-ns#XMLLiteral", "fmType": "5", "fmId": "-1", "value": "This field stores the cost for the paid noon meal.", "type": "typed-literal"}, "number": "29", "flags": "NJ6,2", "location": "0;25", "type": "2", "name": "paid_noon_charge"}, {"description": {"datatype": "http://www.w3.org/1999/02/22-rdf-syntax-ns#XMLLiteral", "fmType": "5", "fmId": "-1", "value": "This field stores the cost for the paid evening meal.", "type": "typed-literal"}, "number": "30", "flags": "NJ6,2", "location": "0;26", "type": "2", "name": "paid_evening_charge"}, {"description": {"datatype": "http://www.w3.org/1999/02/22-rdf-syntax-ns#XMLLiteral", "fmType": "5", "fmId": "-1", "value": "This field stores the cost for the OOD breakfast meal.", "type": "typed-literal"}, "number": "31", "flags": "NJ6,2", "location": "0;27", "type": "2", "name": "ood_breakfast_charge"}, {"description": {"datatype": "http://www.w3.org/1999/02/22-rdf-syntax-ns#XMLLiteral", "fmType": "5", "fmId": "-1", "value": "This field stores the cost for the OOD noon meal.", "type": "typed-literal"}, "number": "32", "flags": "NJ6,2", "location": "0;28", "type": "2", "name": "ood_noon_charge"}, {"description": {"datatype": "http://www.w3.org/1999/02/22-rdf-syntax-ns#XMLLiteral", "fmType": "5", "fmId": "-1", "value": "This field stores the cost for the OOD evening meal.", "type": "typed-literal"}, "number": "33", "flags": "NJ6,2", "location": "0;29", "type": "2", "name": "ood_evening_meal"}, {"description": {"datatype": "http://www.w3.org/1999/02/22-rdf-syntax-ns#XMLLiteral", "fmType": "5", "fmId": "-1", "value": "This field stores the cost for the volunteer breakfast meal.", "type": "typed-literal"}, "number": "34", "flags": "NJ6,2", "location": "0;30", "type": "2", "name": "volunteer_breakfast_charge"}, {"description": {"datatype": "http://www.w3.org/1999/02/22-rdf-syntax-ns#XMLLiteral", "fmType": "5", "fmId": "-1", "value": "This field stores the cost for the volunteer noon meal.", "type": "typed-literal"}, "number": "35", "flags": "NJ6,2", "location": "0;31", "type": "2", "name": "volunteer_noon_charge"}, {"description": {"datatype": "http://www.w3.org/1999/02/22-rdf-syntax-ns#XMLLiteral", "fmType": "5", "fmId": "-1", "value": "This field stores the cost for the volunteer evening meal.", "type": "typed-literal"}, "number": "36", "flags": "NJ6,2", "location": "0;32", "type": "2", "name": "volunteer_evening_charge"}, {"description": {"datatype": "http://www.w3.org/1999/02/22-rdf-syntax-ns#XMLLiteral", "fmType": "5", "fmId": "-1", "value": "This field stores the cost for the gratuitous breakfast meal.", "type": "typed-literal"}, "number": "37", "flags": "NJ6,2", "location": "0;33", "type": "2", "name": "gratuitous_breakfast_charge"}, {"description": {"datatype": "http://www.w3.org/1999/02/22-rdf-syntax-ns#XMLLiteral", "fmType": "5", "fmId": "-1", "value": "This field stores the cost for the gratuitous noon meal.", "type": "typed-literal"}, "number": "38", "flags": "NJ6,2", "location": "0;34", "type": "2", "name": "gratuitous_noon_charge"}, {"description": {"datatype": "http://www.w3.org/1999/02/22-rdf-syntax-ns#XMLLiteral", "fmType": "5", "fmId": "-1", "value": "This field stores the cost for the gratuitous evening meal.", "type": "typed-literal"}, "number": "39", "flags": "NJ6,2", "location": "0;35", "type": "2", "name": "gratuitous_evening_charge"}, {"name": "outpatient_meals_diet6", "description": {"datatype": "http://www.w3.org/1999/02/22-rdf-syntax-ns#XMLLiteral", "fmType": "5", "fmId": "-1", "value": "The outpatient meals will allow diet selection from 15 site parameter\rfields to be set up at the individual site.  This field will be the \rsixth allowable diet for ordering outpatient meals.", "type": "typed-literal"}, "number": "40", "flags": "P111'", "details": "111", "type": "7", "location": "1;1"}, {"name": "outpatient_meals_diet7", "description": {"datatype": "http://www.w3.org/1999/02/22-rdf-syntax-ns#XMLLiteral", "fmType": "5", "fmId": "-1", "value": "The outpatient meals will allow diet selection from 15 site parameter\rfields to be set up at the individual site.  This field will be the \rseventh allowable diet for ordering outpatient meals.", "type": "typed-literal"}, "number": "41", "flags": "P111'", "details": "111", "type": "7", "location": "1;2"}, {"name": "outpatient_meals_diet8", "description": {"datatype": "http://www.w3.org/1999/02/22-rdf-syntax-ns#XMLLiteral", "fmType": "5", "fmId": "-1", "value": "The outpatient meals will allow diet selection from 15 site parameter\rfields to be set up at the individual site.  This field will be the \reighth allowable diet for ordering outpatient meals.", "type": "typed-literal"}, "number": "42", "flags": "P111'", "details": "111", "type": "7", "location": "1;3"}, {"name": "outpatient_meals_diet9", "description": {"datatype": "http://www.w3.org/1999/02/22-rdf-syntax-ns#XMLLiteral", "fmType": "5", "fmId": "-1", "value": "The outpatient meals will allow diet selection from 15 site parameter\rfields to be set up at the individual site.  This field will be the \rninth allowable diet for ordering outpatient meals.", "type": "typed-literal"}, "number": "43", "flags": "P111'", "details": "111", "type": "7", "location": "1;4"}, {"name": "outpatient_meals_diet10", "description": {"datatype": "http://www.w3.org/1999/02/22-rdf-syntax-ns#XMLLiteral", "fmType": "5", "fmId": "-1", "value": "The outpatient meals will allow diet selection from 15 site parameter\rfields to be set up at the individual site.  This field will be the \rtenth allowable diet for ordering outpatient meals.", "type": "typed-literal"}, "number": "44", "flags": "P111'", "details": "111", "type": "7", "location": "1;5"}, {"name": "outpatient_meals_diet11", "description": {"datatype": "http://www.w3.org/1999/02/22-rdf-syntax-ns#XMLLiteral", "fmType": "5", "fmId": "-1", "value": "The outpatient meals will allow diet selection from 15 site parameter\rfields to be set up at the individual site.  This field will be the \releventh allowable diet for ordering outpatient meals.", "type": "typed-literal"}, "number": "45", "flags": "P111'", "details": "111", "type": "7", "location": "1;6"}, {"name": "outpatient_meals_diet12", "description": {"datatype": "http://www.w3.org/1999/02/22-rdf-syntax-ns#XMLLiteral", "fmType": "5", "fmId": "-1", "value": "The outpatient meals will allow diet selection from 15 site parameter\rfields to be set up at the individual site.  This field will be the \rtwelfth allowable diet for ordering outpatient meals.", "type": "typed-literal"}, "number": "46", "flags": "P111'", "details": "111", "type": "7", "location": "1;7"}, {"name": "outpatient_meals_diet13", "description": {"datatype": "http://www.w3.org/1999/02/22-rdf-syntax-ns#XMLLiteral", "fmType": "5", "fmId": "-1", "value": "The outpatient meals will allow diet selection from 15 site parameter\rfields to be set up at the individual site.  This field will be the \rthirteenth allowable diet for ordering outpatient meals.", "type": "typed-literal"}, "number": "47", "flags": "P111'", "details": "111", "type": "7", "location": "1;8"}, {"name": "outpatient_meals_diet14", "description": {"datatype": "http://www.w3.org/1999/02/22-rdf-syntax-ns#XMLLiteral", "fmType": "5", "fmId": "-1", "value": "The outpatient meals will allow diet selection from 15 site parameter\rfields to be set up at the individual site.  This field will be the \rfourteenth allowable diet for ordering outpatient meals.", "type": "typed-literal"}, "number": "48", "flags": "P111'", "details": "111", "type": "7", "location": "1;9"}, {"name": "outpatient_meals_diet15", "description": {"datatype": "http://www.w3.org/1999/02/22-rdf-syntax-ns#XMLLiteral", "fmType": "5", "fmId": "-1", "value": "The outpatient meals will allow diet selection from 15 site parameter\rfields to be set up at the individual site.  This field will be the \rfifteenth allowable diet for ordering outpatient meals.", "type": "typed-literal"}, "number": "49", "flags": "P111'", "details": "111", "type": "7", "location": "1;10"}, {"name": "authorizor_6", "description": {"datatype": "http://www.w3.org/1999/02/22-rdf-syntax-ns#XMLLiteral", "fmType": "5", "fmId": "-1", "value": "This field will be used to store the name of the sixth authorizor\rfor special meals.  When a special meal is requested, if the requestor\rdoes not have the authorization to print a special meal ticket,\ran alert will be sent to the authorizors for action.  These 15\rauthorizors will also need to be given the FHAUTH security key.", "type": "typed-literal"}, "number": "50", "flags": "P200'", "details": "200", "type": "7", "location": "1;11"}, {"name": "authorizor_7", "description": {"datatype": "http://www.w3.org/1999/02/22-rdf-syntax-ns#XMLLiteral", "fmType": "5", "fmId": "-1", "value": "This field will be used to store the name of the seventh authorizor\rfor special meals.  When a special meal is requested, if the requestor   \rdoes not have the authorization to print a special meal ticket,\ran alert will be sent to the authorizors for action.  These 15 \rauthorizors will also need to be given the FHAUTH security key.", "type": "typed-literal"}, "number": "51", "flags": "P200'", "details": "200", "type": "7", "location": "1;12"}, {"name": "authorizor_8", "description": {"datatype": "http://www.w3.org/1999/02/22-rdf-syntax-ns#XMLLiteral", "fmType": "5", "fmId": "-1", "value": "This field will be used to store the name of the eighth authorizor\rfor special meals.  When a special meal is requested, if the requestor   \rdoes not have the authorization to print a special meal ticket,\ran alert will be sent to the authorizors for action.  These 15 \rauthorizors will also need to be given the FHAUTH security key.", "type": "typed-literal"}, "number": "52", "flags": "P200'", "details": "200", "type": "7", "location": "1;13"}, {"name": "authorizor_9", "description": {"datatype": "http://www.w3.org/1999/02/22-rdf-syntax-ns#XMLLiteral", "fmType": "5", "fmId": "-1", "value": "This field will be used to store the name of the ninth authorizor\rfor special meals.  When a special meal is requested, if the requestor   \rdoes not have the authorization to print a special meal ticket,\ran alert will be sent to the authorizors for action.  These 15 \rauthorizors will also need to be given the FHAUTH security key.", "type": "typed-literal"}, "number": "53", "flags": "P200'", "details": "200", "type": "7", "location": "1;14"}, {"name": "authorizor_10", "description": {"datatype": "http://www.w3.org/1999/02/22-rdf-syntax-ns#XMLLiteral", "fmType": "5", "fmId": "-1", "value": "This field will be used to store the name of the tenth authorizor\rfor special meals.  When a special meal is requested, if the requestor   \rdoes not have the authorization to print a special meal ticket,\ran alert will be sent to the authorizors for action.  These 15 \rauthorizors will also need to be given the FHAUTH security key.", "type": "typed-literal"}, "number": "54", "flags": "P200'", "details": "200", "type": "7", "location": "1;15"}, {"name": "authorizor_11", "description": {"datatype": "http://www.w3.org/1999/02/22-rdf-syntax-ns#XMLLiteral", "fmType": "5", "fmId": "-1", "value": "This field will be used to store the name of the eleventh authorizor\rfor special meals.  When a special meal is requested, if the requestor   \rdoes not have the authorization to print a special meal ticket,\ran alert will be sent to the authorizors for action.  These 15 \rauthorizors will also need to be given the FHAUTH security key.", "type": "typed-literal"}, "number": "55", "flags": "P200'", "details": "200", "type": "7", "location": "1;16"}, {"name": "authorizor_12", "description": {"datatype": "http://www.w3.org/1999/02/22-rdf-syntax-ns#XMLLiteral", "fmType": "5", "fmId": "-1", "value": "This field will be used to store the name of the twelfth authorizor\rfor special meals.  When a special meal is requested, if the requestor   \rdoes not have the authorization to print a special meal ticket,\ran alert will be sent to the authorizors for action.  These 15 \rauthorizors will also need to be given the FHAUTH security key.", "type": "typed-literal"}, "number": "56", "flags": "P200'", "details": "200", "type": "7", "location": "1;17"}, {"name": "authorizor_13", "description": {"datatype": "http://www.w3.org/1999/02/22-rdf-syntax-ns#XMLLiteral", "fmType": "5", "fmId": "-1", "value": "This field will be used to store the name of the thirteenth authorizor\rfor special meals.  When a special meal is requested, if the requestor   \rdoes not have the authorization to print a special meal ticket,\ran alert will be sent to the authorizors for action.  These 15 \rauthorizors will also need to be given the FHAUTH security key.", "type": "typed-literal"}, "number": "57", "flags": "P200'", "details": "200", "type": "7", "location": "1;18"}, {"name": "authorizor_14", "description": {"datatype": "http://www.w3.org/1999/02/22-rdf-syntax-ns#XMLLiteral", "fmType": "5", "fmId": "-1", "value": "This field will be used to store the name of the fourteenth authorizor\rfor special meals.  When a special meal is requested, if the requestor   \rdoes not have the authorization to print a special meal ticket,\ran alert will be sent to the authorizors for action.  These 15 \rauthorizors will also need to be given the FHAUTH security key.", "type": "typed-literal"}, "number": "58", "flags": "P200'", "details": "200", "type": "7", "location": "1;19"}, {"name": "authorizor_15", "description": {"datatype": "http://www.w3.org/1999/02/22-rdf-syntax-ns#XMLLiteral", "fmType": "5", "fmId": "-1", "value": "This field will be used to store the name of the fifteenth authorizor\rfor special meals.  When a special meal is requested, if the requestor   \rdoes not have the authorization to print a special meal ticket,\ran alert will be sent to the authorizors for action.  These 15 \rauthorizors will also need to be given the FHAUTH security key.", "type": "typed-literal"}, "number": "59", "flags": "P200'", "details": "200", "type": "7", "location": "1;20"}, {"name": "assessment_default_units", "description": {"datatype": "http://www.w3.org/1999/02/22-rdf-syntax-ns#XMLLiteral", "fmType": "5", "fmId": "-1", "value": "This field contains the default unit of measurement to be used\rin performing Nutrition Assessments", "type": "typed-literal"}, "number": "70", "flags": "S", "details": "E:ENGLISH;M:METRIC;", "type": "3", "location": "3;1"}, {"description": {"datatype": "http://www.w3.org/1999/02/22-rdf-syntax-ns#XMLLiteral", "fmType": "5", "fmId": "-1", "value": "This field contains the number of days backward for which a search\rof laboratory data will be made. That is, only data obtained within\rthe last # of days will be displayed.", "type": "typed-literal"}, "number": "71", "flags": "NJ3,0", "location": "3;2", "type": "2", "name": "_of_days_to_obtain_lab_data"}, {"name": "print_profile_after_screening", "description": {"datatype": "http://www.w3.org/1999/02/22-rdf-syntax-ns#XMLLiteral", "fmType": "5", "fmId": "-1", "value": "This parameter determines whether the Nutrition Profile is printed\rimmediately following the printing of a screening form. If 'A' is\rselected, the user will be asked to make a selection at the time\rof printing screening forms.", "type": "typed-literal"}, "number": "74", "flags": "S", "details": "Y:YES;N:NO;A:ASK USER;", "type": "3", "location": "3;3"}, {"description": {"datatype": "http://www.w3.org/1999/02/22-rdf-syntax-ns#XMLLiteral", "fmType": "5", "fmId": "-1", "value": "This field may contain a line of text which will be printed as\rthe last line of the S portion of the Nutrition Screening\rform.", "type": "typed-literal"}, "number": "75", "flags": "F", "location": "3;5", "type": "4", "name": "optional_screening_line"}, {"name": "lab_test", "description": {"datatype": "http://www.w3.org/1999/02/22-rdf-syntax-ns#XMLLiteral", "fmType": "5", "fmId": "-1", "value": "This multiple contains a list of laboratory tests which\rare of interest to clinicians.", "type": "typed-literal"}, "number": "80", "flags": "119.9001P", "details": "119.9001", "type": "9", "location": "L;0"}, {"name": "drug_classifications", "description": {"datatype": "http://www.w3.org/1999/02/22-rdf-syntax-ns#XMLLiteral", "fmType": "5", "fmId": "-1", "value": "This multiple contains drug classifications of interest\rto clinicians.", "type": "typed-literal"}, "number": "85", "flags": "119.985P", "details": "119.985", "type": "9", "location": "P;0"}, {"name": "heading_on_bottom_of_ticket", "description": {"datatype": "http://www.w3.org/1999/02/22-rdf-syntax-ns#XMLLiteral", "fmType": "5", "fmId": "-1", "value": "This field is optional and it is used to indicate whether the\rheading should be printed on the bottom of the tray tickets and\rdiet cards.", "type": "typed-literal"}, "number": "99", "flags": "S", "details": "Y:YES;N:NO;", "type": "3", "location": "4;1"}, {"name": "will_you_use_tray_tickets", "description": {"datatype": "http://www.w3.org/1999/02/22-rdf-syntax-ns#XMLLiteral", "fmType": "5", "fmId": "-1", "value": "This field is optional and it is used to indicate whether the user\rwants to use the Tray Tickets or not.  If the answer is Yes, you will\rbe asked whether you want the heading for the Tray Tickets to\rbe printed on the bottom or not and also you will be receiving a\rno diet pattern message on diet activity for patients that do\rnot have a diet pattern which is related to the tray tickets.\rIf the answer is No, you will not be asked the question and\rreceive the message.", "type": "typed-literal"}, "number": "100", "flags": "S", "details": "Y:YES;N:NO;", "type": "3", "location": "4;2"}, {"name": "outpatient_meals_installed", "description": {"datatype": "http://www.w3.org/1999/02/22-rdf-syntax-ns#XMLLiteral", "fmType": "5", "fmId": "-1", "value": "Field to note if outpatient meals build has been installed previously.", "type": "typed-literal"}, "number": "101", "flags": "S", "details": "1:YES;0:NO;", "type": "3", "location": "CV;1"}], "fmql": {"TYPELABEL": "FH SITE PARAMETERS", "TYPE": "119_9", "OP": "DESCRIBE TYPE"}, "number": "119.9", "location": "^FH(119.9,", "name": "FH SITE PARAMETERS"}