{"count": "0", "description": {"datatype": "http://www.w3.org/1999/02/22-rdf-syntax-ns#XMLLiteral", "fmType": "5", "fmId": "-1", "value": "Entries in this file with an internal number >1000 have been exported\rwith the OE/RR package.  Everytime a new version of OE/RR is installed\rthe entries above 1000 are removed and overwritten.\r \rIf you want to use one of these exported entries, transfer the entry\rto a number less than 1000 and give it a new name so that it can be\rdifferentiated from exported entry.", "type": "typed-literal"}, "fields": [{"description": {"datatype": "http://www.w3.org/1999/02/22-rdf-syntax-ns#XMLLiteral", "fmType": "5", "fmId": "-1", "value": "This is the record number associated with the OE/RR PRINT FIELD entry.", "type": "typed-literal"}, "number": ".001", "flags": "NJ5,0X", "location": " ", "type": "2", "name": "number"}, {"index": "B", "name": "name", "number": ".01", "flags": "RF", "location": "0;1", "type": "4", "description": {"datatype": "http://www.w3.org/1999/02/22-rdf-syntax-ns#XMLLiteral", "fmType": "5", "fmId": "-1", "value": "This is the name of the OE/RR PRINT FIELD entry.", "type": "typed-literal"}}, {"description": {"datatype": "http://www.w3.org/1999/02/22-rdf-syntax-ns#XMLLiteral", "fmType": "5", "fmId": "-1", "value": "This is the caption to be used for printing this field, when no other is\roffered.", "type": "typed-literal"}, "number": ".02", "flags": "F", "location": "0;2", "type": "4", "name": "default_caption"}, {"description": {"datatype": "http://www.w3.org/1999/02/22-rdf-syntax-ns#XMLLiteral", "fmType": "5", "fmId": "-1", "value": "This field is used to store sample data for this OE/RR PRINT FIELDS entry.\rIt should be representative of the raw data to which the VARIABLE field\rwill be set (i.e., if ORSTDT=2910430.0700 is a possible value of the\rVARIABLE for the START DATE/TIME field, then the example entry for that\rfield might be set to 2910430.0700.", "type": "typed-literal"}, "number": ".03", "flags": "F", "location": "0;3", "type": "4", "name": "example_entry"}, {"description": {"datatype": "http://www.w3.org/1999/02/22-rdf-syntax-ns#XMLLiteral", "fmType": "5", "fmId": "-1", "value": "This is the variable which will be printed for this OE/RR PRINT FIELD in\reach record.  If it is NOT an environmental variable (e.g., DT), then it\rwill be SET by executing the CODE FOR SETTING VARIABLE node.", "type": "typed-literal"}, "number": ".04", "flags": "F", "location": "0;4", "type": "4", "name": "variable"}, {"description": {"datatype": "http://www.w3.org/1999/02/22-rdf-syntax-ns#XMLLiteral", "fmType": "5", "fmId": "-1", "value": "This field names the extrinsic function, currently found in ^ORU, which is\rused for formatting the output of a given OE/RR PRINT FIELD (e.g., NAME^ORU,\ror DATE^ORU).  Enter the line tag only, omitting the routine name.", "type": "typed-literal"}, "number": ".05", "flags": "FX", "location": "0;5", "type": "4", "name": "formatting_function"}, {"name": "type", "description": {"datatype": "http://www.w3.org/1999/02/22-rdf-syntax-ns#XMLLiteral", "fmType": "5", "fmId": "-1", "value": "When a print field in used in a print format it is generally compiled\rbased on the variable and the code for setting the variable.  This is\rthe default for most print fields. \r \rFor more complex print fields it is also possible to execute code directly\rto do the printing.  Setting this field to EXECUTE (1) will allow this\rfunctionality.  It will use the code in the field: CODE FOR SETTING\rVARIABLE to perform its function.\r \rWhen this field is used there is generally just one print field for the\rprint format being defined.  The code for this print field does all the\rprinting/writing for the entire format.\r \rThe code should check for the variable ORTEST when executing.  ORTEST is a\rflag that is used to test a print format, used by the Clinical Coordinator\rwhen defining print formats. e.g.:\rI $G(ORTEST) W !,\"This is an example\" Q\r...else do the real thing", "type": "typed-literal"}, "number": ".06", "flags": "S", "details": "0:COMPILE;1:EXECUTE;", "type": "3", "location": "0;6"}, {"name": "package_restriction", "description": {"datatype": "http://www.w3.org/1999/02/22-rdf-syntax-ns#XMLLiteral", "fmType": "5", "fmId": "-1", "value": "This field should only have a value if this print field is for package\rspecific code.  This would be fields like Lab Accession # or Consult\rUrgency.  Entries with this field set will be compared to the package\rvalue of the order being printed.  If it doesn't match this print field\rwill be skipped for that order.", "type": "typed-literal"}, "number": ".07", "flags": "P9.4'", "details": "9.4", "type": "7", "location": "0;7"}, {"description": {"datatype": "http://www.w3.org/1999/02/22-rdf-syntax-ns#XMLLiteral", "fmType": "5", "fmId": "-1", "value": "This is the Standard MUMPS code used for SETTING the VARIABLE printed in\reach record for this OE/RR PRINT FIELDS entry.", "type": "typed-literal"}, "number": "1", "flags": "K", "location": "1;E1,245", "type": "10", "name": "code_for_setting_variable"}, {"description": {"datatype": "http://www.w3.org/1999/02/22-rdf-syntax-ns#XMLLiteral", "fmType": "5", "fmId": "-1", "value": "If present, the word-processing type data in this field will be presented\rin lieu of the EXAMPLE ENTRY data, when the FORMATTING FUNCTION is specified\rto be WORD (e.g., REASON FOR REQUEST).", "type": "typed-literal"}, "number": "2", "flags": "100.222", "location": "2;0", "type": "5", "name": "word_processing"}], "fmql": {"TYPELABEL": "OE/RR PRINT FIELDS", "TYPE": "100_22", "OP": "DESCRIBE TYPE"}, "number": "100.22", "location": "^ORD(100.22,", "name": "OE/RR PRINT FIELDS"}