{"count": "0", "applicationGroups": "VA", "description": {"datatype": "http://www.w3.org/1999/02/22-rdf-syntax-ns#XMLLiteral", "fmType": "5", "fmId": "-1", "value": "This file contains the list of valid races.  The allowable entries are\rmaintained by VA Central Office and, as such, alteration and/or addition\rof entries is not allowed.", "type": "typed-literal"}, "fields": [{"index": "B", "name": "name", "number": ".01", "flags": "RF", "location": "0;1", "type": "4", "description": {"datatype": "http://www.w3.org/1999/02/22-rdf-syntax-ns#XMLLiteral", "fmType": "5", "fmId": "-1", "value": "This field contains the name of a race as selectable during enter/edit of\rpatient data information.\r \rThese entries are distributed by the MAS module and entry or edit of any\rdata elements contained in this file could have negative impacts on the\rperformance of the MAS or other DHCP modules.", "type": "typed-literal"}}, {"index": "C", "name": "abbreviation", "number": "2", "flags": "F", "location": "0;2", "type": "4", "description": {"datatype": "http://www.w3.org/1999/02/22-rdf-syntax-ns#XMLLiteral", "fmType": "5", "fmId": "-1", "value": "This field contains the abbreviation for this race entry.  This may appear\ron various outputs where there is insufficient room to print the entire\rname of the race.", "type": "typed-literal"}}, {"index": "AHL7", "name": "hl7_value", "number": "3", "flags": "RF", "location": "0;3", "type": "4", "description": {"datatype": "http://www.w3.org/1999/02/22-rdf-syntax-ns#XMLLiteral", "fmType": "5", "fmId": "-1", "value": "The HL7 representation of this race", "type": "typed-literal"}}, {"description": {"datatype": "http://www.w3.org/1999/02/22-rdf-syntax-ns#XMLLiteral", "fmType": "5", "fmId": "-1", "value": "The CDC representation of this race", "type": "typed-literal"}, "number": "4", "flags": "F", "location": "0;4", "type": "4", "name": "cdc_value"}, {"description": {"datatype": "http://www.w3.org/1999/02/22-rdf-syntax-ns#XMLLiteral", "fmType": "5", "fmId": "-1", "value": "The PTF represenation of this race", "type": "typed-literal"}, "number": "5", "flags": "RF", "location": "0;5", "type": "4", "name": "ptf_value"}, {"name": "synonym", "description": {"datatype": "http://www.w3.org/1999/02/22-rdf-syntax-ns#XMLLiteral", "fmType": "5", "fmId": "-1", "value": "This multiple contains all alternate names by which this race can be called\rup by a user.", "type": "typed-literal"}, "number": "100", "flags": "10.01", "details": "10.01", "type": "9", "location": ".01;0"}, {"name": "inactive", "description": {"datatype": "http://www.w3.org/1999/02/22-rdf-syntax-ns#XMLLiteral", "fmType": "5", "fmId": "-1", "value": "This field is used to denote that this race value is no longer active.", "type": "typed-literal"}, "number": "200", "flags": "S", "details": "1:YES;", "type": "3", "location": ".02;1"}, {"description": {"datatype": "http://www.w3.org/1999/02/22-rdf-syntax-ns#XMLLiteral", "fmType": "5", "fmId": "-1", "value": "Date that this race became inactive", "type": "typed-literal"}, "number": "202", "flags": "D", "location": ".02;2", "type": "1", "name": "inactivation_date"}], "fmql": {"TYPELABEL": "RACE", "TYPE": "10", "OP": "DESCRIBE TYPE"}, "number": "10", "location": "^DIC(10,", "name": "RACE"}