{"name":"FILE","number":"1","location":"^DIC(","count":"2356","lastIEN":"19200.114","description":{"fmId":"-1","fmType":"5","type":"typed-literal","datatype":"http://www.w3.org/1999/02/22-rdf-syntax-ns#XMLLiteral","value":"This file stores the descriptive information for all files in the FileMan\rmanaged database."},"fields":[{"number":".001","flags":"N","name":"number","location":" ","type":"2"},{"number":".01","flags":"RF","index":"B","name":"name","location":"0;1","type":"4"},{"number":"1","flags":"CJ14","name":"global_name","type":"6"},{"number":"1.008","flags":"1.008","name":"translation","location":"ALANG;0","type":"9","details":"1.008"},{"number":"1.1","flags":"CJ7,0","name":"entries","type":"6"},{"number":"4","flags":"1.001","name":"description","location":"%D;0","type":"5"},{"number":"10","flags":"1.005","name":"application_group","location":"%;0","type":"9","details":"1.005"},{"number":"20","flags":"P200'","name":"developer","location":"%A;1","type":"7","details":"200"},{"number":"21","flags":"D","name":"date","location":"%A;2","type":"1"},{"number":"21.214","flags":"D","name":"last_dd_modification","location":"%MSC;1","type":"1"},{"number":"31","flags":"C","name":"dd_access","type":"6"},{"number":"32","flags":"C","name":"rd_access","type":"6"},{"number":"33","flags":"C","name":"wr_access","type":"6"},{"number":"34","flags":"C","name":"del_access","type":"6"},{"number":"35","flags":"C","name":"laygo_access","type":"6"},{"number":"36","flags":"C","name":"audit_access","type":"6"},{"number":"50","flags":"C","name":"lookup_program","type":"6"},{"number":"51","flags":"CJ8","name":"version","type":"6"},{"number":"51.1","flags":"CJ30","name":"distribution_package","type":"6"},{"number":"51.2","flags":"CJ240","name":"package_revision_data","type":"6"},{"number":"54","flags":"C","name":"archive_file","type":"6"},{"number":"1815","flags":"CJ9","name":"compiled_xref_routine","type":"6"},{"number":"1816","flags":"CJ8","name":"old_compiled_xref_routine","type":"6"},{"number":"1819","flags":"CJ3","name":"compiled_crossreferences","type":"6","description":{"fmId":"-1","fmType":"5","type":"typed-literal","datatype":"http://www.w3.org/1999/02/22-rdf-syntax-ns#XMLLiteral","value":"Computed field that indicates whether or not cross-references are\rcompiled.  This field can be seen when doing an INQUIRE to the FILE \rfile (file #1, sometimes referred to as the file of files.)"}},{"number":"21400","flags":"Cmp9.6","name":"build","type":"6"}],"fmql":{"OP":"DESCRIBE TYPE","TYPE":"1","TYPELABEL":"FILE"}}