{"fields": [{"name": "other_procedure_cpt_modifier", "description": {"datatype": "http://www.w3.org/1999/02/22-rdf-syntax-ns#XMLLiteral", "fmType": "5", "fmId": "-1", "value": "This is a procedural coding modifier used to indicate that the other\rprocedure performed has been altered by some specific circumstance but not\rchanged in its definition or code.", "type": "typed-literal"}, "number": ".01", "flags": "M*P81.3'XO", "details": "81.3", "type": "7", "location": "0;1"}], "fmql": {"TYPELABEL": "OTHER PROCEDURE CPT MODIFIER", "TYPE": "130_164", "OP": "DESCRIBE TYPE"}, "name": "OTHER PROCEDURE CPT MODIFIER", "parent": "130.16", "number": "130.164"}