{"count": "0", "description": {"datatype": "http://www.w3.org/1999/02/22-rdf-syntax-ns#XMLLiteral", "fmType": "5", "fmId": "-1", "value": "This file contains the problems that make up the categories defined in\rfile #125.11; these are groups of commonly selected, similar problems.\rEach entry in this file links one problem to a single category, and\rmay have a sequence number and ICD code assigned to it.  Problems may\rappear in more than one category.", "type": "typed-literal"}, "fields": [{"index": "B", "name": "category", "description": {"datatype": "http://www.w3.org/1999/02/22-rdf-syntax-ns#XMLLiteral", "fmType": "5", "fmId": "-1", "value": "This is the problem category that this problem entry belongs to.", "type": "typed-literal"}, "number": ".01", "flags": "RP125.11'", "location": "0;1", "type": "7", "details": "125.11"}, {"description": {"datatype": "http://www.w3.org/1999/02/22-rdf-syntax-ns#XMLLiteral", "fmType": "5", "fmId": "-1", "value": "This is a number which determines the order this problem will appear\rwithin this group; up to two decimal places may be used.  Problems\rin a selection list will be automatically numbered for display and\rselection in whole numbers, beginning with 1.", "type": "typed-literal"}, "number": "1", "flags": "NJ6,2", "location": "0;2", "type": "2", "name": "sequence_number"}, {"name": "problem", "description": {"datatype": "http://www.w3.org/1999/02/22-rdf-syntax-ns#XMLLiteral", "fmType": "5", "fmId": "-1", "value": "This is a problem from the Clinical Lexicon Utility, which is to be\rincluded in this group.", "type": "typed-literal"}, "number": "2", "flags": "P757.01'", "details": "757.01", "type": "7", "location": "0;3"}, {"description": {"datatype": "http://www.w3.org/1999/02/22-rdf-syntax-ns#XMLLiteral", "fmType": "5", "fmId": "-1", "value": "This is the text of the problem as it is to appear on the selection list\rdisplay; if a suitable match was not found during a search of the Clinical\rLexicon Utility and an 'Unresolved' entry was returned, this will be the\rtext as specified by the user.", "type": "typed-literal"}, "number": "3", "flags": "F", "location": "0;4", "type": "4", "name": "display_text"}, {"description": {"datatype": "http://www.w3.org/1999/02/22-rdf-syntax-ns#XMLLiteral", "fmType": "5", "fmId": "-1", "value": "This is a code which is to be displayed with the text of this problem;\rit may be from any coding system, but will generally be assumed to be\ran ICD Diagnosis in the Problem List context.", "type": "typed-literal"}, "number": "4", "flags": "F", "location": "0;5", "type": "4", "name": "code"}], "fmql": {"TYPELABEL": "PROBLEM SELECTION CATEGORY CONTENTS", "TYPE": "125_12", "OP": "DESCRIBE TYPE"}, "number": "125.12", "location": "^GMPL(125.12,", "name": "PROBLEM SELECTION CATEGORY CONTENTS"}