{"fields": [{"index": "B", "name": "synonym", "number": ".01", "flags": "MF", "location": "0;1", "type": "4", "description": {"datatype": "http://www.w3.org/1999/02/22-rdf-syntax-ns#XMLLiteral", "fmType": "5", "fmId": "-1", "value": "This multiple field identifies the commonly known names and abbreviations\rfor the Service named in the .01 Name field.  Synonyms identified here\rare used in the look-up of services at 'Select Service/Specialty: '\rprompts.", "type": "typed-literal"}}], "fmql": {"TYPELABEL": "SYNONYM", "TYPE": "123_52", "OP": "DESCRIBE TYPE"}, "name": "SYNONYM", "parent": "123.5", "number": "123.52"}