{"fields": [{"index": "B", "name": "package_parameters", "number": ".01", "flags": "MF", "location": "0;1", "type": "4", "description": {"datatype": "http://www.w3.org/1999/02/22-rdf-syntax-ns#XMLLiteral", "fmType": "5", "fmId": "-1", "value": "The name of the package that is using the GMRG package.  This should\rcoincide with the package of one of the Prime Documents in the Aggregate\rTerm (#124.2) file.", "type": "typed-literal"}}, {"description": {"datatype": "http://www.w3.org/1999/02/22-rdf-syntax-ns#XMLLiteral", "fmType": "5", "fmId": "-1", "value": "If this field is filled in, the routine named is executed when ^P is\rtyped in during a Patient Data Enter/Edit.\r \rVARIABLES PASSED TO ROUTINE:\r     DFN = Patient working on\r     GMRGRT = IEN of Prime Document^Text of Prime Document\r     GMRGPDA = IEN of GMR TEXT (#124.3) file entry working on", "type": "typed-literal"}, "number": "1", "flags": "FX", "location": "P;E1,245", "type": "4", "name": "print_routine"}, {"name": "highlighting_off", "description": {"datatype": "http://www.w3.org/1999/02/22-rdf-syntax-ns#XMLLiteral", "fmType": "5", "fmId": "-1", "value": "This allows an application to turn off the highlighting menu feature in\rthe patient edit module.", "type": "typed-literal"}, "number": "2", "flags": "S", "details": "1:OFF;0:ON;", "type": "3", "location": "0;2"}], "fmql": {"TYPELABEL": "PACKAGE PARAMETERS", "TYPE": "124_11", "OP": "DESCRIBE TYPE"}, "name": "PACKAGE PARAMETERS", "parent": "124.1", "number": "124.11"}