{"fields": [{"index": "B", "name": "forecast__production_diet", "description": {"datatype": "http://www.w3.org/1999/02/22-rdf-syntax-ns#XMLLiteral", "fmType": "5", "fmId": "-1", "value": "This field is the production diet for which daily forecast percentages\rare to be entered.", "type": "typed-literal"}, "number": ".01", "flags": "MP116.2'X", "location": "0;1", "type": "7", "details": "116.2"}, {"description": {"datatype": "http://www.w3.org/1999/02/22-rdf-syntax-ns#XMLLiteral", "fmType": "5", "fmId": "-1", "value": "This field contains the % of total census on Sundays for which this\rproduction diet is to be forecast.", "type": "typed-literal"}, "number": "10", "flags": "NJ5,1", "location": "0;2", "type": "2", "name": "sunday_census_percentage"}, {"description": {"datatype": "http://www.w3.org/1999/02/22-rdf-syntax-ns#XMLLiteral", "fmType": "5", "fmId": "-1", "value": "This field contains the % of total census on Mondays for which this\rproduction diet is to be forecast.", "type": "typed-literal"}, "number": "11", "flags": "NJ5,1", "location": "0;3", "type": "2", "name": "monday_census_percentage"}, {"description": {"datatype": "http://www.w3.org/1999/02/22-rdf-syntax-ns#XMLLiteral", "fmType": "5", "fmId": "-1", "value": "This field contains the % of total census on Tuesdays for which this\rproduction diet is to be forecast.", "type": "typed-literal"}, "number": "12", "flags": "NJ5,1", "location": "0;4", "type": "2", "name": "tuesday_census_percentage"}, {"description": {"datatype": "http://www.w3.org/1999/02/22-rdf-syntax-ns#XMLLiteral", "fmType": "5", "fmId": "-1", "value": "This field contains the % of total census on Wednesdays for which this\rproduction diet is to be forecast.", "type": "typed-literal"}, "number": "13", "flags": "NJ5,1", "location": "0;5", "type": "2", "name": "wednesday_census_percentage"}, {"description": {"datatype": "http://www.w3.org/1999/02/22-rdf-syntax-ns#XMLLiteral", "fmType": "5", "fmId": "-1", "value": "This field contains the % of total census on Thursdays for which this\rproduction diet is to be forecast.", "type": "typed-literal"}, "number": "14", "flags": "NJ5,1", "location": "0;6", "type": "2", "name": "thursday_census_percentage"}, {"description": {"datatype": "http://www.w3.org/1999/02/22-rdf-syntax-ns#XMLLiteral", "fmType": "5", "fmId": "-1", "value": "This field contains the % of total census on Fridays for which this\rproduction diet is to be forecast.", "type": "typed-literal"}, "number": "15", "flags": "NJ5,1", "location": "0;7", "type": "2", "name": "friday_census_percentage"}, {"description": {"datatype": "http://www.w3.org/1999/02/22-rdf-syntax-ns#XMLLiteral", "fmType": "5", "fmId": "-1", "value": "This field contains the % of total census on Saturdays for which this\rproduction diet is to be forecast.", "type": "typed-literal"}, "number": "16", "flags": "NJ5,1", "location": "0;8", "type": "2", "name": "saturday_census_percentage"}], "fmql": {"TYPELABEL": "PRODUCTION DIET PERCENTAGE", "TYPE": "119_7211", "OP": "DESCRIBE TYPE"}, "name": "PRODUCTION DIET PERCENTAGE", "parent": "119.72", "number": "119.7211"}