{"fields": [{"index": "B", "name": "package", "description": {"datatype": "http://www.w3.org/1999/02/22-rdf-syntax-ns#XMLLiteral", "fmType": "5", "fmId": "-1", "value": "The PACKAGE field is a pointer to the PACKAGE file.\rThis field is referenced by ^VSIT0.", "type": "typed-literal"}, "number": ".01", "flags": "MP9.4'", "location": "0;1", "type": "7", "details": "9.4"}, {"name": "active_flag", "description": {"datatype": "http://www.w3.org/1999/02/22-rdf-syntax-ns#XMLLiteral", "fmType": "5", "fmId": "-1", "value": "If a package is inactive enter \"Yes\" in this field, otherwise, the\rpackage will be considered active and a visit will be created.", "type": "typed-literal"}, "number": "4", "flags": "S", "details": "0:OFF;1:ON;", "type": "3", "location": "3;1"}], "fmql": {"TYPELABEL": "PACKAGE", "TYPE": "150_93", "OP": "DESCRIBE TYPE"}, "name": "PACKAGE", "parent": "150.9", "number": "150.93"}